event_id,source,source_event_id,tour,season,event_name,date_start,date_end,timezone,format,is_major,is_alternate_field,created_at_utc
event_0a5c8b6e255c,espn_kaggle,2001_2001-01-11_Touchstone Energy Tucson Open,PGA,2001,Touchstone Energy Tucson Open,2001-01-11,2001-01-14,,stroke_play,,,
event_e5d4b9d1c8f5,espn_kaggle,2001_2001-01-11_Mercedes Championships,PGA,2001,Mercedes Championships,2001-01-11,2001-01-14,,stroke_play,,,
event_bb1619587d56,espn_kaggle,2001_2001-01-18_Sony Open in Hawaii,PGA,2001,Sony Open in Hawaii,2001-01-18,2001-01-21,,stroke_play,,,
event_dc6483191fb8,espn_kaggle,2001_2001-01-25_Phoenix Open,PGA,2001,Phoenix Open,2001-01-25,2001-01-28,,stroke_play,,,
event_e5f20ec5bc45,espn_kaggle,2001_2001-02-01_AT&T Pebble Beach National Pro-Am,PGA,2001,AT&T Pebble Beach National Pro-Am,2001-02-01,2001-02-04,,stroke_play,,,
event_b497e0d6a86e,espn_kaggle,2001_2001-02-08_Buick Invitational,PGA,2001,Buick Invitational,2001-02-08,2001-02-11,,stroke_play,,,
event_5bd698d7c50f,espn_kaggle,2001_2001-02-14_Bob Hope Chrysler Classic,PGA,2001,Bob Hope Chrysler Classic,2001-02-14,2001-02-18,,stroke_play,,,
event_8e4a5e9d82a9,espn_kaggle,2001_2001-02-22_Nissan Open,PGA,2001,Nissan Open,2001-02-22,2001-02-25,,stroke_play,,,
event_2fefd7152b3b,espn_kaggle,2001_2001-03-01_Genuity Championship,PGA,2001,Genuity Championship,2001-03-01,2001-03-04,,stroke_play,,,
event_b4d8e97e70e7,espn_kaggle,2001_2001-03-08_Honda Classic,PGA,2001,Honda Classic,2001-03-08,2001-03-11,,stroke_play,,,
event_9a132930e511,espn_kaggle,2001_2001-03-15_Bay Hill Invitational,PGA,2001,Bay Hill Invitational,2001-03-15,2001-03-18,,stroke_play,,,
event_6ba349c1d525,espn_kaggle,2001_2001-03-22_THE PLAYERS Championship,PGA,2001,THE PLAYERS Championship,2001-03-22,2001-03-25,,stroke_play,,,
event_ab10d4f4e612,espn_kaggle,2001_2001-03-29_BellSouth Classic,PGA,2001,BellSouth Classic,2001-03-29,2001-04-01,,stroke_play,,,
event_ab9eaa0e3a4b,espn_kaggle,2001_2001-04-05_Masters Tournament,PGA,2001,Masters Tournament,2001-04-05,2001-04-08,,stroke_play,,,
event_a3d5a5b85aa4,espn_kaggle,2001_2001-04-12_WORLDCOM CLASSIC - The Heritage of Golf,PGA,2001,WORLDCOM CLASSIC - The Heritage of Golf,2001-04-12,2001-04-15,,stroke_play,,,
event_67f8966cf1ef,espn_kaggle,2001_2001-04-19_Shell Houston Open,PGA,2001,Shell Houston Open,2001-04-19,2001-04-22,,stroke_play,,,
event_87d5bcbc0f28,espn_kaggle,2001_2001-04-26_Greater Greensboro Chrysler Classic,PGA,2001,Greater Greensboro Chrysler Classic,2001-04-26,2001-04-29,,stroke_play,,,
event_0ac3db0753e4,espn_kaggle,2001_2001-05-03_Compaq Classic of New Orleans,PGA,2001,Compaq Classic of New Orleans,2001-05-03,2001-05-06,,stroke_play,,,
event_e933381d7e89,espn_kaggle,2001_2001-05-10_Verizon Byron Nelson Classic,PGA,2001,Verizon Byron Nelson Classic,2001-05-10,2001-05-13,,stroke_play,,,
event_438a85e3b292,espn_kaggle,2001_2001-05-17_MasterCard Colonial,PGA,2001,MasterCard Colonial,2001-05-17,2001-05-20,,stroke_play,,,
event_713994eaf049,espn_kaggle,2001_2001-05-24_Kemper Insurance Open,PGA,2001,Kemper Insurance Open,2001-05-24,2001-05-27,,stroke_play,,,
event_b92b075952d7,espn_kaggle,2001_2001-05-31_Memorial Tournament,PGA,2001,Memorial Tournament,2001-05-31,2001-06-03,,stroke_play,,,
event_7294e92e8131,espn_kaggle,2001_2001-06-07_FedEx St. Jude Classic,PGA,2001,FedEx St. Jude Classic,2001-06-07,2001-06-10,,stroke_play,,,
event_f1018e160ca5,espn_kaggle,2001_2001-06-14_U.S. Open Championship,PGA,2001,U.S. Open Championship,2001-06-14,2001-06-17,,stroke_play,,,
event_2d7f5ddbd195,espn_kaggle,2001_2001-06-21_Buick Classic,PGA,2001,Buick Classic,2001-06-21,2001-06-24,,stroke_play,,,
event_2a5b1c65a93d,espn_kaggle,2001_2001-06-28_Canon Greater Hartford Open,PGA,2001,Canon Greater Hartford Open,2001-06-28,2001-07-01,,stroke_play,,,
event_5dc7c11d14dd,espn_kaggle,2001_2001-07-05_Advil Western Open,PGA,2001,Advil Western Open,2001-07-05,2001-07-08,,stroke_play,,,
event_21dd3671c93f,espn_kaggle,2001_2001-07-12_Greater Milwaukee Open,PGA,2001,Greater Milwaukee Open,2001-07-12,2001-07-15,,stroke_play,,,
event_c90f23e9fc87,espn_kaggle,2001_2001-07-19_B.C. Open,PGA,2001,B.C. Open,2001-07-19,2001-07-22,,stroke_play,,,
event_fa84883db8d8,espn_kaggle,2001_2001-07-19_British Open Championship,PGA,2001,British Open Championship,2001-07-19,2001-07-22,,stroke_play,,,
event_8576960627c7,espn_kaggle,2001_2001-07-26_John Deere Classic,PGA,2001,John Deere Classic,2001-07-26,2001-07-29,,stroke_play,,,
event_e445156a07e8,espn_kaggle,2001_2001-08-09_Buick Open,PGA,2001,Buick Open,2001-08-09,2001-08-12,,stroke_play,,,
event_e01c36ded1e5,espn_kaggle,2001_2001-08-16_PGA Championship,PGA,2001,PGA Championship,2001-08-16,2001-08-19,,stroke_play,,,
event_1df55b6a1d99,espn_kaggle,2001_2001-08-23_Reno-Tahoe Open,PGA,2001,Reno-Tahoe Open,2001-08-23,2001-08-26,,stroke_play,,,
event_02ecfd19481f,espn_kaggle,2001_2001-08-23_WGC-NEC Invitational,PGA,2001,WGC-NEC Invitational,2001-08-23,2001-08-26,,stroke_play,,,
event_ab2b9a810b83,espn_kaggle,2001_2001-08-30_Air Canada Championship,PGA,2001,Air Canada Championship,2001-08-30,2001-09-02,,stroke_play,,,
event_4c9652285418,espn_kaggle,2001_2001-09-06_Bell Canadian Open,PGA,2001,Bell Canadian Open,2001-09-06,2001-09-09,,stroke_play,,,
event_7024ca3f3ed0,espn_kaggle,2001_2001-09-13_Tampa Bay Classic presented by Buick,PGA,2001,Tampa Bay Classic presented by Buick,2001-09-13,2001-09-16,,stroke_play,,,
event_29f1d0153a01,espn_kaggle,2001_2001-09-13_WGC-American Express Championship,PGA,2001,WGC-American Express Championship,2001-09-13,2001-09-16,,stroke_play,,,
event_02e9c1674fd3,espn_kaggle,2001_2001-09-20_Marconi Pennsylvania Classic,PGA,2001,Marconi Pennsylvania Classic,2001-09-20,2001-09-23,,stroke_play,,,
event_bf29fe44b7c9,espn_kaggle,2001_2001-09-27_Texas Open at LaCantera,PGA,2001,Texas Open at LaCantera,2001-09-27,2001-09-30,,stroke_play,,,
event_bf7808a4ca53,espn_kaggle,2001_2001-10-04_Michelob Championship at Kingsmill,PGA,2001,Michelob Championship at Kingsmill,2001-10-04,2001-10-07,,stroke_play,,,
event_b797a3764e8e,espn_kaggle,2001_2001-10-10_Invensys Classic at Las Vegas,PGA,2001,Invensys Classic at Las Vegas,2001-10-10,2001-10-14,,stroke_play,,,
event_4c349331b8b8,espn_kaggle,2001_2001-10-18_National Car Rental Golf Classic Disney,PGA,2001,National Car Rental Golf Classic Disney,2001-10-18,2001-10-21,,stroke_play,,,
event_961cfa7075c7,espn_kaggle,2001_2001-10-25_Buick Challenge,PGA,2001,Buick Challenge,2001-10-25,2001-10-28,,stroke_play,,,
event_087822d4d36f,espn_kaggle,2001_2001-11-01_Southern Farm Bureau Classic,PGA,2001,Southern Farm Bureau Classic,2001-11-01,2001-11-04,,stroke_play,,,
event_04b729a8d89d,espn_kaggle,2001_2001-11-01_THE TOUR Championship,PGA,2001,THE TOUR Championship,2001-11-01,2001-11-04,,stroke_play,,,
event_7ea1497133cc,espn_kaggle,2002_2002-01-03_Mercedes Championships,PGA,2002,Mercedes Championships,2002-01-03,2002-01-06,,stroke_play,,,
event_68704e7c41fd,espn_kaggle,2002_2002-01-10_Sony Open in Hawaii,PGA,2002,Sony Open in Hawaii,2002-01-10,2002-01-13,,stroke_play,,,
event_1f79f5601803,espn_kaggle,2002_2002-01-16_Bob Hope Chrysler Classic,PGA,2002,Bob Hope Chrysler Classic,2002-01-16,2002-01-20,,stroke_play,,,
event_488d077d0183,espn_kaggle,2002_2002-01-24_Phoenix Open,PGA,2002,Phoenix Open,2002-01-24,2002-01-27,,stroke_play,,,
event_dd76b125025e,espn_kaggle,2002_2002-01-31_AT&T Pebble Beach National Pro-Am,PGA,2002,AT&T Pebble Beach National Pro-Am,2002-01-31,2002-02-03,,stroke_play,,,
event_a7763888d5cf,espn_kaggle,2002_2002-02-07_Buick Invitational,PGA,2002,Buick Invitational,2002-02-07,2002-02-10,,stroke_play,,,
event_70482951b933,espn_kaggle,2002_2002-02-14_Nissan Open,PGA,2002,Nissan Open,2002-02-14,2002-02-17,,stroke_play,,,
event_97b7f1182dd0,espn_kaggle,2002_2002-02-21_Touchstone Energy Tucson Open,PGA,2002,Touchstone Energy Tucson Open,2002-02-21,2002-02-24,,stroke_play,,,
event_f4d64bac0e51,espn_kaggle,2002_2002-02-28_Genuity Championship,PGA,2002,Genuity Championship,2002-02-28,2002-03-03,,stroke_play,,,
event_9a6c90b3a0a5,espn_kaggle,2002_2002-03-07_The Honda Classic,PGA,2002,The Honda Classic,2002-03-07,2002-03-10,,stroke_play,,,
event_1f20a3bd84c1,espn_kaggle,2002_2002-03-14_Bay Hill Invitational presented by Cooper Tires,PGA,2002,Bay Hill Invitational presented by Cooper Tires,2002-03-14,2002-03-17,,stroke_play,,,
event_95a6312502d3,espn_kaggle,2002_2002-03-21_THE PLAYERS Championship,PGA,2002,THE PLAYERS Championship,2002-03-21,2002-03-24,,stroke_play,,,
event_4c6c71dfa6b2,espn_kaggle,2002_2002-03-28_Shell Houston Open,PGA,2002,Shell Houston Open,2002-03-28,2002-03-31,,stroke_play,,,
event_fec53a486a35,espn_kaggle,2002_2002-04-04_BellSouth Classic,PGA,2002,BellSouth Classic,2002-04-04,2002-04-07,,stroke_play,,,
event_00188e6e3f8a,espn_kaggle,2002_2002-04-11_Masters Tournament,PGA,2002,Masters Tournament,2002-04-11,2002-04-14,,stroke_play,,,
event_b999d9de68f8,espn_kaggle,2002_2002-04-18_WORLDCOM CLASSIC - The Heritage of Golf,PGA,2002,WORLDCOM CLASSIC - The Heritage of Golf,2002-04-18,2002-04-21,,stroke_play,,,
event_e0f59a279dce,espn_kaggle,2002_2002-04-25_Greater Greensboro Chrysler Classic,PGA,2002,Greater Greensboro Chrysler Classic,2002-04-25,2002-04-28,,stroke_play,,,
event_4a3e339e6bca,espn_kaggle,2002_2002-05-02_Compaq Classic of New Orleans,PGA,2002,Compaq Classic of New Orleans,2002-05-02,2002-05-05,,stroke_play,,,
event_3e88f8bd83c0,espn_kaggle,2002_2002-05-09_Verizon Byron Nelson Classic,PGA,2002,Verizon Byron Nelson Classic,2002-05-09,2002-05-12,,stroke_play,,,
event_144a3b614f04,espn_kaggle,2002_2002-05-16_MasterCard Colonial,PGA,2002,MasterCard Colonial,2002-05-16,2002-05-19,,stroke_play,,,
event_25a0e1dc8237,espn_kaggle,2002_2002-05-23_Memorial Tournament,PGA,2002,Memorial Tournament,2002-05-23,2002-05-26,,stroke_play,,,
event_281a77d65ef1,espn_kaggle,2002_2002-05-30_Kemper Insurance Open,PGA,2002,Kemper Insurance Open,2002-05-30,2002-06-02,,stroke_play,,,
event_f425fc038365,espn_kaggle,2002_2002-06-06_Buick Classic,PGA,2002,Buick Classic,2002-06-06,2002-06-09,,stroke_play,,,
event_e82bb3bbe821,espn_kaggle,2002_2002-06-13_U.S. Open Championship,PGA,2002,U.S. Open Championship,2002-06-13,2002-06-16,,stroke_play,,,
event_3d96ea6ec7d8,espn_kaggle,2002_2002-06-20_Canon Greater Hartford Open,PGA,2002,Canon Greater Hartford Open,2002-06-20,2002-06-23,,stroke_play,,,
event_00705b8bd15d,espn_kaggle,2002_2002-06-27_FedEx St. Jude Classic,PGA,2002,FedEx St. Jude Classic,2002-06-27,2002-06-30,,stroke_play,,,
event_d5b77625a714,espn_kaggle,2002_2002-07-04_Advil Western Open,PGA,2002,Advil Western Open,2002-07-04,2002-07-07,,stroke_play,,,
event_c1eb3fca1c1c,espn_kaggle,2002_2002-07-11_Greater Milwaukee Open,PGA,2002,Greater Milwaukee Open,2002-07-11,2002-07-14,,stroke_play,,,
event_21a3f4cbf7b1,espn_kaggle,2002_2002-07-18_B.C. Open,PGA,2002,B.C. Open,2002-07-18,2002-07-21,,stroke_play,,,
event_bd4fe033a51c,espn_kaggle,2002_2002-07-18_British Open Championship,PGA,2002,British Open Championship,2002-07-18,2002-07-21,,stroke_play,,,
event_fab2d4d3ae99,espn_kaggle,2002_2002-07-25_John Deere Classic,PGA,2002,John Deere Classic,2002-07-25,2002-07-28,,stroke_play,,,
event_249006100b69,espn_kaggle,2002_2002-08-08_Buick Open,PGA,2002,Buick Open,2002-08-08,2002-08-11,,stroke_play,,,
event_7487068a8664,espn_kaggle,2002_2002-08-15_PGA Championship,PGA,2002,PGA Championship,2002-08-15,2002-08-18,,stroke_play,,,
event_4abbe291789f,espn_kaggle,2002_2002-08-22_Reno-Tahoe Open,PGA,2002,Reno-Tahoe Open,2002-08-22,2002-08-25,,stroke_play,,,
event_cf8896351e39,espn_kaggle,2002_2002-08-22_WGC-NEC Invitational,PGA,2002,WGC-NEC Invitational,2002-08-22,2002-08-25,,stroke_play,,,
event_be14b324326a,espn_kaggle,2002_2002-08-29_Air Canada Championship,PGA,2002,Air Canada Championship,2002-08-29,2002-09-01,,stroke_play,,,
event_e1e0113d7358,espn_kaggle,2002_2002-09-05_Bell Canadian Open,PGA,2002,Bell Canadian Open,2002-09-05,2002-09-08,,stroke_play,,,
event_9ee354673a00,espn_kaggle,2002_2002-09-12_SEI Pennsylvania Classic,PGA,2002,SEI Pennsylvania Classic,2002-09-12,2002-09-15,,stroke_play,,,
event_003f8a111699,espn_kaggle,2002_2002-09-19_Tampa Bay Classic presented by Buick,PGA,2002,Tampa Bay Classic presented by Buick,2002-09-19,2002-09-22,,stroke_play,,,
event_6bdfd87a4cae,espn_kaggle,2002_2002-09-19_WGC-American Express Championship,PGA,2002,WGC-American Express Championship,2002-09-19,2002-09-22,,stroke_play,,,
event_812430eb209d,espn_kaggle,2002_2002-09-26_Valero Texas Open,PGA,2002,Valero Texas Open,2002-09-26,2002-09-29,,stroke_play,,,
event_b242d8e0a471,espn_kaggle,2002_2002-10-03_Michelob Championship at Kingsmill,PGA,2002,Michelob Championship at Kingsmill,2002-10-03,2002-10-06,,stroke_play,,,
event_29f8725d44fd,espn_kaggle,2002_2002-10-09_Invensys Classic at Las Vegas,PGA,2002,Invensys Classic at Las Vegas,2002-10-09,2002-10-13,,stroke_play,,,
event_e672c114c5cf,espn_kaggle,2002_2002-10-17_Disney Golf Classic,PGA,2002,Disney Golf Classic,2002-10-17,2002-10-20,,stroke_play,,,
event_4ef6dfdfe3a9,espn_kaggle,2002_2002-10-24_Buick Challenge,PGA,2002,Buick Challenge,2002-10-24,2002-10-27,,stroke_play,,,
event_fe71892043f1,espn_kaggle,2002_2002-10-31_Southern Farm Bureau Classic,PGA,2002,Southern Farm Bureau Classic,2002-10-31,2002-11-03,,stroke_play,,,
event_9e6cb1aafa0f,espn_kaggle,2002_2002-10-31_THE TOUR Championship presented by Coca-Cola,PGA,2002,THE TOUR Championship presented by Coca-Cola,2002-10-31,2002-11-03,,stroke_play,,,
event_66cad8e270f8,espn_kaggle,2003_2003-01-09_Mercedes Championships,PGA,2003,Mercedes Championships,2003-01-09,2003-01-12,,stroke_play,,,
event_7d38dbe9dcc8,espn_kaggle,2003_2003-01-16_Sony Open in Hawaii,PGA,2003,Sony Open in Hawaii,2003-01-16,2003-01-19,,stroke_play,,,
event_d064cbc1ce76,espn_kaggle,2003_2003-01-23_Phoenix Open,PGA,2003,Phoenix Open,2003-01-23,2003-01-26,,stroke_play,,,
event_a74e44996d5d,espn_kaggle,2003_2003-01-29_Bob Hope Chrysler Classic,PGA,2003,Bob Hope Chrysler Classic,2003-01-29,2003-02-02,,stroke_play,,,
event_317cb4595efc,espn_kaggle,2003_2003-02-06_AT&T Pebble Beach National Pro-Am,PGA,2003,AT&T Pebble Beach National Pro-Am,2003-02-06,2003-02-09,,stroke_play,,,
event_599d4f8d6840,espn_kaggle,2003_2003-02-13_Buick Invitational,PGA,2003,Buick Invitational,2003-02-13,2003-02-16,,stroke_play,,,
event_36f4b434a495,espn_kaggle,2003_2003-02-20_Nissan Open,PGA,2003,Nissan Open,2003-02-20,2003-02-23,,stroke_play,,,
event_4234fe70d4eb,espn_kaggle,2003_2003-02-27_Chrysler Classic of Tucson,PGA,2003,Chrysler Classic of Tucson,2003-02-27,2003-03-02,,stroke_play,,,
event_cb2ed793a0cd,espn_kaggle,2003_2003-03-06_Ford Championship at Doral,PGA,2003,Ford Championship at Doral,2003-03-06,2003-03-09,,stroke_play,,,
event_70da7f0ed5d6,espn_kaggle,2003_2003-03-13_The Honda Classic,PGA,2003,The Honda Classic,2003-03-13,2003-03-16,,stroke_play,,,
event_1808553d5fc6,espn_kaggle,2003_2003-03-20_Bay Hill Invitational presented by Cooper Tires,PGA,2003,Bay Hill Invitational presented by Cooper Tires,2003-03-20,2003-03-23,,stroke_play,,,
event_68a47f75b68d,espn_kaggle,2003_2003-03-27_THE PLAYERS Championship,PGA,2003,THE PLAYERS Championship,2003-03-27,2003-03-30,,stroke_play,,,
event_cfe9e0290f68,espn_kaggle,2003_2003-04-03_BellSouth Classic,PGA,2003,BellSouth Classic,2003-04-03,2003-04-06,,stroke_play,,,
event_2a29068bf55b,espn_kaggle,2003_2003-04-10_Masters Tournament,PGA,2003,Masters Tournament,2003-04-10,2003-04-13,,stroke_play,,,
event_777d3a9e91ba,espn_kaggle,2003_2003-04-17_MCI Heritage,PGA,2003,MCI Heritage,2003-04-17,2003-04-20,,stroke_play,,,
event_e44a02fe66b9,espn_kaggle,2003_2003-04-24_Shell Houston Open,PGA,2003,Shell Houston Open,2003-04-24,2003-04-27,,stroke_play,,,
event_cfce764bbf8c,espn_kaggle,2003_2003-05-01_HP Classic of New Orleans,PGA,2003,HP Classic of New Orleans,2003-05-01,2003-05-04,,stroke_play,,,
event_79fd80257ce2,espn_kaggle,2003_2003-05-08_Wachovia Championship,PGA,2003,Wachovia Championship,2003-05-08,2003-05-11,,stroke_play,,,
event_ad5911c53748,espn_kaggle,2003_2003-05-15_EDS Byron Nelson Championship,PGA,2003,EDS Byron Nelson Championship,2003-05-15,2003-05-18,,stroke_play,,,
event_41740106ee25,espn_kaggle,2003_2003-05-22_Bank of America Colonial,PGA,2003,Bank of America Colonial,2003-05-22,2003-05-25,,stroke_play,,,
event_6856f34923a2,espn_kaggle,2003_2003-05-29_the Memorial Tournament,PGA,2003,the Memorial Tournament,2003-05-29,2003-06-01,,stroke_play,,,
event_5cbfa0b3ac69,espn_kaggle,2003_2003-06-05_FBR Capital Open,PGA,2003,FBR Capital Open,2003-06-05,2003-06-08,,stroke_play,,,
event_2769aad94e53,espn_kaggle,2003_2003-06-12_U.S. Open Championship,PGA,2003,U.S. Open Championship,2003-06-12,2003-06-15,,stroke_play,,,
event_046a5597952b,espn_kaggle,2003_2003-06-19_Buick Classic,PGA,2003,Buick Classic,2003-06-19,2003-06-22,,stroke_play,,,
event_98d2b4468d55,espn_kaggle,2003_2003-06-26_FedEx St. Jude Classic,PGA,2003,FedEx St. Jude Classic,2003-06-26,2003-06-29,,stroke_play,,,
event_b29b02dd25a4,espn_kaggle,2003_2003-07-03_100th Western Open presented by Golf Digest,PGA,2003,100th Western Open presented by Golf Digest,2003-07-03,2003-07-06,,stroke_play,,,
event_210cf0f51240,espn_kaggle,2003_2003-07-10_Greater Milwaukee Open,PGA,2003,Greater Milwaukee Open,2003-07-10,2003-07-13,,stroke_play,,,
event_ce800b3bb6e7,espn_kaggle,2003_2003-07-17_B.C. Open,PGA,2003,B.C. Open,2003-07-17,2003-07-20,,stroke_play,,,
event_ce34a96f97eb,espn_kaggle,2003_2003-07-17_British Open Championship,PGA,2003,British Open Championship,2003-07-17,2003-07-20,,stroke_play,,,
event_41bb6de0e594,espn_kaggle,2003_2003-07-24_Greater Hartford Open,PGA,2003,Greater Hartford Open,2003-07-24,2003-07-27,,stroke_play,,,
event_093ed377976f,espn_kaggle,2003_2003-07-31_Buick Open,PGA,2003,Buick Open,2003-07-31,2003-08-03,,stroke_play,,,
event_fcddc52fd60b,espn_kaggle,2003_2003-08-14_PGA Championship,PGA,2003,PGA Championship,2003-08-14,2003-08-17,,stroke_play,,,
event_2af6552bbdd0,espn_kaggle,2003_2003-08-21_Reno Tahoe Open,PGA,2003,Reno Tahoe Open,2003-08-21,2003-08-24,,stroke_play,,,
event_88d669385a0d,espn_kaggle,2003_2003-08-21_WGC-NEC Invitational,PGA,2003,WGC-NEC Invitational,2003-08-21,2003-08-24,,stroke_play,,,
event_328a23d63ba9,espn_kaggle,2003_2003-08-29_Deutsche Bank Championship,PGA,2003,Deutsche Bank Championship,2003-08-29,2003-09-01,,stroke_play,,,
event_8d214000e156,espn_kaggle,2003_2003-09-04_Bell Canadian Open,PGA,2003,Bell Canadian Open,2003-09-04,2003-09-07,,stroke_play,,,
event_0c45854e951f,espn_kaggle,2003_2003-09-11_John Deere Classic,PGA,2003,John Deere Classic,2003-09-11,2003-09-14,,stroke_play,,,
event_dfa1f054f342,espn_kaggle,2003_2003-09-18_84 Lumber Classic of Pennsylvania,PGA,2003,84 Lumber Classic of Pennsylvania,2003-09-18,2003-09-21,,stroke_play,,,
event_f365b8e151fb,espn_kaggle,2003_2003-09-25_Valero Texas Open,PGA,2003,Valero Texas Open,2003-09-25,2003-09-28,,stroke_play,,,
event_c47178b3a4d2,espn_kaggle,2003_2003-10-02_Southern Farm Bureau Classic,PGA,2003,Southern Farm Bureau Classic,2003-10-02,2003-10-05,,stroke_play,,,
event_0f97ee4a6dc4,espn_kaggle,2003_2003-10-02_WGC-American Express Championship,PGA,2003,WGC-American Express Championship,2003-10-02,2003-10-05,,stroke_play,,,
event_d5dcc3d20dcb,espn_kaggle,2003_2003-10-08_Las Vegas Invitational,PGA,2003,Las Vegas Invitational,2003-10-08,2003-10-12,,stroke_play,,,
event_b05e3829a2d7,espn_kaggle,2003_2003-10-16_Chrysler Classic of Greensboro,PGA,2003,Chrysler Classic of Greensboro,2003-10-16,2003-10-19,,stroke_play,,,
event_98bbba1d2a39,espn_kaggle,2003_2003-10-23_FUNAI Classic at the WALT DISNEY WORLD Resort,PGA,2003,FUNAI Classic at the WALT DISNEY WORLD Resort,2003-10-23,2003-10-26,,stroke_play,,,
event_fee88de52454,espn_kaggle,2003_2003-10-30_Chrysler Championship,PGA,2003,Chrysler Championship,2003-10-30,2003-11-02,,stroke_play,,,
event_30d2af07f44a,espn_kaggle,2003_2003-11-06_THE TOUR Championship presented by Coca-Cola,PGA,2003,THE TOUR Championship presented by Coca-Cola,2003-11-06,2003-11-09,,stroke_play,,,
event_443a08ddfe43,espn_kaggle,2004_2004-01-08_Mercedes Championships,PGA,2004,Mercedes Championships,2004-01-08,2004-01-11,,stroke_play,,,
event_8686c97451a1,espn_kaggle,2004_2004-01-15_Sony Open in Hawaii,PGA,2004,Sony Open in Hawaii,2004-01-15,2004-01-18,,stroke_play,,,
event_71207e482b4f,espn_kaggle,2004_2004-01-21_Bob Hope Chrysler Classic,PGA,2004,Bob Hope Chrysler Classic,2004-01-21,2004-01-25,,stroke_play,,,
event_2efc932de31a,espn_kaggle,2004_2004-01-29_FBR Open,PGA,2004,FBR Open,2004-01-29,2004-02-01,,stroke_play,,,
event_405f0a8ce412,espn_kaggle,2004_2004-02-05_AT&T Pebble Beach National Pro-Am,PGA,2004,AT&T Pebble Beach National Pro-Am,2004-02-05,2004-02-08,,stroke_play,,,
event_1289bdaa0fe4,espn_kaggle,2004_2004-02-12_Buick Invitational,PGA,2004,Buick Invitational,2004-02-12,2004-02-15,,stroke_play,,,
event_bdaf94a27d06,espn_kaggle,2004_2004-02-19_Nissan Open,PGA,2004,Nissan Open,2004-02-19,2004-02-22,,stroke_play,,,
event_1101d1f760fa,espn_kaggle,2004_2004-02-26_Chrysler Classic of Tucson,PGA,2004,Chrysler Classic of Tucson,2004-02-26,2004-02-29,,stroke_play,,,
event_c7ccdd218b75,espn_kaggle,2004_2004-03-04_Ford Championship at Doral,PGA,2004,Ford Championship at Doral,2004-03-04,2004-03-07,,stroke_play,,,
event_3ed22e1fe851,espn_kaggle,2004_2004-03-11_The Honda Classic,PGA,2004,The Honda Classic,2004-03-11,2004-03-14,,stroke_play,,,
event_92452045fe33,espn_kaggle,2004_2004-03-18_Bay Hill Invitational Presented by MasterCard,PGA,2004,Bay Hill Invitational Presented by MasterCard,2004-03-18,2004-03-21,,stroke_play,,,
event_b42420e19cd7,espn_kaggle,2004_2004-03-25_THE PLAYERS Championship,PGA,2004,THE PLAYERS Championship,2004-03-25,2004-03-28,,stroke_play,,,
event_86ccab1f9ba2,espn_kaggle,2004_2004-04-01_BellSouth Classic,PGA,2004,BellSouth Classic,2004-04-01,2004-04-04,,stroke_play,,,
event_4ee9a465b42a,espn_kaggle,2004_2004-04-08_Masters Tournament,PGA,2004,Masters Tournament,2004-04-08,2004-04-11,,stroke_play,,,
event_88f979aab66e,espn_kaggle,2004_2004-04-15_MCI Heritage,PGA,2004,MCI Heritage,2004-04-15,2004-04-18,,stroke_play,,,
event_cb2c6d7c38a8,espn_kaggle,2004_2004-04-22_Shell Houston Open,PGA,2004,Shell Houston Open,2004-04-22,2004-04-25,,stroke_play,,,
event_a3848a8bdbe6,espn_kaggle,2004_2004-04-29_HP Classic of New Orleans,PGA,2004,HP Classic of New Orleans,2004-04-29,2004-05-02,,stroke_play,,,
event_361014eb42f9,espn_kaggle,2004_2004-05-06_Wachovia Championship,PGA,2004,Wachovia Championship,2004-05-06,2004-05-09,,stroke_play,,,
event_c3de2515e99f,espn_kaggle,2004_2004-05-13_EDS Byron Nelson Championship,PGA,2004,EDS Byron Nelson Championship,2004-05-13,2004-05-16,,stroke_play,,,
event_56ae4b6e264f,espn_kaggle,2004_2004-05-20_Bank of America Colonial,PGA,2004,Bank of America Colonial,2004-05-20,2004-05-23,,stroke_play,,,
event_42bd59b5e45c,espn_kaggle,2004_2004-05-27_FedEx St. Jude Classic,PGA,2004,FedEx St. Jude Classic,2004-05-27,2004-05-30,,stroke_play,,,
event_daea846a04de,espn_kaggle,2004_2004-06-03_the Memorial Tournament,PGA,2004,the Memorial Tournament,2004-06-03,2004-06-06,,stroke_play,,,
event_1ebb82bca63d,espn_kaggle,2004_2004-06-10_Buick Classic,PGA,2004,Buick Classic,2004-06-10,2004-06-13,,stroke_play,,,
event_500c12f3f1d0,espn_kaggle,2004_2004-06-17_U.S. Open Championship,PGA,2004,U.S. Open Championship,2004-06-17,2004-06-20,,stroke_play,,,
event_5488128449b2,espn_kaggle,2004_2004-06-24_Booz Allen Classic,PGA,2004,Booz Allen Classic,2004-06-24,2004-06-27,,stroke_play,,,
event_99528b828a9c,espn_kaggle,2004_2004-07-01_Cialis Western Open,PGA,2004,Cialis Western Open,2004-07-01,2004-07-04,,stroke_play,,,
event_0784dee67426,espn_kaggle,2004_2004-07-08_John Deere Classic,PGA,2004,John Deere Classic,2004-07-08,2004-07-11,,stroke_play,,,
event_7e282792dd4e,espn_kaggle,2004_2004-07-15_British Open Championship,PGA,2004,British Open Championship,2004-07-15,2004-07-18,,stroke_play,,,
event_55549901f19d,espn_kaggle,2004_2004-07-15_B.C. Open,PGA,2004,B.C. Open,2004-07-15,2004-07-18,,stroke_play,,,
event_cf6ac9c5a535,espn_kaggle,2004_2004-07-22_U.S. Bank Championship in Milwaukee,PGA,2004,U.S. Bank Championship in Milwaukee,2004-07-22,2004-07-25,,stroke_play,,,
event_1d10fa041825,espn_kaggle,2004_2004-07-29_Buick Open,PGA,2004,Buick Open,2004-07-29,2004-08-01,,stroke_play,,,
event_f84c8daf24ce,espn_kaggle,2004_2004-08-12_PGA Championship,PGA,2004,PGA Championship,2004-08-12,2004-08-15,,stroke_play,,,
event_a117de8eea6f,espn_kaggle,2004_2004-08-19_WGC-NEC Invitational,PGA,2004,WGC-NEC Invitational,2004-08-19,2004-08-22,,stroke_play,,,
event_c4a2e4c07fed,espn_kaggle,2004_2004-08-19_Reno-Tahoe Open,PGA,2004,Reno-Tahoe Open,2004-08-19,2004-08-22,,stroke_play,,,
event_5d768f269181,espn_kaggle,2004_2004-08-26_Buick Championship,PGA,2004,Buick Championship,2004-08-26,2004-08-29,,stroke_play,,,
event_184251f7b639,espn_kaggle,2004_2004-09-03_Deutsche Bank Championship,PGA,2004,Deutsche Bank Championship,2004-09-03,2004-09-06,,stroke_play,,,
event_2eb3f017ad84,espn_kaggle,2004_2004-09-09_Bell Canadian Open,PGA,2004,Bell Canadian Open,2004-09-09,2004-09-12,,stroke_play,,,
event_3e0ed5b10c2e,espn_kaggle,2004_2004-09-16_Valero Texas Open,PGA,2004,Valero Texas Open,2004-09-16,2004-09-19,,stroke_play,,,
event_7754052262f0,espn_kaggle,2004_2004-09-23_84 LUMBER Classic,PGA,2004,84 LUMBER Classic,2004-09-23,2004-09-26,,stroke_play,,,
event_803bfee657ff,espn_kaggle,2004_2004-09-30_WGC-American Express Championship,PGA,2004,WGC-American Express Championship,2004-09-30,2004-10-03,,stroke_play,,,
event_c05d93a3057a,espn_kaggle,2004_2004-09-30_Southern Farm Bureau Classic,PGA,2004,Southern Farm Bureau Classic,2004-09-30,2004-10-03,,stroke_play,,,
event_3eef749f7570,espn_kaggle,2004_2004-10-07_Michelin Championship at Las Vegas,PGA,2004,Michelin Championship at Las Vegas,2004-10-07,2004-10-10,,stroke_play,,,
event_1846c0a88660,espn_kaggle,2004_2004-10-14_Chrysler Classic of Greensboro,PGA,2004,Chrysler Classic of Greensboro,2004-10-14,2004-10-17,,stroke_play,,,
event_a5f746f7061c,espn_kaggle,2004_2004-10-21_FUNAI Classic at the WALT DISNEY WORLD Resort,PGA,2004,FUNAI Classic at the WALT DISNEY WORLD Resort,2004-10-21,2004-10-24,,stroke_play,,,
event_ad4afe8c6278,espn_kaggle,2004_2004-10-28_Chrysler Championship,PGA,2004,Chrysler Championship,2004-10-28,2004-10-31,,stroke_play,,,
event_f5109c4ea00f,espn_kaggle,2004_2004-11-04_THE TOUR Championship presented by Coca-Cola,PGA,2004,THE TOUR Championship presented by Coca-Cola,2004-11-04,2004-11-07,,stroke_play,,,
event_1631682b855f,espn_kaggle,2005_2005-01-06_Mercedes Championships,PGA,2005,Mercedes Championships,2005-01-06,2005-01-09,,stroke_play,,,
event_8feb5f1c6c79,espn_kaggle,2005_2005-01-13_Sony Open in Hawaii,PGA,2005,Sony Open in Hawaii,2005-01-13,2005-01-16,,stroke_play,,,
event_72ca3ca45d89,espn_kaggle,2005_2005-01-20_Buick Invitational,PGA,2005,Buick Invitational,2005-01-20,2005-01-23,,stroke_play,,,
event_cdf6b5270668,espn_kaggle,2005_2005-01-26_Bob Hope Chrysler Classic,PGA,2005,Bob Hope Chrysler Classic,2005-01-26,2005-01-30,,stroke_play,,,
event_c12b7b7cb184,espn_kaggle,2005_2005-02-03_FBR Open,PGA,2005,FBR Open,2005-02-03,2005-02-06,,stroke_play,,,
event_6141546d3e26,espn_kaggle,2005_2005-02-10_AT&T Pebble Beach National Pro-Am,PGA,2005,AT&T Pebble Beach National Pro-Am,2005-02-10,2005-02-13,,stroke_play,,,
event_c178f1fa6d94,espn_kaggle,2005_2005-02-17_Nissan Open,PGA,2005,Nissan Open,2005-02-17,2005-02-20,,stroke_play,,,
event_ac8a0a562a2c,espn_kaggle,2005_2005-02-24_Chrysler Classic of Tucson,PGA,2005,Chrysler Classic of Tucson,2005-02-24,2005-02-27,,stroke_play,,,
event_a35527a2f789,espn_kaggle,2005_2005-03-03_Ford Championship at Doral,PGA,2005,Ford Championship at Doral,2005-03-03,2005-03-06,,stroke_play,,,
event_f16a46cae394,espn_kaggle,2005_2005-03-10_The Honda Classic,PGA,2005,The Honda Classic,2005-03-10,2005-03-13,,stroke_play,,,
event_6ea53c549d1d,espn_kaggle,2005_2005-03-17_Bay Hill Invitational Presented by MasterCard,PGA,2005,Bay Hill Invitational Presented by MasterCard,2005-03-17,2005-03-20,,stroke_play,,,
event_e74967af36b6,espn_kaggle,2005_2005-03-24_THE PLAYERS Championship,PGA,2005,THE PLAYERS Championship,2005-03-24,2005-03-27,,stroke_play,,,
event_300e49fc0d0e,espn_kaggle,2005_2005-03-31_BellSouth Classic,PGA,2005,BellSouth Classic,2005-03-31,2005-04-03,,stroke_play,,,
event_69c91f58b1d2,espn_kaggle,2005_2005-04-07_Masters Tournament,PGA,2005,Masters Tournament,2005-04-07,2005-04-10,,stroke_play,,,
event_e729a507cac8,espn_kaggle,2005_2005-04-14_MCI Heritage,PGA,2005,MCI Heritage,2005-04-14,2005-04-17,,stroke_play,,,
event_709227b5337d,espn_kaggle,2005_2005-04-21_Shell Houston Open,PGA,2005,Shell Houston Open,2005-04-21,2005-04-24,,stroke_play,,,
event_894a50f7e72b,espn_kaggle,2005_2005-04-28_Zurich Classic of New Orleans,PGA,2005,Zurich Classic of New Orleans,2005-04-28,2005-05-01,,stroke_play,,,
event_1cecaf4daf8c,espn_kaggle,2005_2005-05-05_Wachovia Championship,PGA,2005,Wachovia Championship,2005-05-05,2005-05-08,,stroke_play,,,
event_8a1f49135fad,espn_kaggle,2005_2005-05-12_EDS Byron Nelson Championship,PGA,2005,EDS Byron Nelson Championship,2005-05-12,2005-05-15,,stroke_play,,,
event_22005abf7bc4,espn_kaggle,2005_2005-05-19_Bank of America Colonial,PGA,2005,Bank of America Colonial,2005-05-19,2005-05-22,,stroke_play,,,
event_d541434dfcb5,espn_kaggle,2005_2005-05-26_FedEx St. Jude Classic,PGA,2005,FedEx St. Jude Classic,2005-05-26,2005-05-29,,stroke_play,,,
event_5ed9269d2936,espn_kaggle,2005_2005-06-02_the Memorial Tournament,PGA,2005,the Memorial Tournament,2005-06-02,2005-06-05,,stroke_play,,,
event_ad318fa9633f,espn_kaggle,2005_2005-06-09_Booz Allen Classic,PGA,2005,Booz Allen Classic,2005-06-09,2005-06-12,,stroke_play,,,
event_40c4255d6a4a,espn_kaggle,2005_2005-06-16_U.S. Open Championship,PGA,2005,U.S. Open Championship,2005-06-16,2005-06-19,,stroke_play,,,
event_19621953d881,espn_kaggle,2005_2005-06-23_Barclays Classic,PGA,2005,Barclays Classic,2005-06-23,2005-06-26,,stroke_play,,,
event_e2828cb92794,espn_kaggle,2005_2005-06-30_Cialis Western Open,PGA,2005,Cialis Western Open,2005-06-30,2005-07-03,,stroke_play,,,
event_2c185c85bc4d,espn_kaggle,2005_2005-07-07_John Deere Classic,PGA,2005,John Deere Classic,2005-07-07,2005-07-10,,stroke_play,,,
event_a8ba5f1bff29,espn_kaggle,2005_2005-07-14_B.C. Open,PGA,2005,B.C. Open,2005-07-14,2005-07-17,,stroke_play,,,
event_cf41e1c6e3b2,espn_kaggle,2005_2005-07-14_British Open Championship,PGA,2005,British Open Championship,2005-07-14,2005-07-17,,stroke_play,,,
event_94d151a92bca,espn_kaggle,2005_2005-07-21_U.S. Bank Championship in Milwaukee,PGA,2005,U.S. Bank Championship in Milwaukee,2005-07-21,2005-07-24,,stroke_play,,,
event_020542fcdbdd,espn_kaggle,2005_2005-07-28_Buick Open,PGA,2005,Buick Open,2005-07-28,2005-07-31,,stroke_play,,,
event_e57b9240d541,espn_kaggle,2005_2005-08-11_PGA Championship,PGA,2005,PGA Championship,2005-08-11,2005-08-14,,stroke_play,,,
event_5201f5667602,espn_kaggle,2005_2005-08-18_WGC-NEC Invitational,PGA,2005,WGC-NEC Invitational,2005-08-18,2005-08-21,,stroke_play,,,
event_f778ce5d5155,espn_kaggle,2005_2005-08-18_Reno-Tahoe Open,PGA,2005,Reno-Tahoe Open,2005-08-18,2005-08-21,,stroke_play,,,
event_8ed518402602,espn_kaggle,2005_2005-08-25_Buick Championship,PGA,2005,Buick Championship,2005-08-25,2005-08-28,,stroke_play,,,
event_8bd26263a564,espn_kaggle,2005_2005-09-02_Deutsche Bank Championship,PGA,2005,Deutsche Bank Championship,2005-09-02,2005-09-05,,stroke_play,,,
event_9b2164bc31aa,espn_kaggle,2005_2005-09-08_Bell Canadian Open,PGA,2005,Bell Canadian Open,2005-09-08,2005-09-11,,stroke_play,,,
event_bea1a84b5c1f,espn_kaggle,2005_2005-09-15_84 LUMBER Classic,PGA,2005,84 LUMBER Classic,2005-09-15,2005-09-18,,stroke_play,,,
event_428ddba49c04,espn_kaggle,2005_2005-09-22_Valero Texas Open,PGA,2005,Valero Texas Open,2005-09-22,2005-09-25,,stroke_play,,,
event_b4e0b5835ac1,espn_kaggle,2005_2005-09-29_Chrysler Classic of Greensboro,PGA,2005,Chrysler Classic of Greensboro,2005-09-29,2005-10-02,,stroke_play,,,
event_b9482db01c3d,espn_kaggle,2005_2005-10-06_WGC-American Express Championship,PGA,2005,WGC-American Express Championship,2005-10-06,2005-10-09,,stroke_play,,,
event_c0442c87ad5d,espn_kaggle,2005_2005-10-13_Michelin Championship at Las Vegas,PGA,2005,Michelin Championship at Las Vegas,2005-10-13,2005-10-16,,stroke_play,,,
event_673bd2cd4d95,espn_kaggle,2005_2005-10-20_FUNAI Classic at the WALT DISNEY WORLD Resort,PGA,2005,FUNAI Classic at the WALT DISNEY WORLD Resort,2005-10-20,2005-10-23,,stroke_play,,,
event_931bf5dcf378,espn_kaggle,2005_2005-10-27_Chrysler Championship,PGA,2005,Chrysler Championship,2005-10-27,2005-10-30,,stroke_play,,,
event_41e97c28ab3b,espn_kaggle,2005_2005-11-03_THE TOUR Championship presented by Coca-Cola,PGA,2005,THE TOUR Championship presented by Coca-Cola,2005-11-03,2005-11-06,,stroke_play,,,
event_00d34e917c3c,espn_kaggle,2005_2005-11-03_Southern Farm Bureau Classic,PGA,2005,Southern Farm Bureau Classic,2005-11-03,2005-11-06,,stroke_play,,,
event_4bef949f1557,espn_kaggle,2006_2006-01-05_Mercedes Championships,PGA,2006,Mercedes Championships,2006-01-05,2006-01-08,,stroke_play,,,
event_a768344a8ded,espn_kaggle,2006_2006-01-12_Sony Open in Hawaii,PGA,2006,Sony Open in Hawaii,2006-01-12,2006-01-15,,stroke_play,,,
event_32e638d257d3,espn_kaggle,2006_2006-01-18_Bob Hope Chrysler Classic,PGA,2006,Bob Hope Chrysler Classic,2006-01-18,2006-01-22,,stroke_play,,,
event_cc9907270c80,espn_kaggle,2006_2006-01-26_Buick Invitational,PGA,2006,Buick Invitational,2006-01-26,2006-01-29,,stroke_play,,,
event_8466cbd06b73,espn_kaggle,2006_2006-02-02_FBR Open,PGA,2006,FBR Open,2006-02-02,2006-02-05,,stroke_play,,,
event_1a83a5cef08c,espn_kaggle,2006_2006-02-09_AT&T Pebble Beach National Pro-Am,PGA,2006,AT&T Pebble Beach National Pro-Am,2006-02-09,2006-02-12,,stroke_play,,,
event_d03eea47474d,espn_kaggle,2006_2006-02-16_Nissan Open,PGA,2006,Nissan Open,2006-02-16,2006-02-19,,stroke_play,,,
event_727b6edd8a88,espn_kaggle,2006_2006-02-23_Chrysler Classic of Tucson,PGA,2006,Chrysler Classic of Tucson,2006-02-23,2006-02-26,,stroke_play,,,
event_cc9bad98a7d5,espn_kaggle,2006_2006-03-02_Ford Championship at Doral,PGA,2006,Ford Championship at Doral,2006-03-02,2006-03-05,,stroke_play,,,
event_94174912dd63,espn_kaggle,2006_2006-03-09_The Honda Classic,PGA,2006,The Honda Classic,2006-03-09,2006-03-12,,stroke_play,,,
event_8ec8c1934bbd,espn_kaggle,2006_2006-03-16_Bay Hill Invitational Presented by MasterCard,PGA,2006,Bay Hill Invitational Presented by MasterCard,2006-03-16,2006-03-19,,stroke_play,,,
event_0a9fc83d7355,espn_kaggle,2006_2006-03-23_THE PLAYERS Championship,PGA,2006,THE PLAYERS Championship,2006-03-23,2006-03-26,,stroke_play,,,
event_8141dc5cd07b,espn_kaggle,2006_2006-03-30_BellSouth Classic,PGA,2006,BellSouth Classic,2006-03-30,2006-04-02,,stroke_play,,,
event_065176b9bca7,espn_kaggle,2006_2006-04-06_Masters Tournament,PGA,2006,Masters Tournament,2006-04-06,2006-04-09,,stroke_play,,,
event_ecab800043aa,espn_kaggle,2006_2006-04-13_Verizon Heritage,PGA,2006,Verizon Heritage,2006-04-13,2006-04-16,,stroke_play,,,
event_0c20ef44b4aa,espn_kaggle,2006_2006-04-20_Shell Houston Open,PGA,2006,Shell Houston Open,2006-04-20,2006-04-23,,stroke_play,,,
event_74acb4e3079c,espn_kaggle,2006_2006-04-27_Zurich Classic of New Orleans,PGA,2006,Zurich Classic of New Orleans,2006-04-27,2006-04-30,,stroke_play,,,
event_18c37a4c375f,espn_kaggle,2006_2006-05-04_Wachovia Championship,PGA,2006,Wachovia Championship,2006-05-04,2006-05-07,,stroke_play,,,
event_dfe48dac17a0,espn_kaggle,2006_2006-05-11_EDS Byron Nelson Championship,PGA,2006,EDS Byron Nelson Championship,2006-05-11,2006-05-14,,stroke_play,,,
event_71760f17bbe6,espn_kaggle,2006_2006-05-18_Bank of America Colonial,PGA,2006,Bank of America Colonial,2006-05-18,2006-05-21,,stroke_play,,,
event_045349982acf,espn_kaggle,2006_2006-05-25_FedEx St. Jude Classic,PGA,2006,FedEx St. Jude Classic,2006-05-25,2006-05-28,,stroke_play,,,
event_1d94669dde7b,espn_kaggle,2006_2006-06-01_the Memorial Tournament,PGA,2006,the Memorial Tournament,2006-06-01,2006-06-04,,stroke_play,,,
event_3a33c31697a3,espn_kaggle,2006_2006-06-08_Barclays Classic,PGA,2006,Barclays Classic,2006-06-08,2006-06-11,,stroke_play,,,
event_cd76c5139744,espn_kaggle,2006_2006-06-15_U.S. Open Championship,PGA,2006,U.S. Open Championship,2006-06-15,2006-06-18,,stroke_play,,,
event_9232240fabc5,espn_kaggle,2006_2006-06-22_Booz Allen Classic,PGA,2006,Booz Allen Classic,2006-06-22,2006-06-25,,stroke_play,,,
event_599158a157d1,espn_kaggle,2006_2006-06-29_Buick Championship,PGA,2006,Buick Championship,2006-06-29,2006-07-02,,stroke_play,,,
event_5e0abce42397,espn_kaggle,2006_2006-07-06_Cialis Western Open,PGA,2006,Cialis Western Open,2006-07-06,2006-07-09,,stroke_play,,,
event_e9f73b55ca40,espn_kaggle,2006_2006-07-13_John Deere Classic,PGA,2006,John Deere Classic,2006-07-13,2006-07-16,,stroke_play,,,
event_e7a5a13a9ffa,espn_kaggle,2006_2006-07-20_British Open Championship,PGA,2006,British Open Championship,2006-07-20,2006-07-23,,stroke_play,,,
event_72ff7d9e36d9,espn_kaggle,2006_2006-07-20_B.C. Open presented by Turning Stone Resort,PGA,2006,B.C. Open presented by Turning Stone Resort,2006-07-20,2006-07-23,,stroke_play,,,
event_1f9bdd5552ff,espn_kaggle,2006_2006-07-27_U.S. Bank Championship in Milwaukee,PGA,2006,U.S. Bank Championship in Milwaukee,2006-07-27,2006-07-30,,stroke_play,,,
event_bcd77c3fe50e,espn_kaggle,2006_2006-08-03_Buick Open,PGA,2006,Buick Open,2006-08-03,2006-08-06,,stroke_play,,,
event_7046c880fbfb,espn_kaggle,2006_2006-08-17_PGA Championship,PGA,2006,PGA Championship,2006-08-17,2006-08-20,,stroke_play,,,
event_82449714d51e,espn_kaggle,2006_2006-08-24_World Golf Championships-Bridgestone Invitational,PGA,2006,World Golf Championships-Bridgestone Invitational,2006-08-24,2006-08-27,,stroke_play,,,
event_f07d57d787f7,espn_kaggle,2006_2006-08-24_Reno-Tahoe Open,PGA,2006,Reno-Tahoe Open,2006-08-24,2006-08-27,,stroke_play,,,
event_682491694277,espn_kaggle,2006_2006-09-01_Deutsche Bank Championship,PGA,2006,Deutsche Bank Championship,2006-09-01,2006-09-04,,stroke_play,,,
event_095f2ab52fa7,espn_kaggle,2006_2006-09-07_Canadian Open,PGA,2006,Canadian Open,2006-09-07,2006-09-10,,stroke_play,,,
event_9a663e563908,espn_kaggle,2006_2006-09-14_84 LUMBER Classic,PGA,2006,84 LUMBER Classic,2006-09-14,2006-09-17,,stroke_play,,,
event_1f1999bb0920,espn_kaggle,2006_2006-09-21_Valero Texas Open,PGA,2006,Valero Texas Open,2006-09-21,2006-09-24,,stroke_play,,,
event_f2c36c002d04,espn_kaggle,2006_2006-09-28_World Golf Championships-American Express Champion,PGA,2006,World Golf Championships-American Express Champion,2006-09-28,2006-10-01,,stroke_play,,,
event_2a9c9225d657,espn_kaggle,2006_2006-09-28_Southern Farm Bureau Classic,PGA,2006,Southern Farm Bureau Classic,2006-09-28,2006-10-01,,stroke_play,,,
event_c85a469e172f,espn_kaggle,2006_2006-10-05_Chrysler Classic of Greensboro,PGA,2006,Chrysler Classic of Greensboro,2006-10-05,2006-10-08,,stroke_play,,,
event_1b0d0fbe3237,espn_kaggle,2006_2006-10-12_Frys.com Open,PGA,2006,Frys.com Open,2006-10-12,2006-10-15,,stroke_play,,,
event_54aaea8671e2,espn_kaggle,2006_2006-10-19_FUNAI Classic at the WALT DISNEY WORLD Resort,PGA,2006,FUNAI Classic at the WALT DISNEY WORLD Resort,2006-10-19,2006-10-22,,stroke_play,,,
event_5cc5c4ea8832,espn_kaggle,2006_2006-10-26_Chrysler Championship,PGA,2006,Chrysler Championship,2006-10-26,2006-10-29,,stroke_play,,,
event_870d5ee6ab36,espn_kaggle,2006_2006-11-02_THE TOUR Championship presented by Coca-Cola,PGA,2006,THE TOUR Championship presented by Coca-Cola,2006-11-02,2006-11-05,,stroke_play,,,
event_6669bd982ccf,espn_kaggle,2007_2007-01-04_Mercedes-Benz Championship,PGA,2007,Mercedes-Benz Championship,2007-01-04,2007-01-07,,stroke_play,,,
event_fa612202a115,espn_kaggle,2007_2007-01-11_Sony Open in Hawaii,PGA,2007,Sony Open in Hawaii,2007-01-11,2007-01-14,,stroke_play,,,
event_23c38b513af0,espn_kaggle,2007_2007-01-17_Bob Hope Chrysler Classic,PGA,2007,Bob Hope Chrysler Classic,2007-01-17,2007-01-21,,stroke_play,,,
event_f292ba32103c,espn_kaggle,2007_2007-01-25_Buick Invitational,PGA,2007,Buick Invitational,2007-01-25,2007-01-28,,stroke_play,,,
event_03d13fe5304c,espn_kaggle,2007_2007-02-01_FBR Open,PGA,2007,FBR Open,2007-02-01,2007-02-04,,stroke_play,,,
event_38ddc5f92513,espn_kaggle,2007_2007-02-08_AT&T Pebble Beach National Pro-Am,PGA,2007,AT&T Pebble Beach National Pro-Am,2007-02-08,2007-02-11,,stroke_play,,,
event_b41d5acb8929,espn_kaggle,2007_2007-02-15_Nissan Open,PGA,2007,Nissan Open,2007-02-15,2007-02-18,,stroke_play,,,
event_e05708c091f7,espn_kaggle,2007_2007-02-22_Mayakoba Golf Classic at Riviera Maya-Cancun,PGA,2007,Mayakoba Golf Classic at Riviera Maya-Cancun,2007-02-22,2007-02-25,,stroke_play,,,
event_26e4b2fb8104,espn_kaggle,2007_2007-03-01_The Honda Classic,PGA,2007,The Honda Classic,2007-03-01,2007-03-04,,stroke_play,,,
event_f0a3c128e42d,espn_kaggle,2007_2007-03-08_PODS Championship,PGA,2007,PODS Championship,2007-03-08,2007-03-11,,stroke_play,,,
event_35b5edd00edf,espn_kaggle,2007_2007-03-15_Arnold Palmer Invitational presented by MasterCard,PGA,2007,Arnold Palmer Invitational presented by MasterCard,2007-03-15,2007-03-18,,stroke_play,,,
event_ff96e56ef81d,espn_kaggle,2007_2007-03-22_World Golf Championships-CA Championship,PGA,2007,World Golf Championships-CA Championship,2007-03-22,2007-03-25,,stroke_play,,,
event_23b5180d78d4,espn_kaggle,2007_2007-03-29_Shell Houston Open,PGA,2007,Shell Houston Open,2007-03-29,2007-04-01,,stroke_play,,,
event_51a381451bff,espn_kaggle,2007_2007-04-05_Masters Tournament,PGA,2007,Masters Tournament,2007-04-05,2007-04-08,,stroke_play,,,
event_925edc278dad,espn_kaggle,2007_2007-04-12_Verizon Heritage,PGA,2007,Verizon Heritage,2007-04-12,2007-04-15,,stroke_play,,,
event_1d417e48d0ad,espn_kaggle,2007_2007-04-19_Zurich Classic of New Orleans,PGA,2007,Zurich Classic of New Orleans,2007-04-19,2007-04-22,,stroke_play,,,
event_e5267c8d40d1,espn_kaggle,2007_2007-04-26_EDS Byron Nelson Championship,PGA,2007,EDS Byron Nelson Championship,2007-04-26,2007-04-29,,stroke_play,,,
event_7963b68116b9,espn_kaggle,2007_2007-05-03_Wachovia Championship,PGA,2007,Wachovia Championship,2007-05-03,2007-05-06,,stroke_play,,,
event_7f7225923b33,espn_kaggle,2007_2007-05-10_THE PLAYERS Championship,PGA,2007,THE PLAYERS Championship,2007-05-10,2007-05-13,,stroke_play,,,
event_c00f11fd7b0f,espn_kaggle,2007_2007-05-17_AT&T Classic,PGA,2007,AT&T Classic,2007-05-17,2007-05-20,,stroke_play,,,
event_941bd4ea4434,espn_kaggle,2007_2007-05-24_Crowne Plaza Invitational at Colonial,PGA,2007,Crowne Plaza Invitational at Colonial,2007-05-24,2007-05-27,,stroke_play,,,
event_0fbaed487d12,espn_kaggle,2007_2007-05-31_the Memorial Tournament presented by Morgan Stanle,PGA,2007,the Memorial Tournament presented by Morgan Stanle,2007-05-31,2007-06-03,,stroke_play,,,
event_30a4423f7c7b,espn_kaggle,2007_2007-06-07_Stanford St. Jude Championship,PGA,2007,Stanford St. Jude Championship,2007-06-07,2007-06-10,,stroke_play,,,
event_2b90809668e5,espn_kaggle,2007_2007-06-14_U.S. Open Championship,PGA,2007,U.S. Open Championship,2007-06-14,2007-06-17,,stroke_play,,,
event_9d0fc45508e5,espn_kaggle,2007_2007-06-21_Travelers Championship,PGA,2007,Travelers Championship,2007-06-21,2007-06-24,,stroke_play,,,
event_d841d07b6096,espn_kaggle,2007_2007-06-28_Buick Open,PGA,2007,Buick Open,2007-06-28,2007-07-01,,stroke_play,,,
event_f615da963b45,espn_kaggle,2007_2007-07-05_AT&T National,PGA,2007,AT&T National,2007-07-05,2007-07-08,,stroke_play,,,
event_ddb5f2edade7,espn_kaggle,2007_2007-07-12_John Deere Classic,PGA,2007,John Deere Classic,2007-07-12,2007-07-15,,stroke_play,,,
event_ca99b307aefb,espn_kaggle,2007_2007-07-19_British Open Championship,PGA,2007,British Open Championship,2007-07-19,2007-07-22,,stroke_play,,,
event_7cb82bb8d3bb,espn_kaggle,2007_2007-07-19_U.S. Bank Championship in Milwaukee,PGA,2007,U.S. Bank Championship in Milwaukee,2007-07-19,2007-07-22,,stroke_play,,,
event_0d928d7a7808,espn_kaggle,2007_2007-07-26_Canadian Open presented by Franklin Templeton Inve,PGA,2007,Canadian Open presented by Franklin Templeton Inve,2007-07-26,2007-07-29,,stroke_play,,,
event_e7218a0d0264,espn_kaggle,2007_2007-08-02_World Golf Championships-Bridgestone Invitational,PGA,2007,World Golf Championships-Bridgestone Invitational,2007-08-02,2007-08-05,,stroke_play,,,
event_2b07cc6e9f93,espn_kaggle,2007_2007-08-02_Reno-Tahoe Open,PGA,2007,Reno-Tahoe Open,2007-08-02,2007-08-05,,stroke_play,,,
event_dc56105c17e5,espn_kaggle,2007_2007-08-09_PGA Championship,PGA,2007,PGA Championship,2007-08-09,2007-08-12,,stroke_play,,,
event_8a1b4bce2246,espn_kaggle,2007_2007-08-16_Wyndham Championship,PGA,2007,Wyndham Championship,2007-08-16,2007-08-19,,stroke_play,,,
event_f4ff20eb115f,espn_kaggle,2007_2007-08-23_The Barclays,PGA,2007,The Barclays,2007-08-23,2007-08-26,,stroke_play,,,
event_1bf5f884df37,espn_kaggle,2007_2007-08-31_Deutsche Bank Championship,PGA,2007,Deutsche Bank Championship,2007-08-31,2007-09-03,,stroke_play,,,
event_a807b5bc01d1,espn_kaggle,2007_2007-09-06_BMW Championship,PGA,2007,BMW Championship,2007-09-06,2007-09-09,,stroke_play,,,
event_b85bd39c8d85,espn_kaggle,2007_2007-09-13_THE TOUR Championship presented by Coca-Cola,PGA,2007,THE TOUR Championship presented by Coca-Cola,2007-09-13,2007-09-16,,stroke_play,,,
event_8d21f6e4cec7,espn_kaggle,2007_2007-09-20_Turning Stone Resort Championship,PGA,2007,Turning Stone Resort Championship,2007-09-20,2007-09-23,,stroke_play,,,
event_0981e96d639b,espn_kaggle,2007_2007-09-27_Viking Classic,PGA,2007,Viking Classic,2007-09-27,2007-09-30,,stroke_play,,,
event_ad15bf3ef276,espn_kaggle,2007_2007-10-04_Valero Texas Open,PGA,2007,Valero Texas Open,2007-10-04,2007-10-07,,stroke_play,,,
event_6dafdb70f465,espn_kaggle,2007_2007-10-11_Frys.com Open benefiting Shriners Hospitals for Ch,PGA,2007,Frys.com Open benefiting Shriners Hospitals for Ch,2007-10-11,2007-10-14,,stroke_play,,,
event_cfbc78033ac6,espn_kaggle,2007_2007-10-18_Fry's Electronics Open,PGA,2007,Fry's Electronics Open,2007-10-18,2007-10-21,,stroke_play,,,
event_f0b25086c13b,espn_kaggle,2007_2007-10-25_Ginn sur Mer Classic at Tesoro,PGA,2007,Ginn sur Mer Classic at Tesoro,2007-10-25,2007-10-28,,stroke_play,,,
event_7a92be63329c,espn_kaggle,2007_2007-11-01_Children's Miracle Network Classic presented by Wa,PGA,2007,Children's Miracle Network Classic presented by Wa,2007-11-01,2007-11-04,,stroke_play,,,
event_3cf00afcaaf3,espn_kaggle,2007_2007-11-28_PGA TOUR Qualifying Tournament,PGA,2007,PGA TOUR Qualifying Tournament,2007-11-28,2007-12-03,,stroke_play,,,
event_650c5a9a5bed,espn_kaggle,2008_2008-01-03_Mercedes-Benz Championship,PGA,2008,Mercedes-Benz Championship,2008-01-03,2008-01-06,,stroke_play,,,
event_414d03b9c698,espn_kaggle,2008_2008-01-10_Sony Open in Hawaii,PGA,2008,Sony Open in Hawaii,2008-01-10,2008-01-13,,stroke_play,,,
event_c899a9cfbe72,espn_kaggle,2008_2008-01-16_Bob Hope Chrysler Classic,PGA,2008,Bob Hope Chrysler Classic,2008-01-16,2008-01-20,,stroke_play,,,
event_a750e34aa08d,espn_kaggle,2008_2008-01-24_Buick Invitational,PGA,2008,Buick Invitational,2008-01-24,2008-01-27,,stroke_play,,,
event_655561efa7ce,espn_kaggle,2008_2008-01-31_FBR Open,PGA,2008,FBR Open,2008-01-31,2008-02-03,,stroke_play,,,
event_e7290a1cb810,espn_kaggle,2008_2008-02-07_AT&T Pebble Beach National Pro-Am,PGA,2008,AT&T Pebble Beach National Pro-Am,2008-02-07,2008-02-10,,stroke_play,,,
event_418d1aa5755f,espn_kaggle,2008_2008-02-14_Northern Trust Open,PGA,2008,Northern Trust Open,2008-02-14,2008-02-17,,stroke_play,,,
event_fec00ea87290,espn_kaggle,2008_2008-02-21_Mayakoba Golf Classic at Riviera Maya-Cancun,PGA,2008,Mayakoba Golf Classic at Riviera Maya-Cancun,2008-02-21,2008-02-24,,stroke_play,,,
event_3bb19f9de2d2,espn_kaggle,2008_2008-02-28_The Honda Classic,PGA,2008,The Honda Classic,2008-02-28,2008-03-02,,stroke_play,,,
event_0afe5c2379b9,espn_kaggle,2008_2008-03-06_PODS Championship,PGA,2008,PODS Championship,2008-03-06,2008-03-09,,stroke_play,,,
event_0d8ff22e15bb,espn_kaggle,2008_2008-03-13_Arnold Palmer Invitational presented by MasterCard,PGA,2008,Arnold Palmer Invitational presented by MasterCard,2008-03-13,2008-03-16,,stroke_play,,,
event_87e411522945,espn_kaggle,2008_2008-03-20_World Golf Championships-CA Championship,PGA,2008,World Golf Championships-CA Championship,2008-03-20,2008-03-23,,stroke_play,,,
event_9b6df7eca971,espn_kaggle,2008_2008-03-20_Puerto Rico Open presented by Banco Popular,PGA,2008,Puerto Rico Open presented by Banco Popular,2008-03-20,2008-03-23,,stroke_play,,,
event_a9dddec590c8,espn_kaggle,2008_2008-03-27_Zurich Classic of New Orleans,PGA,2008,Zurich Classic of New Orleans,2008-03-27,2008-03-30,,stroke_play,,,
event_4e66b4636f4e,espn_kaggle,2008_2008-04-03_Shell Houston Open,PGA,2008,Shell Houston Open,2008-04-03,2008-04-06,,stroke_play,,,
event_9d38354ff437,espn_kaggle,2008_2008-04-10_Masters Tournament,PGA,2008,Masters Tournament,2008-04-10,2008-04-13,,stroke_play,,,
event_19147711eaa0,espn_kaggle,2008_2008-04-17_Verizon Heritage,PGA,2008,Verizon Heritage,2008-04-17,2008-04-20,,stroke_play,,,
event_e4f3820488d6,espn_kaggle,2008_2008-04-24_EDS Byron Nelson Championship,PGA,2008,EDS Byron Nelson Championship,2008-04-24,2008-04-27,,stroke_play,,,
event_250c43df30bb,espn_kaggle,2008_2008-05-01_Wachovia Championship,PGA,2008,Wachovia Championship,2008-05-01,2008-05-04,,stroke_play,,,
event_ded28ac8d277,espn_kaggle,2008_2008-05-08_THE PLAYERS Championship,PGA,2008,THE PLAYERS Championship,2008-05-08,2008-05-11,,stroke_play,,,
event_57cf9e078637,espn_kaggle,2008_2008-05-15_AT&T Classic,PGA,2008,AT&T Classic,2008-05-15,2008-05-18,,stroke_play,,,
event_907ceb91f515,espn_kaggle,2008_2008-05-22_Crowne Plaza Invitational at Colonial,PGA,2008,Crowne Plaza Invitational at Colonial,2008-05-22,2008-05-25,,stroke_play,,,
event_5bb0012176b8,espn_kaggle,2008_2008-05-29_the Memorial Tournament presented by Morgan Stanle,PGA,2008,the Memorial Tournament presented by Morgan Stanle,2008-05-29,2008-06-01,,stroke_play,,,
event_e3146b875215,espn_kaggle,2008_2008-06-05_Stanford St. Jude Championship,PGA,2008,Stanford St. Jude Championship,2008-06-05,2008-06-08,,stroke_play,,,
event_9ff5486147ac,espn_kaggle,2008_2008-06-12_U.S. Open Championship,PGA,2008,U.S. Open Championship,2008-06-12,2008-06-15,,stroke_play,,,
event_a427a482ccab,espn_kaggle,2008_2008-06-19_Travelers Championship,PGA,2008,Travelers Championship,2008-06-19,2008-06-22,,stroke_play,,,
event_ff20bb56d4dd,espn_kaggle,2008_2008-06-26_Buick Open,PGA,2008,Buick Open,2008-06-26,2008-06-29,,stroke_play,,,
event_ab5ef44ff00a,espn_kaggle,2008_2008-07-03_AT&T National,PGA,2008,AT&T National,2008-07-03,2008-07-06,,stroke_play,,,
event_85e3eb9ffaec,espn_kaggle,2008_2008-07-10_John Deere Classic,PGA,2008,John Deere Classic,2008-07-10,2008-07-13,,stroke_play,,,
event_b37957ddc94f,espn_kaggle,2008_2008-07-17_British Open Championship,PGA,2008,British Open Championship,2008-07-17,2008-07-20,,stroke_play,,,
event_3754549ae1c1,espn_kaggle,2008_2008-07-17_U.S. Bank Championship in Milwaukee,PGA,2008,U.S. Bank Championship in Milwaukee,2008-07-17,2008-07-20,,stroke_play,,,
event_50c79bf7c66b,espn_kaggle,2008_2008-07-24_RBC Canadian Open,PGA,2008,RBC Canadian Open,2008-07-24,2008-07-27,,stroke_play,,,
event_2f61ab6e7083,espn_kaggle,2008_2008-07-31_World Golf Championships-Bridgestone Invitational,PGA,2008,World Golf Championships-Bridgestone Invitational,2008-07-31,2008-08-03,,stroke_play,,,
event_3eca82ad1610,espn_kaggle,2008_2008-07-31_Legends Reno-Tahoe Open,PGA,2008,Legends Reno-Tahoe Open,2008-07-31,2008-08-03,,stroke_play,,,
event_28000668457e,espn_kaggle,2008_2008-08-07_PGA Championship,PGA,2008,PGA Championship,2008-08-07,2008-08-10,,stroke_play,,,
event_aaead988c708,espn_kaggle,2008_2008-08-14_Wyndham Championship,PGA,2008,Wyndham Championship,2008-08-14,2008-08-17,,stroke_play,,,
event_28aafadcd0ea,espn_kaggle,2008_2008-08-21_The Barclays,PGA,2008,The Barclays,2008-08-21,2008-08-24,,stroke_play,,,
event_653f0a69fd64,espn_kaggle,2008_2008-08-29_Deutsche Bank Championship,PGA,2008,Deutsche Bank Championship,2008-08-29,2008-09-01,,stroke_play,,,
event_b8437b16ee70,espn_kaggle,2008_2008-09-04_BMW Championship,PGA,2008,BMW Championship,2008-09-04,2008-09-07,,stroke_play,,,
event_18479c99b098,espn_kaggle,2008_2008-09-18_Viking Classic,PGA,2008,Viking Classic,2008-09-18,2008-09-21,,stroke_play,,,
event_ec9acf62ce33,espn_kaggle,2008_2008-09-25_THE TOUR Championship presented by Coca-Cola,PGA,2008,THE TOUR Championship presented by Coca-Cola,2008-09-25,2008-09-28,,stroke_play,,,
event_880ed1148914,espn_kaggle,2008_2008-10-02_Turning Stone Resort Championship,PGA,2008,Turning Stone Resort Championship,2008-10-02,2008-10-05,,stroke_play,,,
event_3c725c906283,espn_kaggle,2008_2008-10-09_Valero Texas Open,PGA,2008,Valero Texas Open,2008-10-09,2008-10-12,,stroke_play,,,
event_bfcf6e6c9706,espn_kaggle,2008_2008-10-16_Justin Timberlake Shriners Hospitals for Children,PGA,2008,Justin Timberlake Shriners Hospitals for Children,2008-10-16,2008-10-19,,stroke_play,,,
event_0d9bc1f332bd,espn_kaggle,2008_2008-10-23_Frys.com Open,PGA,2008,Frys.com Open,2008-10-23,2008-10-26,,stroke_play,,,
event_ba96ee0ecd99,espn_kaggle,2008_2008-10-30_Ginn sur Mer Classic,PGA,2008,Ginn sur Mer Classic,2008-10-30,2008-11-02,,stroke_play,,,
event_19b283b0624a,espn_kaggle,2008_2008-11-06_Children's Miracle Network Classic presented by Wa,PGA,2008,Children's Miracle Network Classic presented by Wa,2008-11-06,2008-11-09,,stroke_play,,,
event_28b8f28fb75d,espn_kaggle,2008_2008-12-03_PGA Tour Qualifying Tournament,PGA,2008,PGA Tour Qualifying Tournament,2008-12-03,2008-12-08,,stroke_play,,,
event_a1d5e68a35eb,espn_kaggle,2009_2009-01-08_Mercedes-Benz Championship,PGA,2009,Mercedes-Benz Championship,2009-01-08,2009-01-11,,stroke_play,,,
event_a472b6683d84,espn_kaggle,2009_2009-01-15_Sony Open in Hawaii,PGA,2009,Sony Open in Hawaii,2009-01-15,2009-01-18,,stroke_play,,,
event_3b3b6aec2416,espn_kaggle,2009_2009-01-21_The 50th Bob Hope Classic hosted by Arnold Palmer,PGA,2009,The 50th Bob Hope Classic hosted by Arnold Palmer,2009-01-21,2009-01-25,,stroke_play,,,
event_db4ad7939ffd,espn_kaggle,2009_2009-01-29_FBR Open,PGA,2009,FBR Open,2009-01-29,2009-02-01,,stroke_play,,,
event_eea90fe3f688,espn_kaggle,2009_2009-02-05_Buick Invitational,PGA,2009,Buick Invitational,2009-02-05,2009-02-08,,stroke_play,,,
event_b4844679dfe9,espn_kaggle,2009_2009-02-12_AT&T Pebble Beach National Pro-Am,PGA,2009,AT&T Pebble Beach National Pro-Am,2009-02-12,2009-02-15,,stroke_play,,,
event_643b81064f95,espn_kaggle,2009_2009-02-19_Northern Trust Open,PGA,2009,Northern Trust Open,2009-02-19,2009-02-22,,stroke_play,,,
event_5ade44cd0c6b,espn_kaggle,2009_2009-02-26_Mayakoba Golf Classic at Riviera Maya-Cancun,PGA,2009,Mayakoba Golf Classic at Riviera Maya-Cancun,2009-02-26,2009-03-01,,stroke_play,,,
event_b349b0f661f0,espn_kaggle,2009_2009-03-05_The Honda Classic,PGA,2009,The Honda Classic,2009-03-05,2009-03-08,,stroke_play,,,
event_f66d4d56887e,espn_kaggle,2009_2009-03-12_World Golf Championships-CA Championship,PGA,2009,World Golf Championships-CA Championship,2009-03-12,2009-03-15,,stroke_play,,,
event_3356c83836b3,espn_kaggle,2009_2009-03-12_Puerto Rico Open presented by Banco Popular,PGA,2009,Puerto Rico Open presented by Banco Popular,2009-03-12,2009-03-15,,stroke_play,,,
event_e85f66a2a464,espn_kaggle,2009_2009-03-19_Transitions Championship,PGA,2009,Transitions Championship,2009-03-19,2009-03-22,,stroke_play,,,
event_6bb6301a9940,espn_kaggle,2009_2009-03-26_Arnold Palmer Invitational presented by MasterCard,PGA,2009,Arnold Palmer Invitational presented by MasterCard,2009-03-26,2009-03-29,,stroke_play,,,
event_d767ac5ef0b0,espn_kaggle,2009_2009-04-02_Shell Houston Open,PGA,2009,Shell Houston Open,2009-04-02,2009-04-05,,stroke_play,,,
event_009f080ce475,espn_kaggle,2009_2009-04-09_The Masters,PGA,2009,The Masters,2009-04-09,2009-04-12,,stroke_play,,,
event_8a46fe916b65,espn_kaggle,2009_2009-04-16_Verizon Heritage,PGA,2009,Verizon Heritage,2009-04-16,2009-04-19,,stroke_play,,,
event_0b289779ca7f,espn_kaggle,2009_2009-04-23_Zurich Classic of New Orleans,PGA,2009,Zurich Classic of New Orleans,2009-04-23,2009-04-26,,stroke_play,,,
event_0b83099463f4,espn_kaggle,2009_2009-04-30_Quail Hollow Championship,PGA,2009,Quail Hollow Championship,2009-04-30,2009-05-03,,stroke_play,,,
event_077f748df3a9,espn_kaggle,2009_2009-05-07_THE PLAYERS Championship,PGA,2009,THE PLAYERS Championship,2009-05-07,2009-05-10,,stroke_play,,,
event_5dceb5ef36b4,espn_kaggle,2009_2009-05-14_Valero Texas Open,PGA,2009,Valero Texas Open,2009-05-14,2009-05-17,,stroke_play,,,
event_ee22e886534e,espn_kaggle,2009_2009-05-21_HP Byron Nelson Championship,PGA,2009,HP Byron Nelson Championship,2009-05-21,2009-05-24,,stroke_play,,,
event_83a0b78adee3,espn_kaggle,2009_2009-05-28_Crowne Plaza Invitational at Colonial,PGA,2009,Crowne Plaza Invitational at Colonial,2009-05-28,2009-05-31,,stroke_play,,,
event_49cb18f9bee4,espn_kaggle,2009_2009-06-04_the Memorial Tournament,PGA,2009,the Memorial Tournament,2009-06-04,2009-06-07,,stroke_play,,,
event_1ab2ca41c807,espn_kaggle,2009_2009-06-11_St. Jude Classic presented by FedEx,PGA,2009,St. Jude Classic presented by FedEx,2009-06-11,2009-06-14,,stroke_play,,,
event_09d3d9642bb1,espn_kaggle,2009_2009-06-18_U.S. Open Championship,PGA,2009,U.S. Open Championship,2009-06-18,2009-06-22,,stroke_play,,,
event_2d0323c1d89c,espn_kaggle,2009_2009-06-25_Travelers Championship,PGA,2009,Travelers Championship,2009-06-25,2009-06-28,,stroke_play,,,
event_776f835c7c5e,espn_kaggle,2009_2009-07-02_AT&T National,PGA,2009,AT&T National,2009-07-02,2009-07-05,,stroke_play,,,
event_ebf6c04139a5,espn_kaggle,2009_2009-07-09_John Deere Classic,PGA,2009,John Deere Classic,2009-07-09,2009-07-12,,stroke_play,,,
event_4742ff872dfa,espn_kaggle,2009_2009-07-16_British Open Championship,PGA,2009,British Open Championship,2009-07-16,2009-07-19,,stroke_play,,,
event_05e425db2958,espn_kaggle,2009_2009-07-16_U.S. Bank Championship in Milwaukee,PGA,2009,U.S. Bank Championship in Milwaukee,2009-07-16,2009-07-19,,stroke_play,,,
event_36423682edf6,espn_kaggle,2009_2009-07-23_RBC Canadian Open,PGA,2009,RBC Canadian Open,2009-07-23,2009-07-27,,stroke_play,,,
event_ea3965faba55,espn_kaggle,2009_2009-07-30_Buick Open,PGA,2009,Buick Open,2009-07-30,2009-08-02,,stroke_play,,,
event_435b20311ced,espn_kaggle,2009_2009-08-06_World Golf Championships-Bridgestone Invitational,PGA,2009,World Golf Championships-Bridgestone Invitational,2009-08-06,2009-08-09,,stroke_play,,,
event_6d3ae6ff21ae,espn_kaggle,2009_2009-08-06_Legends Reno-Tahoe Open,PGA,2009,Legends Reno-Tahoe Open,2009-08-06,2009-08-09,,stroke_play,,,
event_b61c05071b3b,espn_kaggle,2009_2009-08-13_PGA Championship,PGA,2009,PGA Championship,2009-08-13,2009-08-16,,stroke_play,,,
event_61514314539b,espn_kaggle,2009_2009-08-20_Wyndham Championship,PGA,2009,Wyndham Championship,2009-08-20,2009-08-23,,stroke_play,,,
event_29e0d1c3286d,espn_kaggle,2009_2009-08-27_The Barclays,PGA,2009,The Barclays,2009-08-27,2009-08-30,,stroke_play,,,
event_37ae1632fd89,espn_kaggle,2009_2009-09-04_Deutsche Bank Championship,PGA,2009,Deutsche Bank Championship,2009-09-04,2009-09-07,,stroke_play,,,
event_1f80ebc8c51a,espn_kaggle,2009_2009-09-10_BMW Championship,PGA,2009,BMW Championship,2009-09-10,2009-09-13,,stroke_play,,,
event_b4f2fde4da0f,espn_kaggle,2009_2009-09-24_THE TOUR Championship presented by Coca-Cola,PGA,2009,THE TOUR Championship presented by Coca-Cola,2009-09-24,2009-09-27,,stroke_play,,,
event_3352cf39352f,espn_kaggle,2009_2009-10-01_Turning Stone Resort Championship,PGA,2009,Turning Stone Resort Championship,2009-10-01,2009-10-05,,stroke_play,,,
event_bb9f782b97ee,espn_kaggle,2009_2009-10-15_Justin Timberlake Shriners Hospitals for Children Open,PGA,2009,Justin Timberlake Shriners Hospitals for Children Open,2009-10-15,2009-10-18,,stroke_play,,,
event_aaef25b6a396,espn_kaggle,2009_2009-10-22_Frys.com Open,PGA,2009,Frys.com Open,2009-10-22,2009-10-25,,stroke_play,,,
event_ee96c3353b5d,espn_kaggle,2009_2009-10-29_Viking Classic,PGA,2009,Viking Classic,2009-10-29,2009-11-01,,stroke_play,,,
event_b9060af50fa4,espn_kaggle,2009_2009-11-12_Children's Miracle Network Classic,PGA,2009,Children's Miracle Network Classic,2009-11-12,2009-11-15,,stroke_play,,,
event_209e51032b6b,espn_kaggle,2009_2009-12-02_PGA Tour Qualifying Tournament,PGA,2009,PGA Tour Qualifying Tournament,2009-12-02,2009-12-07,,stroke_play,,,
event_db03602a43fa,espn_kaggle,2010_2010-01-07_Hyundai Tournament of Champions,PGA,2010,Hyundai Tournament of Champions,2010-01-07,2010-01-10,,stroke_play,,,
event_997f79e18ae7,espn_kaggle,2010_2010-01-14_Sony Open in Hawaii,PGA,2010,Sony Open in Hawaii,2010-01-14,2010-01-17,,stroke_play,,,
event_bdb4ffeabe1b,espn_kaggle,2010_2010-01-20_Bob Hope Classic,PGA,2010,Bob Hope Classic,2010-01-20,2010-01-25,,stroke_play,,,
event_d25b4020313d,espn_kaggle,2010_2010-01-28_Farmers Insurance Open,PGA,2010,Farmers Insurance Open,2010-01-28,2010-01-31,,stroke_play,,,
event_4717161335b6,espn_kaggle,2010_2010-02-04_Northern Trust Open,PGA,2010,Northern Trust Open,2010-02-04,2010-02-07,,stroke_play,,,
event_447dc6e31343,espn_kaggle,2010_2010-02-11_AT&T Pebble Beach National Pro-Am,PGA,2010,AT&T Pebble Beach National Pro-Am,2010-02-11,2010-02-14,,stroke_play,,,
event_f2ba95744766,espn_kaggle,2010_2010-02-18_Mayakoba Golf Classic at Riviera Maya-Cancun,PGA,2010,Mayakoba Golf Classic at Riviera Maya-Cancun,2010-02-18,2010-02-21,,stroke_play,,,
event_f7ba032f664d,espn_kaggle,2010_2010-02-25_Waste Management Phoenix Open,PGA,2010,Waste Management Phoenix Open,2010-02-25,2010-02-28,,stroke_play,,,
event_511b63babc31,espn_kaggle,2010_2010-03-04_The Honda Classic,PGA,2010,The Honda Classic,2010-03-04,2010-03-07,,stroke_play,,,
event_aaf804c650cb,espn_kaggle,2010_2010-03-11_World Golf Championships-CA Championship,PGA,2010,World Golf Championships-CA Championship,2010-03-11,2010-03-14,,stroke_play,,,
event_1967b43c3e42,espn_kaggle,2010_2010-03-11_Puerto Rico Open presented by Banco Popular,PGA,2010,Puerto Rico Open presented by Banco Popular,2010-03-11,2010-03-15,,stroke_play,,,
event_ecd17842dbfa,espn_kaggle,2010_2010-03-18_Transitions Championship,PGA,2010,Transitions Championship,2010-03-18,2010-03-21,,stroke_play,,,
event_b7f924fa2baf,espn_kaggle,2010_2010-03-25_Arnold Palmer Invitational presented by MasterCard,PGA,2010,Arnold Palmer Invitational presented by MasterCard,2010-03-25,2010-03-29,,stroke_play,,,
event_5bca2a9659be,espn_kaggle,2010_2010-04-01_Shell Houston Open,PGA,2010,Shell Houston Open,2010-04-01,2010-04-04,,stroke_play,,,
event_a602a4950ca0,espn_kaggle,2010_2010-04-08_The Masters,PGA,2010,The Masters,2010-04-08,2010-04-11,,stroke_play,,,
event_1f65aaad98ef,espn_kaggle,2010_2010-04-15_Verizon Heritage,PGA,2010,Verizon Heritage,2010-04-15,2010-04-18,,stroke_play,,,
event_b0b2ae7916f8,espn_kaggle,2010_2010-04-22_Zurich Classic of New Orleans,PGA,2010,Zurich Classic of New Orleans,2010-04-22,2010-04-25,,stroke_play,,,
event_69c227954cb7,espn_kaggle,2010_2010-04-29_Wells Fargo Championship,PGA,2010,Wells Fargo Championship,2010-04-29,2010-05-02,,stroke_play,,,
event_17029d9b5f70,espn_kaggle,2010_2010-05-06_THE PLAYERS Championship,PGA,2010,THE PLAYERS Championship,2010-05-06,2010-05-09,,stroke_play,,,
event_30403a5dc9cb,espn_kaggle,2010_2010-05-13_Valero Texas Open,PGA,2010,Valero Texas Open,2010-05-13,2010-05-16,,stroke_play,,,
event_3a110ee1da59,espn_kaggle,2010_2010-05-20_HP Byron Nelson Championship,PGA,2010,HP Byron Nelson Championship,2010-05-20,2010-05-23,,stroke_play,,,
event_c2ecbf0487d6,espn_kaggle,2010_2010-05-27_Crowne Plaza Invitational at Colonial,PGA,2010,Crowne Plaza Invitational at Colonial,2010-05-27,2010-05-30,,stroke_play,,,
event_3faa9def16c2,espn_kaggle,2010_2010-06-03_the Memorial Tournament presented by Nationwide Insurance,PGA,2010,the Memorial Tournament presented by Nationwide Insurance,2010-06-03,2010-06-06,,stroke_play,,,
event_d1ce3ccf1c5a,espn_kaggle,2010_2010-06-10_St. Jude Classic presented by Smith & Nephew,PGA,2010,St. Jude Classic presented by Smith & Nephew,2010-06-10,2010-06-13,,stroke_play,,,
event_1147196dec82,espn_kaggle,2010_2010-06-17_U.S. Open Championship,PGA,2010,U.S. Open Championship,2010-06-17,2010-06-20,,stroke_play,,,
event_8693fb8c75fd,espn_kaggle,2010_2010-06-24_Travelers Championship,PGA,2010,Travelers Championship,2010-06-24,2010-06-27,,stroke_play,,,
event_7a1789a6da06,espn_kaggle,2010_2010-07-01_AT&T National,PGA,2010,AT&T National,2010-07-01,2010-07-04,,stroke_play,,,
event_a89e14b45ad6,espn_kaggle,2010_2010-07-08_John Deere Classic,PGA,2010,John Deere Classic,2010-07-08,2010-07-11,,stroke_play,,,
event_017ac1c4d569,espn_kaggle,2010_2010-07-15_The Open Championship,PGA,2010,The Open Championship,2010-07-15,2010-07-18,,stroke_play,,,
event_bb707d97b9f6,espn_kaggle,2010_2010-07-15_Reno-Tahoe Open,PGA,2010,Reno-Tahoe Open,2010-07-15,2010-07-18,,stroke_play,,,
event_4a6b4025320f,espn_kaggle,2010_2010-07-22_RBC Canadian Open,PGA,2010,RBC Canadian Open,2010-07-22,2010-07-25,,stroke_play,,,
event_c5697fec61dc,espn_kaggle,2010_2010-07-29_The Greenbrier Classic,PGA,2010,The Greenbrier Classic,2010-07-29,2010-08-01,,stroke_play,,,
event_7407c335898b,espn_kaggle,2010_2010-08-05_World Golf Championships-Bridgestone Invitational,PGA,2010,World Golf Championships-Bridgestone Invitational,2010-08-05,2010-08-08,,stroke_play,,,
event_43b4b0552c91,espn_kaggle,2010_2010-08-05_Turning Stone Resort Championship,PGA,2010,Turning Stone Resort Championship,2010-08-05,2010-08-08,,stroke_play,,,
event_7cebf93822d9,espn_kaggle,2010_2010-08-12_PGA Championship,PGA,2010,PGA Championship,2010-08-12,2010-08-15,,stroke_play,,,
event_8b6e8441ed2b,espn_kaggle,2010_2010-08-19_Wyndham Championship,PGA,2010,Wyndham Championship,2010-08-19,2010-08-22,,stroke_play,,,
event_062cb4154262,espn_kaggle,2010_2010-08-26_The Barclays,PGA,2010,The Barclays,2010-08-26,2010-08-29,,stroke_play,,,
event_05daf891be1a,espn_kaggle,2010_2010-09-03_Deutsche Bank Championship,PGA,2010,Deutsche Bank Championship,2010-09-03,2010-09-06,,stroke_play,,,
event_3d61a35f656c,espn_kaggle,2010_2010-09-09_BMW Championship,PGA,2010,BMW Championship,2010-09-09,2010-09-12,,stroke_play,,,
event_7e18514d877c,espn_kaggle,2010_2010-09-23_THE TOUR Championship presented by Coca-Cola,PGA,2010,THE TOUR Championship presented by Coca-Cola,2010-09-23,2010-09-26,,stroke_play,,,
event_c2f9825ceda4,espn_kaggle,2010_2010-09-30_Viking Classic,PGA,2010,Viking Classic,2010-09-30,2010-10-03,,stroke_play,,,
event_f24edc59281f,espn_kaggle,2010_2010-10-07_The McGladrey Classic,PGA,2010,The McGladrey Classic,2010-10-07,2010-10-10,,stroke_play,,,
event_aa3140b04576,espn_kaggle,2010_2010-10-14_Frys.com Open,PGA,2010,Frys.com Open,2010-10-14,2010-10-17,,stroke_play,,,
event_7dab26e2ebe0,espn_kaggle,2010_2010-10-21_Justin Timberlake Shriners Hospitals for Children Open,PGA,2010,Justin Timberlake Shriners Hospitals for Children Open,2010-10-21,2010-10-24,,stroke_play,,,
event_640a6e288f14,espn_kaggle,2010_2010-10-28_CIMB Asia Pacific Classic Malaysia,PGA,2010,CIMB Asia Pacific Classic Malaysia,2010-10-28,2010-10-31,,stroke_play,,,
event_04f3613b7aa0,espn_kaggle,2010_2010-11-03_WGC-HSBC Champions,PGA,2010,WGC-HSBC Champions,2010-11-03,2010-11-07,,stroke_play,,,
event_d73ef1ed5309,espn_kaggle,2010_2010-11-11_Children's Miracle Network Classic,PGA,2010,Children's Miracle Network Classic,2010-11-11,2010-11-14,,stroke_play,,,
event_d179905f87c9,espn_kaggle,2010_2010-12-01_PGA TOUR Qualifying Tournament,PGA,2010,PGA TOUR Qualifying Tournament,2010-12-01,2010-12-06,,stroke_play,,,
event_ffb5b58bd695,espn_kaggle,2010_2010-12-02_Chevron World Challenge,PGA,2010,Chevron World Challenge,2010-12-02,2010-12-05,,stroke_play,,,
event_ece60ec83318,espn_kaggle,2011_2011-01-06_Hyundai Tournament of Champions,PGA,2011,Hyundai Tournament of Champions,2011-01-06,2011-01-09,,stroke_play,,,
event_650483fbc32e,espn_kaggle,2011_2011-01-13_Sony Open in Hawaii,PGA,2011,Sony Open in Hawaii,2011-01-13,2011-01-16,,stroke_play,,,
event_3994e8a4b6c2,espn_kaggle,2011_2011-01-19_Bob Hope Classic,PGA,2011,Bob Hope Classic,2011-01-19,2011-01-23,,stroke_play,,,
event_5d54c637668c,espn_kaggle,2011_2011-01-27_Farmers Insurance Open,PGA,2011,Farmers Insurance Open,2011-01-27,2011-01-30,,stroke_play,,,
event_83db593cf7e9,espn_kaggle,2011_2011-02-03_Waste Management Phoenix Open,PGA,2011,Waste Management Phoenix Open,2011-02-03,2011-02-07,,stroke_play,,,
event_d7cc9a1755c2,espn_kaggle,2011_2011-02-10_AT&T Pebble Beach National Pro-Am,PGA,2011,AT&T Pebble Beach National Pro-Am,2011-02-10,2011-02-13,,stroke_play,,,
event_ca74c0878725,espn_kaggle,2011_2011-02-17_Northern Trust Open,PGA,2011,Northern Trust Open,2011-02-17,2011-02-20,,stroke_play,,,
event_267d1325c94f,espn_kaggle,2011_2011-02-24_Mayakoba Golf Classic at Riviera Maya-Cancun,PGA,2011,Mayakoba Golf Classic at Riviera Maya-Cancun,2011-02-24,2011-02-27,,stroke_play,,,
event_c920cc75cdba,espn_kaggle,2011_2011-03-03_The Honda Classic,PGA,2011,The Honda Classic,2011-03-03,2011-03-06,,stroke_play,,,
event_58cdb2d833eb,espn_kaggle,2011_2011-03-10_World Golf Championships-Cadillac Championship,PGA,2011,World Golf Championships-Cadillac Championship,2011-03-10,2011-03-13,,stroke_play,,,
event_950a4496a918,espn_kaggle,2011_2011-03-10_Puerto Rico Open presented by seepuertorico.com,PGA,2011,Puerto Rico Open presented by seepuertorico.com,2011-03-10,2011-03-13,,stroke_play,,,
event_96853500c927,espn_kaggle,2011_2011-03-17_Transitions Championship,PGA,2011,Transitions Championship,2011-03-17,2011-03-20,,stroke_play,,,
event_289dfed991f5,espn_kaggle,2011_2011-03-24_Arnold Palmer Invitational presented by MasterCard,PGA,2011,Arnold Palmer Invitational presented by MasterCard,2011-03-24,2011-03-27,,stroke_play,,,
event_27ddc1295d6e,espn_kaggle,2011_2011-03-31_Shell Houston Open,PGA,2011,Shell Houston Open,2011-03-31,2011-04-03,,stroke_play,,,
event_386ac343425f,espn_kaggle,2011_2011-04-07_The Masters,PGA,2011,The Masters,2011-04-07,2011-04-10,,stroke_play,,,
event_eec24d3b163d,espn_kaggle,2011_2011-04-14_Valero Texas Open,PGA,2011,Valero Texas Open,2011-04-14,2011-04-17,,stroke_play,,,
event_1a95859dca37,espn_kaggle,2011_2011-04-21_The Heritage,PGA,2011,The Heritage,2011-04-21,2011-04-24,,stroke_play,,,
event_31713ad4bc4c,espn_kaggle,2011_2011-04-28_Zurich Classic of New Orleans,PGA,2011,Zurich Classic of New Orleans,2011-04-28,2011-05-01,,stroke_play,,,
event_a9793ca47520,espn_kaggle,2011_2011-05-05_Wells Fargo Championship,PGA,2011,Wells Fargo Championship,2011-05-05,2011-05-08,,stroke_play,,,
event_4f0703bc13e7,espn_kaggle,2011_2011-05-12_THE PLAYERS Championship,PGA,2011,THE PLAYERS Championship,2011-05-12,2011-05-15,,stroke_play,,,
event_a31de5004a7b,espn_kaggle,2011_2011-05-19_Crowne Plaza Invitational at Colonial,PGA,2011,Crowne Plaza Invitational at Colonial,2011-05-19,2011-05-22,,stroke_play,,,
event_0b5161987dde,espn_kaggle,2011_2011-05-26_HP Byron Nelson Championship,PGA,2011,HP Byron Nelson Championship,2011-05-26,2011-05-29,,stroke_play,,,
event_710b1df147b7,espn_kaggle,2011_2011-06-02_the Memorial Tournament presented by Nationwide Insurance,PGA,2011,the Memorial Tournament presented by Nationwide Insurance,2011-06-02,2011-06-05,,stroke_play,,,
event_e025d05f58ab,espn_kaggle,2011_2011-06-09_FedEx St. Jude Classic,PGA,2011,FedEx St. Jude Classic,2011-06-09,2011-06-12,,stroke_play,,,
event_51c07b2b5cf4,espn_kaggle,2011_2011-06-16_U.S. Open,PGA,2011,U.S. Open,2011-06-16,2011-06-19,,stroke_play,,,
event_993a8ecc7945,espn_kaggle,2011_2011-06-23_Travelers Championship,PGA,2011,Travelers Championship,2011-06-23,2011-06-26,,stroke_play,,,
event_f7abc42c4969,espn_kaggle,2011_2011-06-30_AT&T National,PGA,2011,AT&T National,2011-06-30,2011-07-03,,stroke_play,,,
event_4adc728808b5,espn_kaggle,2011_2011-07-07_John Deere Classic,PGA,2011,John Deere Classic,2011-07-07,2011-07-10,,stroke_play,,,
event_1da351851bcf,espn_kaggle,2011_2011-07-14_The Open Championship,PGA,2011,The Open Championship,2011-07-14,2011-07-17,,stroke_play,,,
event_e25d75029d47,espn_kaggle,2011_2011-07-14_Viking Classic,PGA,2011,Viking Classic,2011-07-14,2011-07-17,,stroke_play,,,
event_4d0351c7baa8,espn_kaggle,2011_2011-07-21_RBC Canadian Open,PGA,2011,RBC Canadian Open,2011-07-21,2011-07-24,,stroke_play,,,
event_ba3a680d29df,espn_kaggle,2011_2011-07-28_The Greenbrier Classic,PGA,2011,The Greenbrier Classic,2011-07-28,2011-07-31,,stroke_play,,,
event_93693531e60c,espn_kaggle,2011_2011-08-04_World Golf Championships-Bridgestone Invitational,PGA,2011,World Golf Championships-Bridgestone Invitational,2011-08-04,2011-08-07,,stroke_play,,,
event_657394fd95a2,espn_kaggle,2011_2011-08-04_Reno-Tahoe Open,PGA,2011,Reno-Tahoe Open,2011-08-04,2011-08-07,,stroke_play,,,
event_de937acdd00f,espn_kaggle,2011_2011-08-11_PGA Championship,PGA,2011,PGA Championship,2011-08-11,2011-08-14,,stroke_play,,,
event_28cb95f06094,espn_kaggle,2011_2011-08-18_Wyndham Championship,PGA,2011,Wyndham Championship,2011-08-18,2011-08-21,,stroke_play,,,
event_3c1e2333339f,espn_kaggle,2011_2011-08-25_The Barclays,PGA,2011,The Barclays,2011-08-25,2011-08-28,,stroke_play,,,
event_4e9ac19b4cbd,espn_kaggle,2011_2011-09-02_Deutsche Bank Championship,PGA,2011,Deutsche Bank Championship,2011-09-02,2011-09-05,,stroke_play,,,
event_e64ea68711cd,espn_kaggle,2011_2011-09-15_BMW Championship,PGA,2011,BMW Championship,2011-09-15,2011-09-18,,stroke_play,,,
event_3e9fa1283f38,espn_kaggle,2011_2011-09-22_TOUR Championship by Coca-Cola,PGA,2011,TOUR Championship by Coca-Cola,2011-09-22,2011-09-25,,stroke_play,,,
event_777fa48191ce,espn_kaggle,2011_2011-09-29_Justin Timberlake Shriners Hospitals for Children Open,PGA,2011,Justin Timberlake Shriners Hospitals for Children Open,2011-09-29,2011-10-02,,stroke_play,,,
event_4140ff9eb8f4,espn_kaggle,2011_2011-10-06_Frys.com Open,PGA,2011,Frys.com Open,2011-10-06,2011-10-09,,stroke_play,,,
event_14f277a0f935,espn_kaggle,2011_2011-10-13_The McGladrey Classic,PGA,2011,The McGladrey Classic,2011-10-13,2011-10-16,,stroke_play,,,
event_5467a395bf22,espn_kaggle,2011_2011-10-20_Children's Miracle Network Hospitals Classic,PGA,2011,Children's Miracle Network Hospitals Classic,2011-10-20,2011-10-23,,stroke_play,,,
event_5e3c047c0209,espn_kaggle,2011_2011-10-27_CIMB Asia Pacific Classic Malaysia,PGA,2011,CIMB Asia Pacific Classic Malaysia,2011-10-27,2011-10-30,,stroke_play,,,
event_6de844aece00,espn_kaggle,2011_2011-11-03_World Golf Championships-HSBC Champions,PGA,2011,World Golf Championships-HSBC Champions,2011-11-03,2011-11-06,,stroke_play,,,
event_66c6b3918386,espn_kaggle,2011_2011-11-30_PGA TOUR Qualifying Tournament,PGA,2011,PGA TOUR Qualifying Tournament,2011-11-30,2011-12-05,,stroke_play,,,
event_36516cedcc76,espn_kaggle,2011_2011-12-01_Chevron World Challenge,PGA,2011,Chevron World Challenge,2011-12-01,2011-12-04,,stroke_play,,,
event_13f85f9d3757,espn_kaggle,2012_2012-01-06_Hyundai Tournament of Champions,PGA,2012,Hyundai Tournament of Champions,2012-01-06,2012-01-09,,stroke_play,,,
event_b11e8eae5d80,espn_kaggle,2012_2012-01-12_Sony Open in Hawaii,PGA,2012,Sony Open in Hawaii,2012-01-12,2012-01-15,,stroke_play,,,
event_b5f1e8488831,espn_kaggle,2012_2012-01-19_Humana Challenge in partnership with the Clinton Foundation,PGA,2012,Humana Challenge in partnership with the Clinton Foundation,2012-01-19,2012-01-22,,stroke_play,,,
event_d425d7225182,espn_kaggle,2012_2012-01-26_Farmers Insurance Open,PGA,2012,Farmers Insurance Open,2012-01-26,2012-01-29,,stroke_play,,,
event_40d2bf83f333,espn_kaggle,2012_2012-02-02_Waste Management Phoenix Open,PGA,2012,Waste Management Phoenix Open,2012-02-02,2012-02-05,,stroke_play,,,
event_ad327ee11fb5,espn_kaggle,2012_2012-02-09_AT&T Pebble Beach National Pro-Am,PGA,2012,AT&T Pebble Beach National Pro-Am,2012-02-09,2012-02-12,,stroke_play,,,
event_d9e1927ac159,espn_kaggle,2012_2012-02-16_Northern Trust Open,PGA,2012,Northern Trust Open,2012-02-16,2012-02-19,,stroke_play,,,
event_25ce6a05216e,espn_kaggle,2012_2012-02-23_Mayakoba Golf Classic,PGA,2012,Mayakoba Golf Classic,2012-02-23,2012-02-26,,stroke_play,,,
event_dbcee2e57b7a,espn_kaggle,2012_2012-03-01_The Honda Classic,PGA,2012,The Honda Classic,2012-03-01,2012-03-04,,stroke_play,,,
event_11b970b7efd6,espn_kaggle,2012_2012-03-08_Puerto Rico Open presented by seepuertorico.com,PGA,2012,Puerto Rico Open presented by seepuertorico.com,2012-03-08,2012-03-11,,stroke_play,,,
event_21700d9aee98,espn_kaggle,2012_2012-03-08_World Golf Championships-Cadillac Championship,PGA,2012,World Golf Championships-Cadillac Championship,2012-03-08,2012-03-11,,stroke_play,,,
event_b60cbed188f1,espn_kaggle,2012_2012-03-15_Transitions Championship,PGA,2012,Transitions Championship,2012-03-15,2012-03-18,,stroke_play,,,
event_84a35444bde9,espn_kaggle,2012_2012-03-22_Arnold Palmer Invitational presented by MasterCard,PGA,2012,Arnold Palmer Invitational presented by MasterCard,2012-03-22,2012-03-25,,stroke_play,,,
event_6242004c84a1,espn_kaggle,2012_2012-03-29_Shell Houston Open,PGA,2012,Shell Houston Open,2012-03-29,2012-04-01,,stroke_play,,,
event_d67b7bd37976,espn_kaggle,2012_2012-04-05_The Masters Tournament,PGA,2012,The Masters Tournament,2012-04-05,2012-04-08,,stroke_play,,,
event_25cd562a256e,espn_kaggle,2012_2012-04-12_RBC Heritage,PGA,2012,RBC Heritage,2012-04-12,2012-04-15,,stroke_play,,,
event_432222d9f13d,espn_kaggle,2012_2012-04-19_Valero Texas Open,PGA,2012,Valero Texas Open,2012-04-19,2012-04-22,,stroke_play,,,
event_1882ccf4154f,espn_kaggle,2012_2012-04-26_Zurich Classic of New Orleans,PGA,2012,Zurich Classic of New Orleans,2012-04-26,2012-04-29,,stroke_play,,,
event_fc927bf642d5,espn_kaggle,2012_2012-05-03_Wells Fargo Championship,PGA,2012,Wells Fargo Championship,2012-05-03,2012-05-06,,stroke_play,,,
event_0fdc5b689939,espn_kaggle,2012_2012-05-10_THE PLAYERS Championship,PGA,2012,THE PLAYERS Championship,2012-05-10,2012-05-13,,stroke_play,,,
event_5be1a1b0102f,espn_kaggle,2012_2012-05-17_HP Byron Nelson Championship,PGA,2012,HP Byron Nelson Championship,2012-05-17,2012-05-20,,stroke_play,,,
event_e86b0e14786c,espn_kaggle,2012_2012-05-24_Crowne Plaza Invitational at Colonial,PGA,2012,Crowne Plaza Invitational at Colonial,2012-05-24,2012-05-27,,stroke_play,,,
event_6fa8014dbadd,espn_kaggle,2012_2012-05-31_the Memorial Tournament presented by Nationwide Insurance,PGA,2012,the Memorial Tournament presented by Nationwide Insurance,2012-05-31,2012-06-03,,stroke_play,,,
event_63ea983fb09c,espn_kaggle,2012_2012-06-07_FedEx St. Jude Classic,PGA,2012,FedEx St. Jude Classic,2012-06-07,2012-06-10,,stroke_play,,,
event_ac3b7e55a3d3,espn_kaggle,2012_2012-06-14_U.S. Open Golf Championship,PGA,2012,U.S. Open Golf Championship,2012-06-14,2012-06-17,,stroke_play,,,
event_8c3eee3c203c,espn_kaggle,2012_2012-06-21_Travelers Championship,PGA,2012,Travelers Championship,2012-06-21,2012-06-24,,stroke_play,,,
event_4a0f4c32144a,espn_kaggle,2012_2012-06-28_AT&T National,PGA,2012,AT&T National,2012-06-28,2012-07-01,,stroke_play,,,
event_f2cfac3ba2cd,espn_kaggle,2012_2012-07-05_The Greenbrier Classic,PGA,2012,The Greenbrier Classic,2012-07-05,2012-07-08,,stroke_play,,,
event_f00e1db70a20,espn_kaggle,2012_2012-07-12_John Deere Classic,PGA,2012,John Deere Classic,2012-07-12,2012-07-15,,stroke_play,,,
event_bf97501b6c67,espn_kaggle,2012_2012-07-19_The Open Championship,PGA,2012,The Open Championship,2012-07-19,2012-07-22,,stroke_play,,,
event_bb56bcf06c91,espn_kaggle,2012_2012-07-19_True South Classic,PGA,2012,True South Classic,2012-07-19,2012-07-22,,stroke_play,,,
event_fb0323e442e9,espn_kaggle,2012_2012-07-26_RBC Canadian Open,PGA,2012,RBC Canadian Open,2012-07-26,2012-07-29,,stroke_play,,,
event_440d05e4bf01,espn_kaggle,2012_2012-08-02_World Golf Championships-Bridgestone Invitational,PGA,2012,World Golf Championships-Bridgestone Invitational,2012-08-02,2012-08-05,,stroke_play,,,
event_04a0456c1641,espn_kaggle,2012_2012-08-09_PGA Championship,PGA,2012,PGA Championship,2012-08-09,2012-08-12,,stroke_play,,,
event_8f256f0a8498,espn_kaggle,2012_2012-08-16_Wyndham Championship,PGA,2012,Wyndham Championship,2012-08-16,2012-08-20,,stroke_play,,,
event_2cdc440e948e,espn_kaggle,2012_2012-08-23_The Barclays,PGA,2012,The Barclays,2012-08-23,2012-08-26,,stroke_play,,,
event_8d30ea4e47b2,espn_kaggle,2012_2012-08-31_Deutsche Bank Championship,PGA,2012,Deutsche Bank Championship,2012-08-31,2012-09-03,,stroke_play,,,
event_f4288320c7bd,espn_kaggle,2012_2012-09-06_BMW Championship,PGA,2012,BMW Championship,2012-09-06,2012-09-09,,stroke_play,,,
event_7b69bc054d74,espn_kaggle,2012_2012-09-20_TOUR Championship by Coca-Cola,PGA,2012,TOUR Championship by Coca-Cola,2012-09-20,2012-09-23,,stroke_play,,,
event_7db9a560d6fc,espn_kaggle,2012_2012-10-04_Justin Timberlake Shriners Hospitals for Children Open,PGA,2012,Justin Timberlake Shriners Hospitals for Children Open,2012-10-04,2012-10-07,,stroke_play,,,
event_55255f209dd8,espn_kaggle,2012_2012-10-11_Frys.com Open,PGA,2012,Frys.com Open,2012-10-11,2012-10-14,,stroke_play,,,
event_40b27c5f0843,espn_kaggle,2012_2012-10-18_The McGladrey Classic,PGA,2012,The McGladrey Classic,2012-10-18,2012-10-21,,stroke_play,,,
event_aace6bce9ffb,espn_kaggle,2012_2012-10-25_CIMB Classic,PGA,2012,CIMB Classic,2012-10-25,2012-10-28,,stroke_play,,,
event_22eb2736fd77,espn_kaggle,2012_2012-11-01_World Golf Championships-HSBC Champions,PGA,2012,World Golf Championships-HSBC Champions,2012-11-01,2012-11-04,,stroke_play,,,
event_5df9e7ac6307,espn_kaggle,2012_2012-11-08_Children's Miracle Network Hospitals Classic,PGA,2012,Children's Miracle Network Hospitals Classic,2012-11-08,2012-11-11,,stroke_play,,,
event_96f48d46ec89,espn_kaggle,2012_2012-11-28_PGA TOUR Qualifying Tournament,PGA,2012,PGA TOUR Qualifying Tournament,2012-11-28,2012-12-03,,stroke_play,,,
event_5c2bfda2b923,espn_kaggle,2012_2012-11-29_World Challenge presented by Northwestern Mutual,PGA,2012,World Challenge presented by Northwestern Mutual,2012-11-29,2012-12-02,,stroke_play,,,
event_414f8653508e,espn_kaggle,2013_2013-01-04_Hyundai Tournament of Champions,PGA,2013,Hyundai Tournament of Champions,2013-01-04,2013-01-08,,stroke_play,,,
event_0ff35f0c4f6e,espn_kaggle,2013_2013-01-10_Sony Open in Hawaii,PGA,2013,Sony Open in Hawaii,2013-01-10,2013-01-13,,stroke_play,,,
event_d3b9a506129c,espn_kaggle,2013_2013-01-17_Humana Challenge in partnership with the Clinton Foundation,PGA,2013,Humana Challenge in partnership with the Clinton Foundation,2013-01-17,2013-01-20,,stroke_play,,,
event_472874490ef0,espn_kaggle,2013_2013-01-24_Farmers Insurance Open,PGA,2013,Farmers Insurance Open,2013-01-24,2013-01-28,,stroke_play,,,
event_dfa7a206f78d,espn_kaggle,2013_2013-01-31_Waste Management Phoenix Open,PGA,2013,Waste Management Phoenix Open,2013-01-31,2013-02-03,,stroke_play,,,
event_9d92fee77594,espn_kaggle,2013_2013-02-07_AT&T Pebble Beach National Pro-Am,PGA,2013,AT&T Pebble Beach National Pro-Am,2013-02-07,2013-02-10,,stroke_play,,,
event_45b238d04f16,espn_kaggle,2013_2013-02-14_Northern Trust Open,PGA,2013,Northern Trust Open,2013-02-14,2013-02-17,,stroke_play,,,
event_7ea10dce2d5b,espn_kaggle,2013_2013-02-28_The Honda Classic,PGA,2013,The Honda Classic,2013-02-28,2013-03-03,,stroke_play,,,
event_71264e2652f7,espn_kaggle,2013_2013-03-07_Puerto Rico Open presented by seepuertorico.com,PGA,2013,Puerto Rico Open presented by seepuertorico.com,2013-03-07,2013-03-10,,stroke_play,,,
event_2fede7551749,espn_kaggle,2013_2013-03-07_World Golf Championships-Cadillac Championship,PGA,2013,World Golf Championships-Cadillac Championship,2013-03-07,2013-03-10,,stroke_play,,,
event_3e51747c314e,espn_kaggle,2013_2013-03-14_Tampa Bay Championship presented by EverBank,PGA,2013,Tampa Bay Championship presented by EverBank,2013-03-14,2013-03-17,,stroke_play,,,
event_a6d6580777c7,espn_kaggle,2013_2013-03-21_Arnold Palmer Invitational presented by MasterCard,PGA,2013,Arnold Palmer Invitational presented by MasterCard,2013-03-21,2013-03-25,,stroke_play,,,
event_37ac9ffd46af,espn_kaggle,2013_2013-03-28_Shell Houston Open,PGA,2013,Shell Houston Open,2013-03-28,2013-03-31,,stroke_play,,,
event_f9d7850b5da4,espn_kaggle,2013_2013-04-04_Valero Texas Open,PGA,2013,Valero Texas Open,2013-04-04,2013-04-07,,stroke_play,,,
event_2088415fe269,espn_kaggle,2013_2013-04-11_Masters Tournament,PGA,2013,Masters Tournament,2013-04-11,2013-04-14,,stroke_play,,,
event_8f2124580317,espn_kaggle,2013_2013-04-18_RBC Heritage,PGA,2013,RBC Heritage,2013-04-18,2013-04-21,,stroke_play,,,
event_95a68b0ff4ec,espn_kaggle,2013_2013-04-25_Zurich Classic of New Orleans,PGA,2013,Zurich Classic of New Orleans,2013-04-25,2013-04-28,,stroke_play,,,
event_00acfc774194,espn_kaggle,2013_2013-05-02_Wells Fargo Championship,PGA,2013,Wells Fargo Championship,2013-05-02,2013-05-05,,stroke_play,,,
event_1f702d252b6e,espn_kaggle,2013_2013-05-09_THE PLAYERS Championship,PGA,2013,THE PLAYERS Championship,2013-05-09,2013-05-12,,stroke_play,,,
event_933b7024bd06,espn_kaggle,2013_2013-05-16_HP Byron Nelson Championship,PGA,2013,HP Byron Nelson Championship,2013-05-16,2013-05-19,,stroke_play,,,
event_eb591ec5690b,espn_kaggle,2013_2013-05-23_Crowne Plaza Invitational at Colonial,PGA,2013,Crowne Plaza Invitational at Colonial,2013-05-23,2013-05-26,,stroke_play,,,
event_38b6fb14158b,espn_kaggle,2013_2013-05-30_the Memorial Tournament presented by Nationwide Insurance,PGA,2013,the Memorial Tournament presented by Nationwide Insurance,2013-05-30,2013-06-02,,stroke_play,,,
event_0e50515bb2e6,espn_kaggle,2013_2013-06-06_FedEx St. Jude Classic,PGA,2013,FedEx St. Jude Classic,2013-06-06,2013-06-09,,stroke_play,,,
event_ca6ae93dfd99,espn_kaggle,2013_2013-06-13_U.S. Open Golf Championship,PGA,2013,U.S. Open Golf Championship,2013-06-13,2013-06-16,,stroke_play,,,
event_4eaa3fac36b4,espn_kaggle,2013_2013-06-20_Travelers Championship,PGA,2013,Travelers Championship,2013-06-20,2013-06-23,,stroke_play,,,
event_c4c8b31c133d,espn_kaggle,2013_2013-06-27_AT&T National,PGA,2013,AT&T National,2013-06-27,2013-06-30,,stroke_play,,,
event_28654ee13a1c,espn_kaggle,2013_2013-07-04_The Greenbrier Classic,PGA,2013,The Greenbrier Classic,2013-07-04,2013-07-07,,stroke_play,,,
event_55ce0c6c6680,espn_kaggle,2013_2013-07-11_John Deere Classic,PGA,2013,John Deere Classic,2013-07-11,2013-07-14,,stroke_play,,,
event_b2d2ffd81c3f,espn_kaggle,2013_2013-07-18_Sanderson Farms Championship,PGA,2013,Sanderson Farms Championship,2013-07-18,2013-07-21,,stroke_play,,,
event_5ad3c4497c07,espn_kaggle,2013_2013-07-18_The Open Championship,PGA,2013,The Open Championship,2013-07-18,2013-07-21,,stroke_play,,,
event_62b12915fe99,espn_kaggle,2013_2013-07-25_RBC Canadian Open,PGA,2013,RBC Canadian Open,2013-07-25,2013-07-28,,stroke_play,,,
event_6cf29b66ef43,espn_kaggle,2013_2013-08-01_World Golf Championships-Bridgestone Invitational,PGA,2013,World Golf Championships-Bridgestone Invitational,2013-08-01,2013-08-04,,stroke_play,,,
event_42992a08425a,espn_kaggle,2013_2013-08-08_PGA Championship,PGA,2013,PGA Championship,2013-08-08,2013-08-11,,stroke_play,,,
event_968104cb3218,espn_kaggle,2013_2013-08-15_Wyndham Championship,PGA,2013,Wyndham Championship,2013-08-15,2013-08-18,,stroke_play,,,
event_2f060514cb7e,espn_kaggle,2013_2013-08-22_The Barclays,PGA,2013,The Barclays,2013-08-22,2013-08-25,,stroke_play,,,
event_523684f24fcf,espn_kaggle,2013_2013-08-30_Deutsche Bank Championship,PGA,2013,Deutsche Bank Championship,2013-08-30,2013-09-02,,stroke_play,,,
event_871036f7495e,espn_kaggle,2013_2013-09-12_BMW Championship,PGA,2013,BMW Championship,2013-09-12,2013-09-16,,stroke_play,,,
event_84ac9ee5eca3,espn_kaggle,2013_2013-09-19_TOUR Championship by Coca-Cola,PGA,2013,TOUR Championship by Coca-Cola,2013-09-19,2013-09-22,,stroke_play,,,
event_b687d18ccc4b,espn_kaggle,2014_2013-10-10_Frys.com Open,PGA,2014,Frys.com Open,2013-10-10,2013-10-13,,stroke_play,,,
event_b84309d323d6,espn_kaggle,2014_2013-10-17_Shriners Hospitals for Children Open,PGA,2014,Shriners Hospitals for Children Open,2013-10-17,2013-10-20,,stroke_play,,,
event_742b21652621,espn_kaggle,2014_2013-10-24_CIMB Classic,PGA,2014,CIMB Classic,2013-10-24,2013-10-27,,stroke_play,,,
event_d2c6ef54e998,espn_kaggle,2014_2013-10-31_World Golf Championships-HSBC Champions,PGA,2014,World Golf Championships-HSBC Champions,2013-10-31,2013-11-03,,stroke_play,,,
event_b5f42a3dc861,espn_kaggle,2014_2013-11-07_The McGladrey Classic,PGA,2014,The McGladrey Classic,2013-11-07,2013-11-10,,stroke_play,,,
event_a5e4990445f9,espn_kaggle,2014_2013-11-14_OHL Classic at Mayakoba,PGA,2014,OHL Classic at Mayakoba,2013-11-14,2013-11-17,,stroke_play,,,
event_07c06219dfba,espn_kaggle,2014_2013-12-05_Northwestern Mutual World Challenge,PGA,2014,Northwestern Mutual World Challenge,2013-12-05,2013-12-08,,stroke_play,,,
event_04b02f7109d2,espn_kaggle,2014_2014-01-03_Hyundai Tournament of Champions,PGA,2014,Hyundai Tournament of Champions,2014-01-03,2014-01-06,,stroke_play,,,
event_7ccf947f2670,espn_kaggle,2014_2014-01-16_Humana Challenge in partnership with the Clinton Foundation,PGA,2014,Humana Challenge in partnership with the Clinton Foundation,2014-01-16,2014-01-19,,stroke_play,,,
event_e4a87b84aafd,espn_kaggle,2014_2014-01-23_Farmers Insurance Open,PGA,2014,Farmers Insurance Open,2014-01-23,2014-01-26,,stroke_play,,,
event_4a0b9196baad,espn_kaggle,2014_2014-01-30_Waste Management Phoenix Open,PGA,2014,Waste Management Phoenix Open,2014-01-30,2014-02-02,,stroke_play,,,
event_0481c625f1b4,espn_kaggle,2014_2014-02-06_AT&T Pebble Beach National Pro-Am,PGA,2014,AT&T Pebble Beach National Pro-Am,2014-02-06,2014-02-09,,stroke_play,,,
event_bd0e31bc70ce,espn_kaggle,2014_2014-02-13_Northern Trust Open,PGA,2014,Northern Trust Open,2014-02-13,2014-02-16,,stroke_play,,,
event_a22c0e6a467e,espn_kaggle,2014_2014-02-27_The Honda Classic,PGA,2014,The Honda Classic,2014-02-27,2014-03-02,,stroke_play,,,
event_d6b8325fd6ae,espn_kaggle,2014_2014-03-06_Puerto Rico Open presented by seepuertorico.com,PGA,2014,Puerto Rico Open presented by seepuertorico.com,2014-03-06,2014-03-09,,stroke_play,,,
event_46b8c5b19355,espn_kaggle,2014_2014-03-06_World Golf Championships-Cadillac Championship,PGA,2014,World Golf Championships-Cadillac Championship,2014-03-06,2014-03-09,,stroke_play,,,
event_3edc0fe7571a,espn_kaggle,2014_2014-03-13_Valspar Championship,PGA,2014,Valspar Championship,2014-03-13,2014-03-16,,stroke_play,,,
event_a3209ec59ccd,espn_kaggle,2014_2014-03-20_Arnold Palmer Invitational presented by MasterCard,PGA,2014,Arnold Palmer Invitational presented by MasterCard,2014-03-20,2014-03-23,,stroke_play,,,
event_d6566cf66e11,espn_kaggle,2014_2014-03-27_Valero Texas Open,PGA,2014,Valero Texas Open,2014-03-27,2014-03-30,,stroke_play,,,
event_d451019aa9f7,espn_kaggle,2014_2014-04-03_Shell Houston Open,PGA,2014,Shell Houston Open,2014-04-03,2014-04-06,,stroke_play,,,
event_784bd25b524b,espn_kaggle,2014_2014-04-10_Masters Tournament,PGA,2014,Masters Tournament,2014-04-10,2014-04-13,,stroke_play,,,
event_1d185f204450,espn_kaggle,2014_2014-04-17_RBC Heritage,PGA,2014,RBC Heritage,2014-04-17,2014-04-20,,stroke_play,,,
event_03f64aa5874b,espn_kaggle,2014_2014-04-24_Zurich Classic of New Orleans,PGA,2014,Zurich Classic of New Orleans,2014-04-24,2014-04-27,,stroke_play,,,
event_8b7a7acd97ec,espn_kaggle,2014_2014-05-01_Wells Fargo Championship,PGA,2014,Wells Fargo Championship,2014-05-01,2014-05-04,,stroke_play,,,
event_db15d81546de,espn_kaggle,2014_2014-05-08_THE PLAYERS Championship,PGA,2014,THE PLAYERS Championship,2014-05-08,2014-05-11,,stroke_play,,,
event_8d782ddae42c,espn_kaggle,2014_2014-05-15_HP Byron Nelson Championship,PGA,2014,HP Byron Nelson Championship,2014-05-15,2014-05-18,,stroke_play,,,
event_53d6c3eb8578,espn_kaggle,2014_2014-05-22_Crowne Plaza Invitational at Colonial,PGA,2014,Crowne Plaza Invitational at Colonial,2014-05-22,2014-05-25,,stroke_play,,,
event_061c9d23f421,espn_kaggle,2014_2014-05-29_the Memorial Tournament presented by Nationwide Insurance,PGA,2014,the Memorial Tournament presented by Nationwide Insurance,2014-05-29,2014-06-01,,stroke_play,,,
event_d5626575c0ea,espn_kaggle,2014_2014-06-05_FedEx St. Jude Classic,PGA,2014,FedEx St. Jude Classic,2014-06-05,2014-06-08,,stroke_play,,,
event_5e9e70cb49fd,espn_kaggle,2014_2014-06-12_U.S. Open Golf Championship,PGA,2014,U.S. Open Golf Championship,2014-06-12,2014-06-15,,stroke_play,,,
event_73a889e482f0,espn_kaggle,2014_2014-06-19_Travelers Championship,PGA,2014,Travelers Championship,2014-06-19,2014-06-22,,stroke_play,,,
event_e195eb8a79df,espn_kaggle,2014_2014-06-26_Quicken Loans National,PGA,2014,Quicken Loans National,2014-06-26,2014-06-29,,stroke_play,,,
event_834eee5568a9,espn_kaggle,2014_2014-07-03_The Greenbrier Classic,PGA,2014,The Greenbrier Classic,2014-07-03,2014-07-06,,stroke_play,,,
event_16cec9946dc6,espn_kaggle,2014_2014-07-10_John Deere Classic,PGA,2014,John Deere Classic,2014-07-10,2014-07-13,,stroke_play,,,
event_ab238f033b76,espn_kaggle,2014_2014-07-17_The Open Championship,PGA,2014,The Open Championship,2014-07-17,2014-07-20,,stroke_play,,,
event_bcbd70003b8b,espn_kaggle,2014_2014-07-24_RBC Canadian Open,PGA,2014,RBC Canadian Open,2014-07-24,2014-07-27,,stroke_play,,,
event_2a3f84aefaa8,espn_kaggle,2014_2014-07-31_World Golf Championships-Bridgestone Invitational,PGA,2014,World Golf Championships-Bridgestone Invitational,2014-07-31,2014-08-03,,stroke_play,,,
event_bcba67e6cf18,espn_kaggle,2014_2014-08-07_PGA Championship,PGA,2014,PGA Championship,2014-08-07,2014-08-10,,stroke_play,,,
event_380ab94b85d4,espn_kaggle,2014_2014-08-14_Wyndham Championship,PGA,2014,Wyndham Championship,2014-08-14,2014-08-17,,stroke_play,,,
event_812e1a7f53fd,espn_kaggle,2014_2014-08-21_The Barclays,PGA,2014,The Barclays,2014-08-21,2014-08-24,,stroke_play,,,
event_9e88b95a1097,espn_kaggle,2014_2014-08-29_Deutsche Bank Championship,PGA,2014,Deutsche Bank Championship,2014-08-29,2014-09-01,,stroke_play,,,
event_d379a33f4f56,espn_kaggle,2014_2014-09-04_BMW Championship,PGA,2014,BMW Championship,2014-09-04,2014-09-07,,stroke_play,,,
event_eb07737cc57b,espn_kaggle,2014_2014-09-11_TOUR Championship by Coca-Cola,PGA,2014,TOUR Championship by Coca-Cola,2014-09-11,2014-09-14,,stroke_play,,,
event_108654b6bb2c,espn_kaggle,2015_2014-10-09_Frys.com Open,PGA,2015,Frys.com Open,2014-10-09,2014-10-12,,stroke_play,,,
event_6147ac8f5538,espn_kaggle,2015_2014-10-16_Shriners Hospitals for Children Open,PGA,2015,Shriners Hospitals for Children Open,2014-10-16,2014-10-19,,stroke_play,,,
event_d65703f0a9be,espn_kaggle,2015_2014-10-23_The McGladrey Classic,PGA,2015,The McGladrey Classic,2014-10-23,2014-10-26,,stroke_play,,,
event_9127e9bb738c,espn_kaggle,2015_2014-10-30_CIMB Classic,PGA,2015,CIMB Classic,2014-10-30,2014-11-02,,stroke_play,,,
event_c58aafc0a7c8,espn_kaggle,2015_2014-11-06_World Golf Championships-HSBC Champions,PGA,2015,World Golf Championships-HSBC Champions,2014-11-06,2014-11-09,,stroke_play,,,
event_ccf5c1a8debb,espn_kaggle,2015_2014-11-06_Sanderson Farms Championship,PGA,2015,Sanderson Farms Championship,2014-11-06,2014-11-09,,stroke_play,,,
event_b07d8584a81c,espn_kaggle,2015_2014-11-13_OHL Classic at Mayakoba,PGA,2015,OHL Classic at Mayakoba,2014-11-13,2014-11-16,,stroke_play,,,
event_bd5bfaf56c1a,espn_kaggle,2015_2014-12-04_Hero World Challenge,PGA,2015,Hero World Challenge,2014-12-04,2014-12-07,,stroke_play,,,
event_e797493b414d,espn_kaggle,2015_2015-01-09_Hyundai Tournament of Champions,PGA,2015,Hyundai Tournament of Champions,2015-01-09,2015-01-12,,stroke_play,,,
event_284de82000d3,espn_kaggle,2015_2015-01-15_Sony Open in Hawaii,PGA,2015,Sony Open in Hawaii,2015-01-15,2015-01-18,,stroke_play,,,
event_928fdd2fc497,espn_kaggle,2015_2015-01-22_Humana Challenge in partnership with the Clinton Foundation,PGA,2015,Humana Challenge in partnership with the Clinton Foundation,2015-01-22,2015-01-25,,stroke_play,,,
event_bccc0427f161,espn_kaggle,2015_2015-01-29_Waste Management Phoenix Open,PGA,2015,Waste Management Phoenix Open,2015-01-29,2015-02-01,,stroke_play,,,
event_dd0c51266566,espn_kaggle,2015_2015-02-05_Farmers Insurance Open,PGA,2015,Farmers Insurance Open,2015-02-05,2015-02-08,,stroke_play,,,
event_03648600de73,espn_kaggle,2015_2015-02-12_AT&T Pebble Beach National Pro-Am,PGA,2015,AT&T Pebble Beach National Pro-Am,2015-02-12,2015-02-15,,stroke_play,,,
event_db95c1b4ffc9,espn_kaggle,2015_2015-02-19_Northern Trust Open,PGA,2015,Northern Trust Open,2015-02-19,2015-02-22,,stroke_play,,,
event_2c1ad7d87831,espn_kaggle,2015_2015-02-26_The Honda Classic,PGA,2015,The Honda Classic,2015-02-26,2015-03-02,,stroke_play,,,
event_d6c74b19775f,espn_kaggle,2015_2015-03-05_Puerto Rico Open,PGA,2015,Puerto Rico Open,2015-03-05,2015-03-08,,stroke_play,,,
event_e49380461029,espn_kaggle,2015_2015-03-05_World Golf Championships-Cadillac Championship,PGA,2015,World Golf Championships-Cadillac Championship,2015-03-05,2015-03-08,,stroke_play,,,
event_a789fbd335e8,espn_kaggle,2015_2015-03-12_Valspar Championship,PGA,2015,Valspar Championship,2015-03-12,2015-03-15,,stroke_play,,,
event_1c58aee1f507,espn_kaggle,2015_2015-03-19_Arnold Palmer Invitational presented by MasterCard,PGA,2015,Arnold Palmer Invitational presented by MasterCard,2015-03-19,2015-03-22,,stroke_play,,,
event_b9617ac8ee5e,espn_kaggle,2015_2015-03-26_Valero Texas Open,PGA,2015,Valero Texas Open,2015-03-26,2015-03-29,,stroke_play,,,
event_d4f8ef4efb6c,espn_kaggle,2015_2015-04-02_Shell Houston Open,PGA,2015,Shell Houston Open,2015-04-02,2015-04-05,,stroke_play,,,
event_9ceb6394fa66,espn_kaggle,2015_2015-04-09_Masters Tournament,PGA,2015,Masters Tournament,2015-04-09,2015-04-12,,stroke_play,,,
event_84a9b03d26c0,espn_kaggle,2015_2015-04-16_RBC Heritage,PGA,2015,RBC Heritage,2015-04-16,2015-04-19,,stroke_play,,,
event_9f3ce6e020e6,espn_kaggle,2015_2015-04-23_Zurich Classic of New Orleans,PGA,2015,Zurich Classic of New Orleans,2015-04-23,2015-04-26,,stroke_play,,,
event_7bbc7c750e3e,espn_kaggle,2015_2015-05-07_THE PLAYERS Championship,PGA,2015,THE PLAYERS Championship,2015-05-07,2015-05-10,,stroke_play,,,
event_c06a53ecfd19,espn_kaggle,2015_2015-05-14_Wells Fargo Championship,PGA,2015,Wells Fargo Championship,2015-05-14,2015-05-17,,stroke_play,,,
event_311f35ba497d,espn_kaggle,2015_2015-05-21_Crowne Plaza Invitational at  Colonial,PGA,2015,Crowne Plaza Invitational at  Colonial,2015-05-21,2015-05-24,,stroke_play,,,
event_3bc6df386d1f,espn_kaggle,2015_2015-05-28_AT&T Byron Nelson,PGA,2015,AT&T Byron Nelson,2015-05-28,2015-05-31,,stroke_play,,,
event_e6a7975e6cea,espn_kaggle,2015_2015-06-04_the Memorial Tournament presented by Nationwide,PGA,2015,the Memorial Tournament presented by Nationwide,2015-06-04,2015-06-07,,stroke_play,,,
event_1fd78ca8fdcb,espn_kaggle,2015_2015-06-11_FedEx St. Jude Classic,PGA,2015,FedEx St. Jude Classic,2015-06-11,2015-06-14,,stroke_play,,,
event_aa9485ba7039,espn_kaggle,2015_2015-06-18_U.S. Open,PGA,2015,U.S. Open,2015-06-18,2015-06-21,,stroke_play,,,
event_54dfd3867f0c,espn_kaggle,2015_2015-06-25_Travelers Championship,PGA,2015,Travelers Championship,2015-06-25,2015-06-28,,stroke_play,,,
event_02850fc5743c,espn_kaggle,2015_2015-07-02_The Greenbrier Classic,PGA,2015,The Greenbrier Classic,2015-07-02,2015-07-05,,stroke_play,,,
event_0303e559f7eb,espn_kaggle,2015_2015-07-09_John Deere Classic,PGA,2015,John Deere Classic,2015-07-09,2015-07-12,,stroke_play,,,
event_2ec7a67e022c,espn_kaggle,2015_2015-07-16_The Open,PGA,2015,The Open,2015-07-16,2015-07-20,,stroke_play,,,
event_d937146098c9,espn_kaggle,2015_2015-07-16_Barbasol Championship,PGA,2015,Barbasol Championship,2015-07-16,2015-07-19,,stroke_play,,,
event_9835678c02a7,espn_kaggle,2015_2015-07-23_RBC Canadian Open,PGA,2015,RBC Canadian Open,2015-07-23,2015-07-26,,stroke_play,,,
event_332b6195cd85,espn_kaggle,2015_2015-07-30_Quicken Loans National,PGA,2015,Quicken Loans National,2015-07-30,2015-08-02,,stroke_play,,,
event_482eb5b5507b,espn_kaggle,2015_2015-08-06_World Golf Championships-Bridgestone Invitational,PGA,2015,World Golf Championships-Bridgestone Invitational,2015-08-06,2015-08-09,,stroke_play,,,
event_3eee8c837925,espn_kaggle,2015_2015-08-13_PGA Championship,PGA,2015,PGA Championship,2015-08-13,2015-08-16,,stroke_play,,,
event_1bcc270f925f,espn_kaggle,2015_2015-08-20_Wyndham Championship,PGA,2015,Wyndham Championship,2015-08-20,2015-08-23,,stroke_play,,,
event_ff5ac92188f5,espn_kaggle,2015_2015-08-27_The Barclays,PGA,2015,The Barclays,2015-08-27,2015-08-30,,stroke_play,,,
event_ec912e8767ac,espn_kaggle,2015_2015-09-04_Deutsche Bank Championship,PGA,2015,Deutsche Bank Championship,2015-09-04,2015-09-07,,stroke_play,,,
event_9c586b04ef98,espn_kaggle,2015_2015-09-17_BMW Championship,PGA,2015,BMW Championship,2015-09-17,2015-09-20,,stroke_play,,,
event_705abcd05b5e,espn_kaggle,2015_2015-09-24_TOUR Championship by Coca-Cola,PGA,2015,TOUR Championship by Coca-Cola,2015-09-24,2015-09-27,,stroke_play,,,
event_35de12ae65a7,espn_kaggle,2016_2015-10-15_Frys.com Open,PGA,2016,Frys.com Open,2015-10-15,2015-10-18,,stroke_play,,,
event_d09525b50dc7,espn_kaggle,2016_2015-10-22_Shriners Hospitals for Children Open,PGA,2016,Shriners Hospitals for Children Open,2015-10-22,2015-10-25,,stroke_play,,,
event_62eeb1a22c14,espn_kaggle,2016_2015-10-29_CIMB Classic,PGA,2016,CIMB Classic,2015-10-29,2015-11-01,,stroke_play,,,
event_6771ee2ab63d,espn_kaggle,2016_2015-11-05_World Golf Championships-HSBC Champions,PGA,2016,World Golf Championships-HSBC Champions,2015-11-05,2015-11-08,,stroke_play,,,
event_cc928c4af4ed,espn_kaggle,2016_2015-11-05_Sanderson Farms Championship,PGA,2016,Sanderson Farms Championship,2015-11-05,2015-11-09,,stroke_play,,,
event_1fd3b938f3df,espn_kaggle,2016_2015-11-12_OHL Classic at Mayakoba,PGA,2016,OHL Classic at Mayakoba,2015-11-12,2015-11-16,,stroke_play,,,
event_28c1c97fee19,espn_kaggle,2016_2015-11-19_The RSM Classic,PGA,2016,The RSM Classic,2015-11-19,2015-11-22,,stroke_play,,,
event_6f5ee340abe4,espn_kaggle,2016_2015-12-03_Hero World Challenge,PGA,2016,Hero World Challenge,2015-12-03,2015-12-06,,stroke_play,,,
event_9b1acf4a8ee7,espn_kaggle,2016_2016-01-07_Hyundai Tournament of Champions,PGA,2016,Hyundai Tournament of Champions,2016-01-07,2016-01-10,,stroke_play,,,
event_36a247bb6dc5,espn_kaggle,2016_2016-01-14_Sony Open in Hawaii,PGA,2016,Sony Open in Hawaii,2016-01-14,2016-01-17,,stroke_play,,,
event_3ff1d8dfb8f4,espn_kaggle,2016_2016-01-21_CareerBuilder Challenge in partnership with the Clinton Foundation,PGA,2016,CareerBuilder Challenge in partnership with the Clinton Foundation,2016-01-21,2016-01-24,,stroke_play,,,
event_e9bf255577c1,espn_kaggle,2016_2016-01-28_Farmers Insurance Open,PGA,2016,Farmers Insurance Open,2016-01-28,2016-02-01,,stroke_play,,,
event_b9e00028f88f,espn_kaggle,2016_2016-02-04_Waste Management Phoenix Open,PGA,2016,Waste Management Phoenix Open,2016-02-04,2016-02-07,,stroke_play,,,
event_cb9e7b8c21d7,espn_kaggle,2016_2016-02-11_AT&T Pebble Beach Pro-Am,PGA,2016,AT&T Pebble Beach Pro-Am,2016-02-11,2016-02-14,,stroke_play,,,
event_76db7de4bb75,espn_kaggle,2016_2016-02-18_Northern Trust Open,PGA,2016,Northern Trust Open,2016-02-18,2016-02-21,,stroke_play,,,
event_6f018daa411d,espn_kaggle,2016_2016-02-25_The Honda Classic,PGA,2016,The Honda Classic,2016-02-25,2016-02-28,,stroke_play,,,
event_77e23b59e668,espn_kaggle,2016_2016-03-03_World Golf Championships-Cadillac Championship,PGA,2016,World Golf Championships-Cadillac Championship,2016-03-03,2016-03-06,,stroke_play,,,
event_87a32356433e,espn_kaggle,2016_2016-03-10_Valspar Championship,PGA,2016,Valspar Championship,2016-03-10,2016-03-13,,stroke_play,,,
event_c8338645c8a0,espn_kaggle,2016_2016-03-17_Arnold Palmer Invitational presented by MasterCard,PGA,2016,Arnold Palmer Invitational presented by MasterCard,2016-03-17,2016-03-20,,stroke_play,,,
event_dd6f534dbf34,espn_kaggle,2016_2016-03-24_Puerto Rico Open at Coco Beach,PGA,2016,Puerto Rico Open at Coco Beach,2016-03-24,2016-03-27,,stroke_play,,,
event_de6ab9d6bc6d,espn_kaggle,2016_2016-03-31_Shell Houston Open,PGA,2016,Shell Houston Open,2016-03-31,2016-04-03,,stroke_play,,,
event_d8e1a0202d07,espn_kaggle,2016_2016-04-07_Masters Tournament,PGA,2016,Masters Tournament,2016-04-07,2016-04-10,,stroke_play,,,
event_e3f8ad382ca1,espn_kaggle,2016_2016-04-14_RBC Heritage,PGA,2016,RBC Heritage,2016-04-14,2016-04-17,,stroke_play,,,
event_10508d3748c4,espn_kaggle,2016_2016-04-21_Valero Texas Open,PGA,2016,Valero Texas Open,2016-04-21,2016-04-24,,stroke_play,,,
event_f96e0ec5b1d1,espn_kaggle,2016_2016-04-28_Zurich Classic of New Orleans,PGA,2016,Zurich Classic of New Orleans,2016-04-28,2016-05-02,,stroke_play,,,
event_096553607736,espn_kaggle,2016_2016-05-05_Wells Fargo Championship,PGA,2016,Wells Fargo Championship,2016-05-05,2016-05-08,,stroke_play,,,
event_250ba06b86cb,espn_kaggle,2016_2016-05-12_THE PLAYERS Championship,PGA,2016,THE PLAYERS Championship,2016-05-12,2016-05-15,,stroke_play,,,
event_53e16400b11a,espn_kaggle,2016_2016-05-19_AT&T Byron Nelson,PGA,2016,AT&T Byron Nelson,2016-05-19,2016-05-22,,stroke_play,,,
event_b044867c2cd1,espn_kaggle,2016_2016-05-26_DEAN & DELUCA Invitational,PGA,2016,DEAN & DELUCA Invitational,2016-05-26,2016-05-29,,stroke_play,,,
event_269e7dd634e0,espn_kaggle,2016_2016-06-02_the Memorial Tournament presented by Nationwide,PGA,2016,the Memorial Tournament presented by Nationwide,2016-06-02,2016-06-05,,stroke_play,,,
event_96108add1bed,espn_kaggle,2016_2016-06-09_FedEx St. Jude Classic,PGA,2016,FedEx St. Jude Classic,2016-06-09,2016-06-12,,stroke_play,,,
event_f6683cb983db,espn_kaggle,2016_2016-06-16_U.S. Open,PGA,2016,U.S. Open,2016-06-16,2016-06-19,,stroke_play,,,
event_e3815dee67cd,espn_kaggle,2016_2016-06-23_Quicken Loans National,PGA,2016,Quicken Loans National,2016-06-23,2016-06-26,,stroke_play,,,
event_03ed885ab287,espn_kaggle,2016_2016-06-30_World Golf Championships-Bridgestone Invitational,PGA,2016,World Golf Championships-Bridgestone Invitational,2016-06-30,2016-07-03,,stroke_play,,,
event_15d44d0cb126,espn_kaggle,2016_2016-07-14_Barbasol Championship,PGA,2016,Barbasol Championship,2016-07-14,2016-07-17,,stroke_play,,,
event_7a78c9730a78,espn_kaggle,2016_2016-07-14_The Open,PGA,2016,The Open,2016-07-14,2016-07-17,,stroke_play,,,
event_c985f84598a1,espn_kaggle,2016_2016-07-21_RBC Canadian Open,PGA,2016,RBC Canadian Open,2016-07-21,2016-07-24,,stroke_play,,,
event_76e8e5b12512,espn_kaggle,2016_2016-07-28_PGA Championship,PGA,2016,PGA Championship,2016-07-28,2016-07-31,,stroke_play,,,
event_7871433d3bca,espn_kaggle,2016_2016-08-04_Travelers Championship,PGA,2016,Travelers Championship,2016-08-04,2016-08-07,,stroke_play,,,
event_71ca30e26899,espn_kaggle,2016_2016-08-11_John Deere Classic,PGA,2016,John Deere Classic,2016-08-11,2016-08-14,,stroke_play,,,
event_0c5fbe4ddbec,espn_kaggle,2016_2016-08-18_Wyndham Championship,PGA,2016,Wyndham Championship,2016-08-18,2016-08-21,,stroke_play,,,
event_5e88f4480639,espn_kaggle,2016_2016-08-25_The Barclays,PGA,2016,The Barclays,2016-08-25,2016-08-28,,stroke_play,,,
event_9a7142a87360,espn_kaggle,2016_2016-09-02_Deutsche Bank Championship,PGA,2016,Deutsche Bank Championship,2016-09-02,2016-09-05,,stroke_play,,,
event_fb7784454be7,espn_kaggle,2016_2016-09-08_BMW Championship,PGA,2016,BMW Championship,2016-09-08,2016-09-11,,stroke_play,,,
event_a5f10b088ed3,espn_kaggle,2016_2016-09-22_TOUR Championship,PGA,2016,TOUR Championship,2016-09-22,2016-09-25,,stroke_play,,,
event_834c5370e1f4,espn_kaggle,2017_2016-10-13_Safeway Open,PGA,2017,Safeway Open,2016-10-13,2016-10-16,,stroke_play,,,
event_1a89c2653106,espn_kaggle,2017_2016-10-20_CIMB Classic,PGA,2017,CIMB Classic,2016-10-20,2016-10-23,,stroke_play,,,
event_cf897645f7bb,espn_kaggle,2017_2016-10-26_World Golf Championships-HSBC Champions,PGA,2017,World Golf Championships-HSBC Champions,2016-10-26,2016-10-30,,stroke_play,,,
event_4334b476f627,espn_kaggle,2017_2016-10-27_Sanderson Farms Championship,PGA,2017,Sanderson Farms Championship,2016-10-27,2016-10-30,,stroke_play,,,
event_85d1155ca8bf,espn_kaggle,2017_2016-11-03_Shriners Hospitals for Children Open,PGA,2017,Shriners Hospitals for Children Open,2016-11-03,2016-11-06,,stroke_play,,,
event_c448c5238de9,espn_kaggle,2017_2016-11-10_OHL Classic at Mayakoba,PGA,2017,OHL Classic at Mayakoba,2016-11-10,2016-11-13,,stroke_play,,,
event_6ab4ad176c31,espn_kaggle,2017_2016-11-17_The RSM Classic,PGA,2017,The RSM Classic,2016-11-17,2016-11-20,,stroke_play,,,
event_56e3d5ec1556,espn_kaggle,2017_2016-12-01_Hero World Challenge,PGA,2017,Hero World Challenge,2016-12-01,2016-12-04,,stroke_play,,,
event_b9d0d0d06d48,espn_kaggle,2017_2017-01-05_SBS Tournament of Champions,PGA,2017,SBS Tournament of Champions,2017-01-05,2017-01-08,,stroke_play,,,
event_91add33f8e3b,espn_kaggle,2017_2017-01-12_Sony Open in Hawaii,PGA,2017,Sony Open in Hawaii,2017-01-12,2017-01-15,,stroke_play,,,
event_5b962549c894,espn_kaggle,2017_2017-01-19_CareerBuilder Challenge,PGA,2017,CareerBuilder Challenge,2017-01-19,2017-01-22,,stroke_play,,,
event_7620d28b137a,espn_kaggle,2017_2017-01-26_Farmers Insurance Open,PGA,2017,Farmers Insurance Open,2017-01-26,2017-01-29,,stroke_play,,,
event_1557aebb690a,espn_kaggle,2017_2017-02-02_Waste Management Phoenix Open,PGA,2017,Waste Management Phoenix Open,2017-02-02,2017-02-05,,stroke_play,,,
event_bcec004ed151,espn_kaggle,2017_2017-02-09_AT&T Pebble Beach Pro-Am,PGA,2017,AT&T Pebble Beach Pro-Am,2017-02-09,2017-02-12,,stroke_play,,,
event_308f13bbf40c,espn_kaggle,2017_2017-02-16_Genesis Open,PGA,2017,Genesis Open,2017-02-16,2017-02-19,,stroke_play,,,
event_b3c256ac483f,espn_kaggle,2017_2017-02-23_The Honda Classic,PGA,2017,The Honda Classic,2017-02-23,2017-02-26,,stroke_play,,,
event_37945467c725,espn_kaggle,2017_2017-03-02_World Golf Championships-Mexico Championship,PGA,2017,World Golf Championships-Mexico Championship,2017-03-02,2017-03-05,,stroke_play,,,
event_a0f86389941f,espn_kaggle,2017_2017-03-09_Valspar Championship,PGA,2017,Valspar Championship,2017-03-09,2017-03-12,,stroke_play,,,
event_43ea49c8e6b3,espn_kaggle,2017_2017-03-16_Arnold Palmer Invitational presented by Mastercard,PGA,2017,Arnold Palmer Invitational presented by Mastercard,2017-03-16,2017-03-19,,stroke_play,,,
event_80218fad4269,espn_kaggle,2017_2017-03-23_Puerto Rico Open,PGA,2017,Puerto Rico Open,2017-03-23,2017-03-26,,stroke_play,,,
event_90c3f748175c,espn_kaggle,2017_2017-03-30_Shell Houston Open,PGA,2017,Shell Houston Open,2017-03-30,2017-04-02,,stroke_play,,,
event_938d0be325df,espn_kaggle,2017_2017-04-06_2017 Masters Tournament,PGA,2017,2017 Masters Tournament,2017-04-06,2017-04-09,,stroke_play,,,
event_213a5b3af021,espn_kaggle,2017_2017-04-13_RBC Heritage,PGA,2017,RBC Heritage,2017-04-13,2017-04-16,,stroke_play,,,
event_d1cf20a38b7c,espn_kaggle,2017_2017-04-20_Valero Texas Open,PGA,2017,Valero Texas Open,2017-04-20,2017-04-23,,stroke_play,,,
event_f5a7d7b07b77,espn_kaggle,2017_2017-05-04_Wells Fargo Championship,PGA,2017,Wells Fargo Championship,2017-05-04,2017-05-07,,stroke_play,,,
event_745859228b83,espn_kaggle,2017_2017-05-11_THE PLAYERS Championship,PGA,2017,THE PLAYERS Championship,2017-05-11,2017-05-14,,stroke_play,,,
event_25adfedd8c0f,espn_kaggle,2017_2017-05-18_AT&T Byron Nelson,PGA,2017,AT&T Byron Nelson,2017-05-18,2017-05-21,,stroke_play,,,
event_e397605013aa,espn_kaggle,2017_2017-05-25_DEAN & DELUCA Invitational,PGA,2017,DEAN & DELUCA Invitational,2017-05-25,2017-05-28,,stroke_play,,,
event_b38b0c6b4226,espn_kaggle,2017_2017-06-01_the Memorial Tournament presented by Nationwide,PGA,2017,the Memorial Tournament presented by Nationwide,2017-06-01,2017-06-04,,stroke_play,,,
event_a73ccfffdd49,espn_kaggle,2017_2017-06-08_FedEx St. Jude Classic,PGA,2017,FedEx St. Jude Classic,2017-06-08,2017-06-11,,stroke_play,,,
event_f1e85c91219c,espn_kaggle,2017_2017-06-15_U.S. Open,PGA,2017,U.S. Open,2017-06-15,2017-06-18,,stroke_play,,,
event_e66b3da9dfb4,espn_kaggle,2017_2017-06-22_Travelers Championship,PGA,2017,Travelers Championship,2017-06-22,2017-06-25,,stroke_play,,,
event_6782f38cf10e,espn_kaggle,2017_2017-06-29_Quicken Loans National,PGA,2017,Quicken Loans National,2017-06-29,2017-07-02,,stroke_play,,,
event_0231fdff55cc,espn_kaggle,2017_2017-07-06_The Greenbrier Classic,PGA,2017,The Greenbrier Classic,2017-07-06,2017-07-09,,stroke_play,,,
event_066aa3cd40b9,espn_kaggle,2017_2017-07-13_John Deere Classic,PGA,2017,John Deere Classic,2017-07-13,2017-07-16,,stroke_play,,,
event_e21d0f2f4e1a,espn_kaggle,2017_2017-07-20_Barbasol Championship,PGA,2017,Barbasol Championship,2017-07-20,2017-07-23,,stroke_play,,,
event_81413836237f,espn_kaggle,2017_2017-07-20_The Open,PGA,2017,The Open,2017-07-20,2017-07-23,,stroke_play,,,
event_c6967a6c7226,espn_kaggle,2017_2017-07-27_RBC Canadian Open,PGA,2017,RBC Canadian Open,2017-07-27,2017-07-30,,stroke_play,,,
event_bcef257043f8,espn_kaggle,2017_2017-08-03_World Golf Championships-Bridgestone Invitational,PGA,2017,World Golf Championships-Bridgestone Invitational,2017-08-03,2017-08-06,,stroke_play,,,
event_514e74a337d0,espn_kaggle,2017_2017-08-10_PGA Championship,PGA,2017,PGA Championship,2017-08-10,2017-08-13,,stroke_play,,,
event_122237e5188b,espn_kaggle,2017_2017-08-17_Wyndham Championship,PGA,2017,Wyndham Championship,2017-08-17,2017-08-20,,stroke_play,,,
event_3fc1a241c157,espn_kaggle,2017_2017-08-24_THE NORTHERN TRUST,PGA,2017,THE NORTHERN TRUST,2017-08-24,2017-08-27,,stroke_play,,,
event_a52e1444e310,espn_kaggle,2017_2017-09-01_Dell Technologies Championship,PGA,2017,Dell Technologies Championship,2017-09-01,2017-09-04,,stroke_play,,,
event_099657af44f4,espn_kaggle,2017_2017-09-14_BMW Championship,PGA,2017,BMW Championship,2017-09-14,2017-09-17,,stroke_play,,,
event_62a8c97f2ab8,espn_kaggle,2017_2017-09-21_TOUR Championship,PGA,2017,TOUR Championship,2017-09-21,2017-09-24,,stroke_play,,,
event_fa041ffb50ae,espn_kaggle,2018_2017-10-05_Safeway Open,PGA,2018,Safeway Open,2017-10-05,2017-10-08,,stroke_play,,,
event_62f0d4d0f736,espn_kaggle,2018_2017-10-12_CIMB Classic,PGA,2018,CIMB Classic,2017-10-12,2017-10-15,,stroke_play,,,
event_7f173c69ef3a,espn_kaggle,2018_2017-10-19_THE CJ CUP @ NINE BRIDGES,PGA,2018,THE CJ CUP @ NINE BRIDGES,2017-10-19,2017-10-22,,stroke_play,,,
event_97f9767250a4,espn_kaggle,2018_2017-10-26_World Golf Championships-HSBC Champions,PGA,2018,World Golf Championships-HSBC Champions,2017-10-26,2017-10-29,,stroke_play,,,
event_65c049d263d0,espn_kaggle,2018_2017-10-26_Sanderson Farms Championship,PGA,2018,Sanderson Farms Championship,2017-10-26,2017-10-29,,stroke_play,,,
event_c58ebbcd392c,espn_kaggle,2018_2017-11-02_Shriners Hospitals for Children Open,PGA,2018,Shriners Hospitals for Children Open,2017-11-02,2017-11-05,,stroke_play,,,
event_ce377a4f2c06,espn_kaggle,2018_2017-11-09_OHL Classic at Mayakoba,PGA,2018,OHL Classic at Mayakoba,2017-11-09,2017-11-12,,stroke_play,,,
event_5c8c9183061e,espn_kaggle,2018_2017-11-16_The RSM Classic,PGA,2018,The RSM Classic,2017-11-16,2017-11-19,,stroke_play,,,
event_98172ab40358,espn_kaggle,2018_2017-11-30_Hero World Challenge,PGA,2018,Hero World Challenge,2017-11-30,2017-12-03,,stroke_play,,,
event_42588dc12b06,espn_kaggle,2018_2018-01-04_Sentry Tournament of Champions,PGA,2018,Sentry Tournament of Champions,2018-01-04,2018-01-07,,stroke_play,,,
event_7ab2ac2e78e8,espn_kaggle,2018_2018-01-11_Sony Open in Hawaii,PGA,2018,Sony Open in Hawaii,2018-01-11,2018-01-14,,stroke_play,,,
event_79cb2f03850c,espn_kaggle,2018_2018-01-18_CareerBuilder Challenge,PGA,2018,CareerBuilder Challenge,2018-01-18,2018-01-21,,stroke_play,,,
event_b39add37f777,espn_kaggle,2018_2018-01-25_Farmers Insurance Open,PGA,2018,Farmers Insurance Open,2018-01-25,2018-01-30,,stroke_play,,,
event_ac340ac9bc29,espn_kaggle,2018_2018-02-01_Waste Management Phoenix Open,PGA,2018,Waste Management Phoenix Open,2018-02-01,2018-02-04,,stroke_play,,,
event_459f15a1f587,espn_kaggle,2018_2018-02-08_AT&T Pebble Beach Pro-Am,PGA,2018,AT&T Pebble Beach Pro-Am,2018-02-08,2018-02-11,,stroke_play,,,
event_6e0b7cfd6af0,espn_kaggle,2018_2018-02-15_Genesis Open,PGA,2018,Genesis Open,2018-02-15,2018-02-18,,stroke_play,,,
event_032b780c043e,espn_kaggle,2018_2018-02-22_The Honda Classic,PGA,2018,The Honda Classic,2018-02-22,2018-02-25,,stroke_play,,,
event_e2199c0a4008,espn_kaggle,2018_2018-03-01_World Golf Championships-Mexico Championship,PGA,2018,World Golf Championships-Mexico Championship,2018-03-01,2018-03-04,,stroke_play,,,
event_075e864b99b6,espn_kaggle,2018_2018-03-08_Valspar Championship,PGA,2018,Valspar Championship,2018-03-08,2018-03-11,,stroke_play,,,
event_912444d22df5,espn_kaggle,2018_2018-03-15_Arnold Palmer Invitational presented by Mastercard,PGA,2018,Arnold Palmer Invitational presented by Mastercard,2018-03-15,2018-03-18,,stroke_play,,,
event_9c57c1d2a06c,espn_kaggle,2018_2018-03-22_Corales Puntacana Resort & Club Championship,PGA,2018,Corales Puntacana Resort & Club Championship,2018-03-22,2018-03-25,,stroke_play,,,
event_307ed33fb900,espn_kaggle,2018_2018-03-29_Houston Open,PGA,2018,Houston Open,2018-03-29,2018-04-01,,stroke_play,,,
event_79f50a3e9acf,espn_kaggle,2018_2018-04-05_2018 Masters Tournament,PGA,2018,2018 Masters Tournament,2018-04-05,2018-04-08,,stroke_play,,,
event_b699ade7ff0c,espn_kaggle,2018_2018-04-12_RBC Heritage,PGA,2018,RBC Heritage,2018-04-12,2018-04-15,,stroke_play,,,
event_bca36cdc44e0,espn_kaggle,2018_2018-04-19_Valero Texas Open,PGA,2018,Valero Texas Open,2018-04-19,2018-04-22,,stroke_play,,,
event_0b9de4fdad8c,espn_kaggle,2018_2018-05-03_Wells Fargo Championship,PGA,2018,Wells Fargo Championship,2018-05-03,2018-05-06,,stroke_play,,,
event_792e0d970135,espn_kaggle,2018_2018-05-10_The Players Championship,PGA,2018,The Players Championship,2018-05-10,2018-05-13,,stroke_play,,,
event_efdd01c8820b,espn_kaggle,2018_2018-05-17_AT&T Byron Nelson,PGA,2018,AT&T Byron Nelson,2018-05-17,2018-05-20,,stroke_play,,,
event_e37315e328c0,espn_kaggle,2018_2018-05-24_Fort Worth Invitational,PGA,2018,Fort Worth Invitational,2018-05-24,2018-05-27,,stroke_play,,,
event_68c84c0e01c8,espn_kaggle,2018_2018-05-31_the Memorial Tournament pres. by Nationwide,PGA,2018,the Memorial Tournament pres. by Nationwide,2018-05-31,2018-06-03,,stroke_play,,,
event_1ab2fea5fb91,espn_kaggle,2018_2018-06-07_FedEx St. Jude Classic,PGA,2018,FedEx St. Jude Classic,2018-06-07,2018-06-10,,stroke_play,,,
event_9c89744d23f3,espn_kaggle,2018_2018-06-14_U.S. Open,PGA,2018,U.S. Open,2018-06-14,2018-06-17,,stroke_play,,,
event_36562e1a26a6,espn_kaggle,2018_2018-06-21_Travelers Championship,PGA,2018,Travelers Championship,2018-06-21,2018-06-24,,stroke_play,,,
event_a40c54a0cf36,espn_kaggle,2018_2018-06-28_Quicken Loans National,PGA,2018,Quicken Loans National,2018-06-28,2018-07-01,,stroke_play,,,
event_57633beb4535,espn_kaggle,2018_2018-07-05_A Military Tribute at The Greenbrier,PGA,2018,A Military Tribute at The Greenbrier,2018-07-05,2018-07-08,,stroke_play,,,
event_d0d340806b42,espn_kaggle,2018_2018-07-12_John Deere Classic,PGA,2018,John Deere Classic,2018-07-12,2018-07-15,,stroke_play,,,
event_96cad58fa2b4,espn_kaggle,2018_2018-07-19_Barbasol Championship,PGA,2018,Barbasol Championship,2018-07-19,2018-07-23,,stroke_play,,,
event_17e8ee035f2c,espn_kaggle,2018_2018-07-19_The Open,PGA,2018,The Open,2018-07-19,2018-07-22,,stroke_play,,,
event_2d8669fd5c3a,espn_kaggle,2018_2018-07-26_RBC Canadian Open,PGA,2018,RBC Canadian Open,2018-07-26,2018-07-29,,stroke_play,,,
event_5d1e0b6dbcf6,espn_kaggle,2018_2018-08-02_WGC-Bridgestone Invitational,PGA,2018,WGC-Bridgestone Invitational,2018-08-02,2018-08-05,,stroke_play,,,
event_7b9089d0a67d,espn_kaggle,2018_2018-08-09_PGA Championship,PGA,2018,PGA Championship,2018-08-09,2018-08-12,,stroke_play,,,
event_25ab366dd792,espn_kaggle,2018_2018-08-16_Wyndham Championship,PGA,2018,Wyndham Championship,2018-08-16,2018-08-19,,stroke_play,,,
event_61e3eb83b31e,espn_kaggle,2018_2018-08-23_THE NORTHERN TRUST,PGA,2018,THE NORTHERN TRUST,2018-08-23,2018-08-26,,stroke_play,,,
event_c65b01cea88d,espn_kaggle,2018_2018-08-31_Dell Technologies Championship,PGA,2018,Dell Technologies Championship,2018-08-31,2018-09-03,,stroke_play,,,
event_088c61763ebb,espn_kaggle,2018_2018-09-06_BMW Championship,PGA,2018,BMW Championship,2018-09-06,2018-09-10,,stroke_play,,,
event_ce707a69535a,espn_kaggle,2018_2018-09-20_Tour Championship,PGA,2018,Tour Championship,2018-09-20,2018-09-23,,stroke_play,,,
event_9b2d5290c1e1,espn_kaggle,2019_2018-10-04_Safeway Open,PGA,2019,Safeway Open,2018-10-04,2018-10-07,,stroke_play,,,
event_dad13bbf5294,espn_kaggle,2019_2018-10-10_CIMB Classic,PGA,2019,CIMB Classic,2018-10-10,2018-10-14,,stroke_play,,,
event_e82b6af45925,espn_kaggle,2019_2018-10-17_THE CJ CUP @ NINE BRIDGES,PGA,2019,THE CJ CUP @ NINE BRIDGES,2018-10-17,2018-10-21,,stroke_play,,,
event_e93fd13f4568,espn_kaggle,2019_2018-10-24_WGC-HSBC CHAMPIONS,PGA,2019,WGC-HSBC CHAMPIONS,2018-10-24,2018-10-28,,stroke_play,,,
event_769aaf0b68cf,espn_kaggle,2019_2018-10-25_Sanderson Farms Championship,PGA,2019,Sanderson Farms Championship,2018-10-25,2018-10-28,,stroke_play,,,
event_5fd61278994c,espn_kaggle,2019_2018-11-01_Shriners Hospital for Children Open,PGA,2019,Shriners Hospital for Children Open,2018-11-01,2018-11-04,,stroke_play,,,
event_9e29f41e21fa,espn_kaggle,2019_2018-11-08_Mayakoba Golf Classic,PGA,2019,Mayakoba Golf Classic,2018-11-08,2018-11-11,,stroke_play,,,
event_b6164c8c150f,espn_kaggle,2019_2018-11-15_The RSM Classic,PGA,2019,The RSM Classic,2018-11-15,2018-11-18,,stroke_play,,,
event_6315f3f6ead7,espn_kaggle,2019_2018-11-29_Hero World Challenge,PGA,2019,Hero World Challenge,2018-11-29,2018-12-02,,stroke_play,,,
event_33a5eb33a103,espn_kaggle,2019_2019-01-03_Sentry Tournament of Champions,PGA,2019,Sentry Tournament of Champions,2019-01-03,2019-01-06,,stroke_play,,,
event_4ad406b49de3,espn_kaggle,2019_2019-01-10_Sony Open in Hawaii,PGA,2019,Sony Open in Hawaii,2019-01-10,2019-01-13,,stroke_play,,,
event_403c6df87ad9,espn_kaggle,2019_2019-01-17_Desert Classic,PGA,2019,Desert Classic,2019-01-17,2019-01-20,,stroke_play,,,
event_8f6bd85b12a6,espn_kaggle,2019_2019-01-24_Farmers Insurance Open,PGA,2019,Farmers Insurance Open,2019-01-24,2019-01-27,,stroke_play,,,
event_879878452be4,espn_kaggle,2019_2019-01-31_Waste Management Phoenix Open,PGA,2019,Waste Management Phoenix Open,2019-01-31,2019-02-03,,stroke_play,,,
event_0f1ac89bf5d6,espn_kaggle,2019_2019-02-07_AT&T Pebble Beach Pro-Am,PGA,2019,AT&T Pebble Beach Pro-Am,2019-02-07,2019-02-11,,stroke_play,,,
event_dd70c07cf846,espn_kaggle,2019_2019-02-14_Genesis Open,PGA,2019,Genesis Open,2019-02-14,2019-02-17,,stroke_play,,,
event_8357f45e1176,espn_kaggle,2019_2019-02-21_Puerto Rico Open,PGA,2019,Puerto Rico Open,2019-02-21,2019-02-24,,stroke_play,,,
event_a902df589976,espn_kaggle,2019_2019-02-21_WGC-Mexico Championship,PGA,2019,WGC-Mexico Championship,2019-02-21,2019-02-24,,stroke_play,,,
event_7b600f70ed30,espn_kaggle,2019_2019-02-28_The Honda Classic,PGA,2019,The Honda Classic,2019-02-28,2019-03-03,,stroke_play,,,
event_02988367c978,espn_kaggle,2019_2019-03-07_Arnold Palmer Invitational Pres. By Mastercard,PGA,2019,Arnold Palmer Invitational Pres. By Mastercard,2019-03-07,2019-03-10,,stroke_play,,,
event_7e9db94cbd6c,espn_kaggle,2019_2019-03-14_THE PLAYERS Championship,PGA,2019,THE PLAYERS Championship,2019-03-14,2019-03-17,,stroke_play,,,
event_b04dffafaf44,espn_kaggle,2019_2019-03-21_Valspar Championship,PGA,2019,Valspar Championship,2019-03-21,2019-03-24,,stroke_play,,,
event_bb82b41c4784,espn_kaggle,2019_2019-03-28_Corales Puntacana Resort & Club Championship,PGA,2019,Corales Puntacana Resort & Club Championship,2019-03-28,2019-03-31,,stroke_play,,,
event_9b58d48c871f,espn_kaggle,2019_2019-04-04_Valero Texas Open,PGA,2019,Valero Texas Open,2019-04-04,2019-04-07,,stroke_play,,,
event_b3ff0d4d336b,espn_kaggle,2019_2019-04-11_2019 Masters Tournament,PGA,2019,2019 Masters Tournament,2019-04-11,2019-04-14,,stroke_play,,,
event_4a54ce164196,espn_kaggle,2019_2019-04-18_RBC Heritage,PGA,2019,RBC Heritage,2019-04-18,2019-04-21,,stroke_play,,,
event_c813a62b4e7e,espn_kaggle,2019_2019-05-02_Wells Fargo Championship,PGA,2019,Wells Fargo Championship,2019-05-02,2019-05-05,,stroke_play,,,
event_77bc62b9159f,espn_kaggle,2019_2019-05-09_AT&T Byron Nelson,PGA,2019,AT&T Byron Nelson,2019-05-09,2019-05-12,,stroke_play,,,
event_be39dec6753f,espn_kaggle,2019_2019-05-16_PGA Championship,PGA,2019,PGA Championship,2019-05-16,2019-05-19,,stroke_play,,,
event_7fd5fb51e691,espn_kaggle,2019_2019-05-23_Charles Schwab Challenge,PGA,2019,Charles Schwab Challenge,2019-05-23,2019-05-26,,stroke_play,,,
event_7cc95cf0755a,espn_kaggle,2019_2019-05-30_the Memorial Tournament pres. by Nationwide,PGA,2019,the Memorial Tournament pres. by Nationwide,2019-05-30,2019-06-02,,stroke_play,,,
event_3fbe7ac038a0,espn_kaggle,2019_2019-06-06_RBC Canadian Open,PGA,2019,RBC Canadian Open,2019-06-06,2019-06-09,,stroke_play,,,
event_72af0827c524,espn_kaggle,2019_2019-06-13_U.S. Open,PGA,2019,U.S. Open,2019-06-13,2019-06-16,,stroke_play,,,
event_5e4206175ed0,espn_kaggle,2019_2019-06-20_Travelers Championship,PGA,2019,Travelers Championship,2019-06-20,2019-06-23,,stroke_play,,,
event_bb10a7f8cb94,espn_kaggle,2019_2019-06-27_Rocket Mortgage Classic,PGA,2019,Rocket Mortgage Classic,2019-06-27,2019-06-30,,stroke_play,,,
event_92f906ba3007,espn_kaggle,2019_2019-07-04_3M Open,PGA,2019,3M Open,2019-07-04,2019-07-07,,stroke_play,,,
event_9efc00a4c065,espn_kaggle,2019_2019-07-11_John Deere Classic,PGA,2019,John Deere Classic,2019-07-11,2019-07-14,,stroke_play,,,
event_8128d06e9e95,espn_kaggle,2019_2019-07-18_The Open Championship,PGA,2019,The Open Championship,2019-07-18,2019-07-21,,stroke_play,,,
event_4f1972954eda,espn_kaggle,2019_2019-07-18_Barbasol Championship,PGA,2019,Barbasol Championship,2019-07-18,2019-07-21,,stroke_play,,,
event_18a8937ef349,espn_kaggle,2019_2019-07-25_WGC-FedEx St. Jude Invitational,PGA,2019,WGC-FedEx St. Jude Invitational,2019-07-25,2019-07-28,,stroke_play,,,
event_e6c61ebcc47f,espn_kaggle,2019_2019-08-01_Wyndham Championship,PGA,2019,Wyndham Championship,2019-08-01,2019-08-04,,stroke_play,,,
event_af2eb5bf268e,espn_kaggle,2019_2019-08-08_THE NORTHERN TRUST,PGA,2019,THE NORTHERN TRUST,2019-08-08,2019-08-11,,stroke_play,,,
event_0e7a01d28069,espn_kaggle,2019_2019-08-15_BMW Championship,PGA,2019,BMW Championship,2019-08-15,2019-08-18,,stroke_play,,,
event_ce4f1a6c4bef,espn_kaggle,2019_2019-08-22_Tour Championship,PGA,2019,Tour Championship,2019-08-22,2019-08-25,,stroke_play,,,
event_7db001c61e38,espn_kaggle,2020_2019-09-12_A Military Tribute at The Greenbrier,PGA,2020,A Military Tribute at The Greenbrier,2019-09-12,2019-09-15,,stroke_play,,,
event_be6fa3a82a9d,espn_kaggle,2020_2019-09-19_Sanderson Farms Championship,PGA,2020,Sanderson Farms Championship,2019-09-19,2019-09-22,,stroke_play,,,
event_cac15ad8a51c,espn_kaggle,2020_2019-09-26_Safeway Open,PGA,2020,Safeway Open,2019-09-26,2019-09-29,,stroke_play,,,
event_f49db153dbd3,espn_kaggle,2020_2019-10-03_Shriners Hospitals for Children Open,PGA,2020,Shriners Hospitals for Children Open,2019-10-03,2019-10-06,,stroke_play,,,
event_fa423466e5eb,espn_kaggle,2020_2019-10-10_Houston Open,PGA,2020,Houston Open,2019-10-10,2019-10-13,,stroke_play,,,
event_869e092e241a,espn_kaggle,2020_2019-10-16_THE CJ CUP @ NINE BRIDGES,PGA,2020,THE CJ CUP @ NINE BRIDGES,2019-10-16,2019-10-20,,stroke_play,,,
event_818d3cbee0ad,espn_kaggle,2020_2019-10-24_The ZOZO CHAMPIONSHIP,PGA,2020,The ZOZO CHAMPIONSHIP,2019-10-24,2019-10-28,,stroke_play,,,
event_6a78d750fb05,espn_kaggle,2020_2019-10-31_WGC-HSBC CHAMPIONS,PGA,2020,WGC-HSBC CHAMPIONS,2019-10-31,2019-11-03,,stroke_play,,,
event_f2355b73e52a,espn_kaggle,2020_2019-10-31_Bermuda Championship,PGA,2020,Bermuda Championship,2019-10-31,2019-11-03,,stroke_play,,,
event_b26071dfdad4,espn_kaggle,2020_2019-11-14_Mayakoba Golf Classic,PGA,2020,Mayakoba Golf Classic,2019-11-14,2019-11-18,,stroke_play,,,
event_b2b48ce85f53,espn_kaggle,2020_2019-11-21_The RSM Classic,PGA,2020,The RSM Classic,2019-11-21,2019-11-24,,stroke_play,,,
event_d694977d9b9b,espn_kaggle,2020_2019-12-04_Hero World Challenge,PGA,2020,Hero World Challenge,2019-12-04,2019-12-07,,stroke_play,,,
event_29923ced115e,espn_kaggle,2020_2020-01-02_Sentry Tournament of Champions,PGA,2020,Sentry Tournament of Champions,2020-01-02,2020-01-05,,stroke_play,,,
event_374da858ade5,espn_kaggle,2020_2020-01-09_Sony Open in Hawaii,PGA,2020,Sony Open in Hawaii,2020-01-09,2020-01-12,,stroke_play,,,
event_3fff9017ba37,espn_kaggle,2020_2020-01-16_The American Express,PGA,2020,The American Express,2020-01-16,2020-01-19,,stroke_play,,,
event_24bcddb7b35c,espn_kaggle,2020_2020-01-23_Farmers Insurance Open,PGA,2020,Farmers Insurance Open,2020-01-23,2020-01-26,,stroke_play,,,
event_2777cfaaeeb9,espn_kaggle,2020_2020-01-30_Waste Management Phoenix Open,PGA,2020,Waste Management Phoenix Open,2020-01-30,2020-02-02,,stroke_play,,,
event_521d8e933df0,espn_kaggle,2020_2020-02-06_AT&T Pebble Beach Pro-Am,PGA,2020,AT&T Pebble Beach Pro-Am,2020-02-06,2020-02-09,,stroke_play,,,
event_0dd9cbeb71c4,espn_kaggle,2020_2020-02-13_The Genesis Invitational,PGA,2020,The Genesis Invitational,2020-02-13,2020-02-16,,stroke_play,,,
event_9b6447be1e16,espn_kaggle,2020_2020-02-20_Puerto Rico Open,PGA,2020,Puerto Rico Open,2020-02-20,2020-02-23,,stroke_play,,,
event_663189686906,espn_kaggle,2020_2020-02-20_WGC-Mexico Championship,PGA,2020,WGC-Mexico Championship,2020-02-20,2020-02-23,,stroke_play,,,
event_ed5d2b2d1f5f,espn_kaggle,2020_2020-02-27_The Honda Classic,PGA,2020,The Honda Classic,2020-02-27,2020-03-01,,stroke_play,,,
event_803cbcd47ea8,espn_kaggle,2020_2020-03-05_Arnold Palmer Invitational Pres. By Mastercard,PGA,2020,Arnold Palmer Invitational Pres. By Mastercard,2020-03-05,2020-03-08,,stroke_play,,,
event_caa0a100d986,espn_kaggle,2020_2020-06-11_Charles Schwab Challenge,PGA,2020,Charles Schwab Challenge,2020-06-11,2020-06-14,,stroke_play,,,
event_f21ac09b4129,espn_kaggle,2020_2020-06-18_RBC Heritage,PGA,2020,RBC Heritage,2020-06-18,2020-06-21,,stroke_play,,,
event_89ca5de58c12,espn_kaggle,2020_2020-06-25_Travelers Championship,PGA,2020,Travelers Championship,2020-06-25,2020-06-28,,stroke_play,,,
event_b4b52af3c036,espn_kaggle,2020_2020-07-02_Rocket Mortgage Classic,PGA,2020,Rocket Mortgage Classic,2020-07-02,2020-07-05,,stroke_play,,,
event_63a669e7f8f6,espn_kaggle,2020_2020-07-09_Workday Charity Open,PGA,2020,Workday Charity Open,2020-07-09,2020-07-12,,stroke_play,,,
event_edd312f24bf0,espn_kaggle,2020_2020-07-16_the Memorial Tournament pres. by Nationwide,PGA,2020,the Memorial Tournament pres. by Nationwide,2020-07-16,2020-07-19,,stroke_play,,,
event_e691de718f0d,espn_kaggle,2020_2020-07-23_3M Open,PGA,2020,3M Open,2020-07-23,2020-07-26,,stroke_play,,,
event_31ba81f0c7da,espn_kaggle,2020_2020-07-30_WGC-FedEx St. Jude Invitational,PGA,2020,WGC-FedEx St. Jude Invitational,2020-07-30,2020-08-02,,stroke_play,,,
event_e322d51b3a72,espn_kaggle,2020_2020-08-06_PGA Championship,PGA,2020,PGA Championship,2020-08-06,2020-08-09,,stroke_play,,,
event_b6bcba95bdb0,espn_kaggle,2020_2020-08-13_Wyndham Championship,PGA,2020,Wyndham Championship,2020-08-13,2020-08-16,,stroke_play,,,
event_eefdd51004aa,espn_kaggle,2020_2020-08-20_THE NORTHERN TRUST,PGA,2020,THE NORTHERN TRUST,2020-08-20,2020-08-23,,stroke_play,,,
event_1abcea9df0a2,espn_kaggle,2020_2020-08-27_BMW Championship,PGA,2020,BMW Championship,2020-08-27,2020-08-30,,stroke_play,,,
event_cfbcc7466e78,espn_kaggle,2020_2020-09-04_Tour Championship,PGA,2020,Tour Championship,2020-09-04,2020-09-07,,stroke_play,,,
event_f33392153795,espn_kaggle,2021_2020-09-10_Safeway Open,PGA,2021,Safeway Open,2020-09-10,2020-09-13,,stroke_play,,,
event_6e166208a6f0,espn_kaggle,2021_2020-09-17_U.S. Open,PGA,2021,U.S. Open,2020-09-17,2020-09-20,,stroke_play,,,
event_1ae71ba6a026,espn_kaggle,2021_2020-10-15_THE CJ CUP @ SHADOW CREEK,PGA,2021,THE CJ CUP @ SHADOW CREEK,2020-10-15,2020-10-18,,stroke_play,,,
event_d1d5beab8ec2,espn_kaggle,2021_2020-10-22_The ZOZO CHAMPIONSHIP,PGA,2021,The ZOZO CHAMPIONSHIP,2020-10-22,2020-10-25,,stroke_play,,,
event_22cc646c5d6e,espn_kaggle,2021_2020-10-29_Bermuda Championship,PGA,2021,Bermuda Championship,2020-10-29,2020-11-01,,stroke_play,,,
event_8580537c5dd2,espn_kaggle,2021_2020-11-05_Vivint Houston Open,PGA,2021,Vivint Houston Open,2020-11-05,2020-11-08,,stroke_play,,,
event_933b9a0d6a89,espn_kaggle,2021_2020-11-12_2020 Masters Tournament,PGA,2021,2020 Masters Tournament,2020-11-12,2020-11-15,,stroke_play,,,
event_19381b9ab7e1,espn_kaggle,2021_2020-11-19_The RSM Classic,PGA,2021,The RSM Classic,2020-11-19,2020-11-22,,stroke_play,,,
event_c3a0a495ae72,espn_kaggle,2021_2020-12-03_Mayakoba Golf Classic presented by UNIFIN,PGA,2021,Mayakoba Golf Classic presented by UNIFIN,2020-12-03,2020-12-06,,stroke_play,,,
event_8284b7851120,espn_kaggle,2021_2021-01-07_Sentry Tournament of Champions,PGA,2021,Sentry Tournament of Champions,2021-01-07,2021-01-10,,stroke_play,,,
event_1f6db8c447b5,espn_kaggle,2021_2021-01-14_Sony Open in Hawaii,PGA,2021,Sony Open in Hawaii,2021-01-14,2021-01-17,,stroke_play,,,
event_43c0e33d1f6c,espn_kaggle,2021_2021-01-21_The American Express,PGA,2021,The American Express,2021-01-21,2021-01-24,,stroke_play,,,
event_841005d07c69,espn_kaggle,2021_2021-01-28_Farmers Insurance Open,PGA,2021,Farmers Insurance Open,2021-01-28,2021-01-31,,stroke_play,,,
event_2e34e7c3833d,espn_kaggle,2021_2021-02-04_Waste Management Phoenix Open,PGA,2021,Waste Management Phoenix Open,2021-02-04,2021-02-07,,stroke_play,,,
event_e5327df7de4d,espn_kaggle,2021_2021-02-11_AT&T Pebble Beach Pro-Am,PGA,2021,AT&T Pebble Beach Pro-Am,2021-02-11,2021-02-14,,stroke_play,,,
event_2cfd00cfbdc3,espn_kaggle,2021_2021-02-18_The Genesis Invitational,PGA,2021,The Genesis Invitational,2021-02-18,2021-02-21,,stroke_play,,,
event_9626eab1e006,espn_kaggle,2021_2021-02-25_WGC-Workday Championship at The Concession,PGA,2021,WGC-Workday Championship at The Concession,2021-02-25,2021-02-28,,stroke_play,,,
event_ce875527b98d,espn_kaggle,2021_2021-02-25_Puerto Rico Open,PGA,2021,Puerto Rico Open,2021-02-25,2021-02-28,,stroke_play,,,
event_d2e018d57625,espn_kaggle,2021_2021-03-04_Arnold Palmer Invitational Pres. By Mastercard,PGA,2021,Arnold Palmer Invitational Pres. By Mastercard,2021-03-04,2021-03-07,,stroke_play,,,
event_480ca502e457,espn_kaggle,2021_2021-03-11_THE PLAYERS Championship,PGA,2021,THE PLAYERS Championship,2021-03-11,2021-03-14,,stroke_play,,,
event_2374fe61a0f8,espn_kaggle,2021_2021-03-18_The Honda Classic,PGA,2021,The Honda Classic,2021-03-18,2021-03-21,,stroke_play,,,
event_e08c8404e946,espn_kaggle,2021_2021-03-25_Corales Puntacana Resort & Club Championship,PGA,2021,Corales Puntacana Resort & Club Championship,2021-03-25,2021-03-28,,stroke_play,,,
event_81f5ea9f7dfd,espn_kaggle,2021_2021-04-01_Valero Texas Open,PGA,2021,Valero Texas Open,2021-04-01,2021-04-04,,stroke_play,,,
event_3282122ec689,espn_kaggle,2021_2021-04-08_2021 Masters Tournament,PGA,2021,2021 Masters Tournament,2021-04-08,2021-04-11,,stroke_play,,,
event_cd0a94f01666,espn_kaggle,2021_2021-04-15_RBC Heritage,PGA,2021,RBC Heritage,2021-04-15,2021-04-18,,stroke_play,,,
event_5d05ca2cbc20,espn_kaggle,2021_2021-04-29_Valspar Championship,PGA,2021,Valspar Championship,2021-04-29,2021-05-02,,stroke_play,,,
event_d78608ad8e25,espn_kaggle,2021_2021-05-06_Wells Fargo Championship,PGA,2021,Wells Fargo Championship,2021-05-06,2021-05-09,,stroke_play,,,
event_3e5957e7a7df,espn_kaggle,2021_2021-05-13_AT&T Byron Nelson,PGA,2021,AT&T Byron Nelson,2021-05-13,2021-05-16,,stroke_play,,,
event_16997089e904,espn_kaggle,2021_2021-05-20_PGA Championship,PGA,2021,PGA Championship,2021-05-20,2021-05-23,,stroke_play,,,
event_47bbfc328bc4,espn_kaggle,2021_2021-05-27_Charles Schwab Challenge,PGA,2021,Charles Schwab Challenge,2021-05-27,2021-05-30,,stroke_play,,,
event_1568c5ac0951,espn_kaggle,2021_2021-06-03_the Memorial Tournament pres. by Nationwide,PGA,2021,the Memorial Tournament pres. by Nationwide,2021-06-03,2021-06-06,,stroke_play,,,
event_a430b26b83c3,espn_kaggle,2021_2021-06-10_Palmetto Championship at Congaree,PGA,2021,Palmetto Championship at Congaree,2021-06-10,2021-06-13,,stroke_play,,,
event_7f7579e8280a,espn_kaggle,2021_2021-06-17_U.S. Open,PGA,2021,U.S. Open,2021-06-17,2021-06-20,,stroke_play,,,
event_9600c179a207,espn_kaggle,2021_2021-06-24_Travelers Championship,PGA,2021,Travelers Championship,2021-06-24,2021-06-27,,stroke_play,,,
event_b734e2712531,espn_kaggle,2021_2021-07-01_Rocket Mortgage Classic,PGA,2021,Rocket Mortgage Classic,2021-07-01,2021-07-04,,stroke_play,,,
event_ac09eedb2c18,espn_kaggle,2021_2021-07-08_John Deere Classic,PGA,2021,John Deere Classic,2021-07-08,2021-07-11,,stroke_play,,,
event_ddccf7d149b8,espn_kaggle,2021_2021-07-15_The Open Championship,PGA,2021,The Open Championship,2021-07-15,2021-07-18,,stroke_play,,,
event_dd9cc48b628a,espn_kaggle,2021_2021-07-15_Barbasol Championship,PGA,2021,Barbasol Championship,2021-07-15,2021-07-18,,stroke_play,,,
event_d430124caa60,espn_kaggle,2021_2021-07-22_3M Open,PGA,2021,3M Open,2021-07-22,2021-07-25,,stroke_play,,,
event_7e0fff13114f,espn_kaggle,2021_2021-08-05_WGC-FedEx St. Jude Invitational,PGA,2021,WGC-FedEx St. Jude Invitational,2021-08-05,2021-08-08,,stroke_play,,,
event_8009224294a3,espn_kaggle,2021_2021-08-12_Wyndham Championship,PGA,2021,Wyndham Championship,2021-08-12,2021-08-15,,stroke_play,,,
event_654ddfc45ba4,espn_kaggle,2021_2021-08-19_THE NORTHERN TRUST,PGA,2021,THE NORTHERN TRUST,2021-08-19,2021-08-23,,stroke_play,,,
event_ce06ee40ab96,espn_kaggle,2021_2021-08-26_BMW Championship,PGA,2021,BMW Championship,2021-08-26,2021-08-29,,stroke_play,,,
event_49b0c4e4f98b,espn_kaggle,2021_2021-09-02_TOUR Championship,PGA,2021,TOUR Championship,2021-09-02,2021-09-05,,stroke_play,,,
event_b11fa1179f39,espn_kaggle,2022_2021-09-16_Fortinet Championship,PGA,2022,Fortinet Championship,2021-09-16,2021-09-19,,stroke_play,,,
event_9b576572e7de,espn_kaggle,2022_2021-09-30_Sanderson Farms Championship,PGA,2022,Sanderson Farms Championship,2021-09-30,2021-10-03,,stroke_play,,,
event_c0e7086cfa02,espn_kaggle,2022_2021-10-07_Shriners Children's Open,PGA,2022,Shriners Children's Open,2021-10-07,2021-10-10,,stroke_play,,,
event_2f3a16d8b590,espn_kaggle,2022_2021-10-14_THE CJ CUP @ SUMMIT,PGA,2022,THE CJ CUP @ SUMMIT,2021-10-14,2021-10-17,,stroke_play,,,
event_10d6f4a65399,espn_kaggle,2022_2021-10-21_ZOZO CHAMPIONSHIP,PGA,2022,ZOZO CHAMPIONSHIP,2021-10-21,2021-10-24,,stroke_play,,,
event_0196933a6a70,espn_kaggle,2022_2021-10-28_Butterfield Bermuda Championship,PGA,2022,Butterfield Bermuda Championship,2021-10-28,2021-10-31,,stroke_play,,,
event_063b322ab140,espn_kaggle,2022_2021-11-04_World Wide Technology Championship at Mayakoba,PGA,2022,World Wide Technology Championship at Mayakoba,2021-11-04,2021-11-07,,stroke_play,,,
event_bffaa74b00a5,espn_kaggle,2022_2021-11-11_Houston Open,PGA,2022,Houston Open,2021-11-11,2021-11-14,,stroke_play,,,
event_0066039e73e6,espn_kaggle,2022_2021-11-18_The RSM Classic,PGA,2022,The RSM Classic,2021-11-18,2021-11-21,,stroke_play,,,
event_f9789769a90f,espn_kaggle,2022_2021-12-02_Hero World Challenge,PGA,2022,Hero World Challenge,2021-12-02,2021-12-05,,stroke_play,,,
event_14797281fada,espn_kaggle,2022_2022-01-06_Sentry Tournament of Champions,PGA,2022,Sentry Tournament of Champions,2022-01-06,2022-01-09,,stroke_play,,,
event_faeece69c4b9,espn_kaggle,2022_2022-01-13_Sony Open in Hawaii,PGA,2022,Sony Open in Hawaii,2022-01-13,2022-01-16,,stroke_play,,,
event_a82c96f16521,espn_kaggle,2022_2022-01-20_The American Express,PGA,2022,The American Express,2022-01-20,2022-01-23,,stroke_play,,,
event_d475c29def9d,espn_kaggle,2022_2022-01-26_Farmers Insurance Open,PGA,2022,Farmers Insurance Open,2022-01-26,2022-01-29,,stroke_play,,,
event_a38ee4c0c173,espn_kaggle,2022_2022-02-03_AT&T Pebble Beach Pro-Am,PGA,2022,AT&T Pebble Beach Pro-Am,2022-02-03,2022-02-06,,stroke_play,,,
event_6c2c13d389e5,espn_kaggle,2022_2022-02-10_WM Phoenix Open,PGA,2022,WM Phoenix Open,2022-02-10,2022-02-13,,stroke_play,,,
event_f7cd92ad5396,espn_kaggle,2022_2022-02-17_The Genesis Invitational,PGA,2022,The Genesis Invitational,2022-02-17,2022-02-20,,stroke_play,,,
event_c87b8db9d46b,espn_kaggle,2022_2022-02-24_The Honda Classic,PGA,2022,The Honda Classic,2022-02-24,2022-02-27,,stroke_play,,,
event_53c3836b3ad7,espn_kaggle,2022_2022-03-03_Arnold Palmer Invitational pres. by Mastercard,PGA,2022,Arnold Palmer Invitational pres. by Mastercard,2022-03-03,2022-03-06,,stroke_play,,,
event_5ca8fefa5928,espn_kaggle,2022_2022-03-03_Puerto Rico Open,PGA,2022,Puerto Rico Open,2022-03-03,2022-03-06,,stroke_play,,,
event_3aa8025f5537,espn_kaggle,2022_2022-03-10_THE PLAYERS Championship,PGA,2022,THE PLAYERS Championship,2022-03-10,2022-03-14,,stroke_play,,,
event_2c2bb126ed93,espn_kaggle,2022_2022-03-17_Valspar Championship,PGA,2022,Valspar Championship,2022-03-17,2022-03-20,,stroke_play,,,
event_744be1d7f51c,espn_kaggle,2022_2022-03-24_Corales Puntacana Championship,PGA,2022,Corales Puntacana Championship,2022-03-24,2022-03-27,,stroke_play,,,
event_5043b2548d43,espn_kaggle,2022_2022-03-31_Valero Texas Open,PGA,2022,Valero Texas Open,2022-03-31,2022-04-03,,stroke_play,,,
event_78410d8f3b8c,espn_kaggle,2022_2022-04-07_Masters Tournament,PGA,2022,Masters Tournament,2022-04-07,2022-04-10,,stroke_play,,,
event_85554e826c1f,espn_kaggle,2022_2022-04-14_RBC Heritage,PGA,2022,RBC Heritage,2022-04-14,2022-04-17,,stroke_play,,,
event_bb3bc43312dc,espn_kaggle,2022_2022-04-28_Mexico Open,PGA,2022,Mexico Open,2022-04-28,2022-05-01,,stroke_play,,,
event_f4f27b4b1a64,espn_kaggle,2022_2022-05-05_Wells Fargo Championship,PGA,2022,Wells Fargo Championship,2022-05-05,2022-05-08,,stroke_play,,,
event_907bdbbc7389,espn_kaggle,2022_2022-05-12_AT&T Byron Nelson,PGA,2022,AT&T Byron Nelson,2022-05-12,2022-05-15,,stroke_play,,,
event_75ddb8c918a0,espn_kaggle,2022_2022-05-19_PGA Championship,PGA,2022,PGA Championship,2022-05-19,2022-05-22,,stroke_play,,,
event_9697aeafaca1,espn_kaggle,2022_2022-05-26_Charles Schwab Challenge,PGA,2022,Charles Schwab Challenge,2022-05-26,2022-05-29,,stroke_play,,,
event_1f6fedb6ec8b,espn_kaggle,2022_2022-06-02_the Memorial Tournament pres. by Workday,PGA,2022,the Memorial Tournament pres. by Workday,2022-06-02,2022-06-05,,stroke_play,,,
event_5da964318a57,espn_kaggle,2022_2022-06-09_RBC Canadian Open,PGA,2022,RBC Canadian Open,2022-06-09,2022-06-12,,stroke_play,,,
event_46397ad67256,espn_kaggle,2022_2022-06-16_U.S. Open,PGA,2022,U.S. Open,2022-06-16,2022-06-19,,stroke_play,,,
event_9a0d62ee92bc,espn_kaggle,2022_2022-06-23_Travelers Championship,PGA,2022,Travelers Championship,2022-06-23,2022-06-26,,stroke_play,,,
event_86a013481397,espn_kaggle,2022_2022-06-30_John Deere Classic,PGA,2022,John Deere Classic,2022-06-30,2022-07-03,,stroke_play,,,
event_c8c5033e22fc,espn_kaggle,2022_2022-07-07_Genesis Scottish Open,PGA,2022,Genesis Scottish Open,2022-07-07,2022-07-10,,stroke_play,,,
event_3caf62cd9677,espn_kaggle,2022_2022-07-07_Barbasol Championship,PGA,2022,Barbasol Championship,2022-07-07,2022-07-10,,stroke_play,,,
event_b82cae62e350,espn_kaggle,2022_2022-07-14_The Open,PGA,2022,The Open,2022-07-14,2022-07-17,,stroke_play,,,
event_6052c721d7ce,espn_kaggle,2022_2022-07-21_3M Open,PGA,2022,3M Open,2022-07-21,2022-07-24,,stroke_play,,,
event_816cfc635f08,espn_kaggle,2022_2022-07-28_Rocket Mortgage Classic,PGA,2022,Rocket Mortgage Classic,2022-07-28,2022-07-31,,stroke_play,,,
event_8e4052f85106,espn_kaggle,2022_2022-08-04_Wyndham Championship,PGA,2022,Wyndham Championship,2022-08-04,2022-08-07,,stroke_play,,,
event_c2918f9e9d61,espn_kaggle,2022_2022-08-11_FedEx St. Jude Championship,PGA,2022,FedEx St. Jude Championship,2022-08-11,2022-08-14,,stroke_play,,,
event_62e14f3ec040,espn_kaggle,2022_2022-08-18_BMW Championship,PGA,2022,BMW Championship,2022-08-18,2022-08-21,,stroke_play,,,
event_15c4355f3e8a,espn_kaggle,2022_2022-08-25_TOUR Championship,PGA,2022,TOUR Championship,2022-08-25,2022-08-28,,stroke_play,,,
event_c9b1bcd4e8bd,espn_kaggle,2023_2022-09-15_Fortinet Championship,PGA,2023,Fortinet Championship,2022-09-15,2022-09-18,,stroke_play,,,
event_a66437e05abe,espn_kaggle,2023_2022-09-29_Sanderson Farms Championship,PGA,2023,Sanderson Farms Championship,2022-09-29,2022-10-02,,stroke_play,,,
event_83c091080ed0,espn_kaggle,2023_2022-10-06_Shriners Children's Open,PGA,2023,Shriners Children's Open,2022-10-06,2022-10-09,,stroke_play,,,
event_e239ea34ac24,espn_kaggle,2023_2022-10-13_ZOZO CHAMPIONSHIP,PGA,2023,ZOZO CHAMPIONSHIP,2022-10-13,2022-10-16,,stroke_play,,,
event_61d6b42ed9da,espn_kaggle,2023_2022-10-20_THE CJ CUP in South Carolina,PGA,2023,THE CJ CUP in South Carolina,2022-10-20,2022-10-23,,stroke_play,,,
event_a50915764a48,espn_kaggle,2023_2022-10-27_Butterfield Bermuda Championship,PGA,2023,Butterfield Bermuda Championship,2022-10-27,2022-10-30,,stroke_play,,,
event_b8228329089e,espn_kaggle,2023_2022-11-03_World Wide Technology Championship at Mayakoba,PGA,2023,World Wide Technology Championship at Mayakoba,2022-11-03,2022-11-06,,stroke_play,,,
event_86b13aa0fe13,espn_kaggle,2023_2022-11-10_Cadence Bank Houston Open,PGA,2023,Cadence Bank Houston Open,2022-11-10,2022-11-13,,stroke_play,,,
event_d424f19a70c4,espn_kaggle,2023_2022-11-17_The RSM Classic,PGA,2023,The RSM Classic,2022-11-17,2022-11-20,,stroke_play,,,
event_8791538f23a4,espn_kaggle,2023_2022-12-01_Hero World Challenge,PGA,2023,Hero World Challenge,2022-12-01,2022-12-04,,stroke_play,,,
event_0f53c63c30de,espn_kaggle,2023_2023-01-05_Sentry Tournament of Champions,PGA,2023,Sentry Tournament of Champions,2023-01-05,2023-01-08,,stroke_play,,,
event_4ee61a30584f,espn_kaggle,2023_2023-01-12_Sony Open in Hawaii,PGA,2023,Sony Open in Hawaii,2023-01-12,2023-01-15,,stroke_play,,,
event_49d4d8b21e43,espn_kaggle,2023_2023-01-19_The American Express,PGA,2023,The American Express,2023-01-19,2023-01-22,,stroke_play,,,
event_d8568808ada1,espn_kaggle,2023_2023-01-25_Farmers Insurance Open,PGA,2023,Farmers Insurance Open,2023-01-25,2023-01-28,,stroke_play,,,
event_4b2297d04a98,espn_kaggle,2023_2023-02-02_AT&T Pebble Beach Pro-Am,PGA,2023,AT&T Pebble Beach Pro-Am,2023-02-02,2023-02-06,,stroke_play,,,
event_862ab9857f78,espn_kaggle,2023_2023-02-09_WM Phoenix Open,PGA,2023,WM Phoenix Open,2023-02-09,2023-02-12,,stroke_play,,,
event_fbaf2678dba5,espn_kaggle,2023_2023-02-16_The Genesis Invitational,PGA,2023,The Genesis Invitational,2023-02-16,2023-02-19,,stroke_play,,,
event_ed592cf3bdb1,espn_kaggle,2023_2023-02-23_The Honda Classic,PGA,2023,The Honda Classic,2023-02-23,2023-02-26,,stroke_play,,,
event_a22a5d54d4c4,espn_kaggle,2023_2023-03-02_Puerto Rico Open,PGA,2023,Puerto Rico Open,2023-03-02,2023-03-05,,stroke_play,,,
event_d4f1897bc482,espn_kaggle,2023_2023-03-02_Arnold Palmer Invitational pres. by Mastercard,PGA,2023,Arnold Palmer Invitational pres. by Mastercard,2023-03-02,2023-03-05,,stroke_play,,,
event_7f77350f28e4,espn_kaggle,2023_2023-03-09_THE PLAYERS Championship,PGA,2023,THE PLAYERS Championship,2023-03-09,2023-03-12,,stroke_play,,,
event_59fca98eb904,espn_kaggle,2023_2023-03-16_Valspar Championship,PGA,2023,Valspar Championship,2023-03-16,2023-03-19,,stroke_play,,,
event_bd4acb4533bb,espn_kaggle,2023_2023-03-23_Corales Puntacana Championship,PGA,2023,Corales Puntacana Championship,2023-03-23,2023-03-26,,stroke_play,,,
event_8ab96ddf8698,espn_kaggle,2023_2023-03-30_Valero Texas Open,PGA,2023,Valero Texas Open,2023-03-30,2023-04-02,,stroke_play,,,
event_d4699cc4e41d,espn_kaggle,2023_2023-04-06_Masters Tournament,PGA,2023,Masters Tournament,2023-04-06,2023-04-09,,stroke_play,,,
event_5f2a112a8933,espn_kaggle,2023_2023-04-13_RBC Heritage,PGA,2023,RBC Heritage,2023-04-13,2023-04-16,,stroke_play,,,
event_b6b6ed2b7f18,espn_kaggle,2023_2023-04-27_Mexico Open,PGA,2023,Mexico Open,2023-04-27,2023-04-30,,stroke_play,,,
event_a3ad45a65cbf,espn_kaggle,2023_2023-05-04_Wells Fargo Championship,PGA,2023,Wells Fargo Championship,2023-05-04,2023-05-07,,stroke_play,,,
event_22054b0d744e,espn_kaggle,2023_2023-05-11_AT&T Byron Nelson,PGA,2023,AT&T Byron Nelson,2023-05-11,2023-05-14,,stroke_play,,,
event_f8d9cb39af57,espn_kaggle,2023_2023-05-18_PGA Championship,PGA,2023,PGA Championship,2023-05-18,2023-05-21,,stroke_play,,,
event_aee59f7c26b7,espn_kaggle,2023_2023-05-25_Charles Schwab Challenge,PGA,2023,Charles Schwab Challenge,2023-05-25,2023-05-28,,stroke_play,,,
event_8729dfc0eefd,espn_kaggle,2023_2023-06-01_The Memorial Tournament pres. by Workday,PGA,2023,The Memorial Tournament pres. by Workday,2023-06-01,2023-06-04,,stroke_play,,,
event_72ba21b0bc37,espn_kaggle,2023_2023-06-08_RBC Canadian Open,PGA,2023,RBC Canadian Open,2023-06-08,2023-06-11,,stroke_play,,,
event_6c3280afaec7,espn_kaggle,2023_2023-06-15_U.S. Open,PGA,2023,U.S. Open,2023-06-15,2023-06-18,,stroke_play,,,
event_437e123a14a5,espn_kaggle,2023_2023-06-22_Travelers Championship,PGA,2023,Travelers Championship,2023-06-22,2023-06-25,,stroke_play,,,
event_f78c2370561a,espn_kaggle,2023_2023-06-29_Rocket Mortgage Classic,PGA,2023,Rocket Mortgage Classic,2023-06-29,2023-07-02,,stroke_play,,,
event_a2661f42b90f,espn_kaggle,2023_2023-07-06_John Deere Classic,PGA,2023,John Deere Classic,2023-07-06,2023-07-09,,stroke_play,,,
event_e5f2a02dcbd7,espn_kaggle,2023_2023-07-13_Genesis Scottish Open,PGA,2023,Genesis Scottish Open,2023-07-13,2023-07-16,,stroke_play,,,
event_df5a2702350b,espn_kaggle,2023_2023-07-13_Barbasol Championship,PGA,2023,Barbasol Championship,2023-07-13,2023-07-16,,stroke_play,,,
event_4a53a15dd60a,espn_kaggle,2023_2023-07-20_The Open,PGA,2023,The Open,2023-07-20,2023-07-23,,stroke_play,,,
event_85fea43e6748,espn_kaggle,2023_2023-07-27_3M Open,PGA,2023,3M Open,2023-07-27,2023-07-30,,stroke_play,,,
event_4bcaccae523e,espn_kaggle,2023_2023-08-03_Wyndham Championship,PGA,2023,Wyndham Championship,2023-08-03,2023-08-06,,stroke_play,,,
event_54f1097aa2ea,espn_kaggle,2023_2023-08-10_FedEx St. Jude Championship,PGA,2023,FedEx St. Jude Championship,2023-08-10,2023-08-13,,stroke_play,,,
event_db36e76b1d8b,espn_kaggle,2023_2023-08-17_BMW Championship,PGA,2023,BMW Championship,2023-08-17,2023-08-20,,stroke_play,,,
event_6e961a76bb4e,espn_kaggle,2023_2023-08-24_TOUR Championship,PGA,2023,TOUR Championship,2023-08-24,2023-08-27,,stroke_play,,,
event_bb313a623cfc,espn_kaggle,2023_2023-09-14_Fortinet Championship,PGA,2023,Fortinet Championship,2023-09-14,2023-09-17,,stroke_play,,,
event_0cb52ab8871d,espn_kaggle,2023_2023-10-05_Sanderson Farms Championship,PGA,2023,Sanderson Farms Championship,2023-10-05,2023-10-08,,stroke_play,,,
event_f70fc80d9ad8,espn_kaggle,2023_2023-10-12_Shriners Children's Open,PGA,2023,Shriners Children's Open,2023-10-12,2023-10-15,,stroke_play,,,
event_ee4f1b6eef33,espn_kaggle,2023_2023-10-19_ZOZO CHAMPIONSHIP,PGA,2023,ZOZO CHAMPIONSHIP,2023-10-19,2023-10-22,,stroke_play,,,
event_bf99de68eafa,espn_kaggle,2023_2023-11-02_World Wide Technology Championship,PGA,2023,World Wide Technology Championship,2023-11-02,2023-11-05,,stroke_play,,,
event_7abd3c4a2013,espn_kaggle,2023_2023-11-09_Butterfield Bermuda Championship,PGA,2023,Butterfield Bermuda Championship,2023-11-09,2023-11-12,,stroke_play,,,
event_d47e424200c9,espn_kaggle,2023_2023-11-16_The RSM Classic,PGA,2023,The RSM Classic,2023-11-16,2023-11-19,,stroke_play,,,
event_c435c994addb,espn_kaggle,2023_2023-11-30_Hero World Challenge,PGA,2023,Hero World Challenge,2023-11-30,2023-12-03,,stroke_play,,,
event_b7097ba5b640,espn_kaggle,2023_2023-12-14_PGA TOUR Q-School presented by Korn Ferry,PGA,2023,PGA TOUR Q-School presented by Korn Ferry,2023-12-14,2023-12-18,,stroke_play,,,
event_96ba60e7539b,espn_kaggle,2024_2024-01-04_The Sentry,PGA,2024,The Sentry,2024-01-04,2024-01-07,,stroke_play,,,
event_5abaa04b708f,espn_kaggle,2024_2024-01-11_Sony Open in Hawaii,PGA,2024,Sony Open in Hawaii,2024-01-11,2024-01-14,,stroke_play,,,
event_ae340c51d8dc,espn_kaggle,2024_2024-01-18_The American Express,PGA,2024,The American Express,2024-01-18,2024-01-21,,stroke_play,,,
event_6e419357841a,espn_kaggle,2024_2024-01-24_Farmers Insurance Open,PGA,2024,Farmers Insurance Open,2024-01-24,2024-01-27,,stroke_play,,,
event_a196c599cb8c,espn_kaggle,2024_2024-02-01_AT&T Pebble Beach Pro-Am,PGA,2024,AT&T Pebble Beach Pro-Am,2024-02-01,2024-02-03,,stroke_play,,,
event_9c3ff53762f1,espn_kaggle,2024_2024-02-08_WM Phoenix Open,PGA,2024,WM Phoenix Open,2024-02-08,2024-02-11,,stroke_play,,,
event_645ffe201eae,espn_kaggle,2024_2024-02-15_The Genesis Invitational,PGA,2024,The Genesis Invitational,2024-02-15,2024-02-18,,stroke_play,,,
event_94e89c1685fa,espn_kaggle,2024_2024-02-22_Mexico Open at Vidanta,PGA,2024,Mexico Open at Vidanta,2024-02-22,2024-02-25,,stroke_play,,,
event_2c8107b8c0f0,espn_kaggle,2024_2024-02-29_Cognizant Classic,PGA,2024,Cognizant Classic,2024-02-29,2024-03-03,,stroke_play,,,
event_ebe930f372ed,espn_kaggle,2024_2024-03-07_Arnold Palmer Invitational pres. by Mastercard,PGA,2024,Arnold Palmer Invitational pres. by Mastercard,2024-03-07,2024-03-10,,stroke_play,,,
event_e76afbef0481,espn_kaggle,2024_2024-03-07_Puerto Rico Open,PGA,2024,Puerto Rico Open,2024-03-07,2024-03-10,,stroke_play,,,
event_45b6d9c1a0a9,espn_kaggle,2024_2024-03-14_THE PLAYERS Championship,PGA,2024,THE PLAYERS Championship,2024-03-14,2024-03-17,,stroke_play,,,
event_bec8e24faf2e,espn_kaggle,2024_2024-03-21_Valspar Championship,PGA,2024,Valspar Championship,2024-03-21,2024-03-24,,stroke_play,,,
event_717cd5a00cf0,espn_kaggle,2024_2024-03-28_Texas Children's Houston Open,PGA,2024,Texas Children's Houston Open,2024-03-28,2024-03-31,,stroke_play,,,
event_20ba9c40e91e,espn_kaggle,2024_2024-04-04_Valero Texas Open,PGA,2024,Valero Texas Open,2024-04-04,2024-04-07,,stroke_play,,,
event_ed352b85d39c,espn_kaggle,2024_2024-04-11_Masters Tournament,PGA,2024,Masters Tournament,2024-04-11,2024-04-14,,stroke_play,,,
event_2a5d421c25ef,espn_kaggle,2024_2024-04-18_RBC Heritage,PGA,2024,RBC Heritage,2024-04-18,2024-04-22,,stroke_play,,,
event_a6b09efb0ff5,espn_kaggle,2024_2024-04-18_Corales Puntacana Championship,PGA,2024,Corales Puntacana Championship,2024-04-18,2024-04-21,,stroke_play,,,
event_2d205b89b892,espn_kaggle,2024_2024-05-02_THE CJ CUP Byron Nelson,PGA,2024,THE CJ CUP Byron Nelson,2024-05-02,2024-05-05,,stroke_play,,,
event_b999f5b6acce,espn_kaggle,2024_2024-05-09_Wells Fargo Championship,PGA,2024,Wells Fargo Championship,2024-05-09,2024-05-12,,stroke_play,,,
event_eecab742d534,espn_kaggle,2024_2024-05-09_Myrtle Beach Classic,PGA,2024,Myrtle Beach Classic,2024-05-09,2024-05-12,,stroke_play,,,
event_a6bf5418333b,espn_kaggle,2024_2024-05-16_PGA Championship,PGA,2024,PGA Championship,2024-05-16,2024-05-19,,stroke_play,,,
event_f39e307512f9,espn_kaggle,2024_2024-05-23_Charles Schwab Challenge,PGA,2024,Charles Schwab Challenge,2024-05-23,2024-05-26,,stroke_play,,,
event_c9330a672a3c,espn_kaggle,2024_2024-05-30_RBC Canadian Open,PGA,2024,RBC Canadian Open,2024-05-30,2024-06-02,,stroke_play,,,
event_76e4870660da,espn_kaggle,2024_2024-06-06_the Memorial Tournament pres. by Workday,PGA,2024,the Memorial Tournament pres. by Workday,2024-06-06,2024-06-09,,stroke_play,,,
event_c52b3b855e8c,espn_kaggle,2024_2024-06-13_U.S. Open,PGA,2024,U.S. Open,2024-06-13,2024-06-16,,stroke_play,,,
event_f17c3778b94a,espn_kaggle,2024_2024-06-20_Travelers Championship,PGA,2024,Travelers Championship,2024-06-20,2024-06-23,,stroke_play,,,
event_cdeebc835cc6,espn_kaggle,2024_2024-06-27_Rocket Mortgage Classic,PGA,2024,Rocket Mortgage Classic,2024-06-27,2024-06-30,,stroke_play,,,
event_da3459e1f53b,espn_kaggle,2024_2024-07-04_John Deere Classic,PGA,2024,John Deere Classic,2024-07-04,2024-07-07,,stroke_play,,,
event_daa9951655d4,espn_kaggle,2024_2024-07-11_Genesis Scottish Open,PGA,2024,Genesis Scottish Open,2024-07-11,2024-07-14,,stroke_play,,,
event_0baac89c1643,espn_kaggle,2024_2024-07-11_ISCO Championship,PGA,2024,ISCO Championship,2024-07-11,2024-07-14,,stroke_play,,,
event_dfa3abd7cba8,espn_kaggle,2024_2024-07-18_The Open,PGA,2024,The Open,2024-07-18,2024-07-21,,stroke_play,,,
event_f49d208a2e05,espn_kaggle,2024_2024-07-25_3M Open,PGA,2024,3M Open,2024-07-25,2024-07-28,,stroke_play,,,
event_d65ff6b5ffb6,espn_kaggle,2024_2024-08-08_Wyndham Championship,PGA,2024,Wyndham Championship,2024-08-08,2024-08-12,,stroke_play,,,
event_9dc9efbe8850,espn_kaggle,2024_2024-08-15_FedEx St. Jude Championship,PGA,2024,FedEx St. Jude Championship,2024-08-15,2024-08-18,,stroke_play,,,
event_bb79445d3b66,espn_kaggle,2024_2024-08-22_BMW Championship,PGA,2024,BMW Championship,2024-08-22,2024-08-25,,stroke_play,,,
event_627c1d35d229,espn_kaggle,2024_2024-08-29_TOUR Championship,PGA,2024,TOUR Championship,2024-08-29,2024-09-01,,stroke_play,,,
event_15c8c93f747a,espn_kaggle,2024_2024-09-12_Procore Championship,PGA,2024,Procore Championship,2024-09-12,2024-09-15,,stroke_play,,,
event_396c53da17f6,espn_kaggle,2024_2024-10-03_Sanderson Farms Championship,PGA,2024,Sanderson Farms Championship,2024-10-03,2024-10-06,,stroke_play,,,
event_2669e20c81fe,espn_kaggle,2024_2024-10-10_Black Desert Championship,PGA,2024,Black Desert Championship,2024-10-10,2024-10-13,,stroke_play,,,
event_bd9993384f93,espn_kaggle,2024_2024-10-17_Shriners Children's Open,PGA,2024,Shriners Children's Open,2024-10-17,2024-10-20,,stroke_play,,,
event_2cdb6fe4e61d,espn_kaggle,2024_2024-10-24_ZOZO CHAMPIONSHIP,PGA,2024,ZOZO CHAMPIONSHIP,2024-10-24,2024-10-27,,stroke_play,,,
event_9885877b0c74,espn_kaggle,2024_2024-11-07_World Wide Technology Championship,PGA,2024,World Wide Technology Championship,2024-11-07,2024-11-10,,stroke_play,,,
event_f2ec9dc222ee,espn_kaggle,2024_2024-11-14_Butterfield Bermuda Championship,PGA,2024,Butterfield Bermuda Championship,2024-11-14,2024-11-17,,stroke_play,,,
event_a5eb50872f48,espn_kaggle,2024_2024-11-21_The RSM Classic,PGA,2024,The RSM Classic,2024-11-21,2024-11-24,,stroke_play,,,
event_7d491b328335,espn_kaggle,2024_2024-12-05_Hero World Challenge,PGA,2024,Hero World Challenge,2024-12-05,2024-12-08,,stroke_play,,,
event_0fb8dc3f7d24,espn_kaggle,2024_2024-12-12_PGA TOUR Q-School presented by Korn Ferry,PGA,2024,PGA TOUR Q-School presented by Korn Ferry,2024-12-12,2024-12-15,,stroke_play,,,
event_cadcafee19fe,espn_kaggle,2025_2025-01-02_The Sentry,PGA,2025,The Sentry,2025-01-02,2025-01-05,,stroke_play,,,
event_19c37c01bbb4,espn_kaggle,2025_2025-01-09_Sony Open in Hawaii,PGA,2025,Sony Open in Hawaii,2025-01-09,2025-01-12,,stroke_play,,,
event_6899201a841f,espn_kaggle,2025_2025-01-16_The American Express,PGA,2025,The American Express,2025-01-16,2025-01-19,,stroke_play,,,
event_1c6adbc47f16,espn_kaggle,2025_2025-01-22_Farmers Insurance Open,PGA,2025,Farmers Insurance Open,2025-01-22,2025-01-25,,stroke_play,,,
event_c8cc135c2443,espn_kaggle,2025_2025-01-30_AT&T Pebble Beach Pro-Am,PGA,2025,AT&T Pebble Beach Pro-Am,2025-01-30,2025-02-02,,stroke_play,,,
event_6df39225cdad,espn_kaggle,2025_2025-02-06_WM Phoenix Open,PGA,2025,WM Phoenix Open,2025-02-06,2025-02-09,,stroke_play,,,
event_e6cd1ce88c48,espn_kaggle,2025_2025-02-13_The Genesis Invitational,PGA,2025,The Genesis Invitational,2025-02-13,2025-02-16,,stroke_play,,,
event_a7dc49c71581,espn_kaggle,2025_2025-02-20_Mexico Open at VidantaWorld,PGA,2025,Mexico Open at VidantaWorld,2025-02-20,2025-02-23,,stroke_play,,,
event_6a5e8cf82d55,espn_kaggle,2025_2025-02-27_Cognizant Classic in The Palm Beaches,PGA,2025,Cognizant Classic in The Palm Beaches,2025-02-27,2025-03-02,,stroke_play,,,
event_6f963a69a39e,espn_kaggle,2025_2025-03-06_Arnold Palmer Invitational pres. by Mastercard,PGA,2025,Arnold Palmer Invitational pres. by Mastercard,2025-03-06,2025-03-09,,stroke_play,,,
event_97204457eb39,espn_kaggle,2025_2025-03-06_Puerto Rico Open,PGA,2025,Puerto Rico Open,2025-03-06,2025-03-09,,stroke_play,,,
event_aba8d2cd87c4,espn_kaggle,2025_2025-03-13_THE PLAYERS Championship,PGA,2025,THE PLAYERS Championship,2025-03-13,2025-03-17,,stroke_play,,,
event_e6f46dbc6bc1,espn_kaggle,2025_2025-03-20_Valspar Championship,PGA,2025,Valspar Championship,2025-03-20,2025-03-23,,stroke_play,,,
event_ece32547a061,espn_kaggle,2025_2025-03-27_Texas Children's Houston Open,PGA,2025,Texas Children's Houston Open,2025-03-27,2025-03-30,,stroke_play,,,
event_6cc13ab0dfe1,espn_kaggle,2025_2025-04-03_Valero Texas Open,PGA,2025,Valero Texas Open,2025-04-03,2025-04-06,,stroke_play,,,
event_e470f02c4c85,espn_kaggle,2025_2025-04-10_Masters Tournament,PGA,2025,Masters Tournament,2025-04-10,2025-04-13,,stroke_play,,,
event_65df1bc277fa,espn_kaggle,2025_2025-04-17_RBC Heritage,PGA,2025,RBC Heritage,2025-04-17,2025-04-20,,stroke_play,,,
event_f4c5ac67b2e8,espn_kaggle,2025_2025-04-17_Corales Puntacana Championship,PGA,2025,Corales Puntacana Championship,2025-04-17,2025-04-20,,stroke_play,,,
event_6c0eae987db8,espn_kaggle,2025_2025-05-01_THE CJ CUP Byron Nelson,PGA,2025,THE CJ CUP Byron Nelson,2025-05-01,2025-05-04,,stroke_play,,,
event_728b083b19c2,espn_kaggle,2025_2025-05-08_Truist Championship,PGA,2025,Truist Championship,2025-05-08,2025-05-11,,stroke_play,,,
event_927c060c9e2a,espn_kaggle,2025_2025-05-08_ONEflight Myrtle Beach Classic,PGA,2025,ONEflight Myrtle Beach Classic,2025-05-08,2025-05-11,,stroke_play,,,
event_ab0a445fdfac,espn_kaggle,2025_2025-05-15_PGA Championship,PGA,2025,PGA Championship,2025-05-15,2025-05-18,,stroke_play,,,
event_d3115e0e0a70,espn_kaggle,2025_2025-05-22_Charles Schwab Challenge,PGA,2025,Charles Schwab Challenge,2025-05-22,2025-05-25,,stroke_play,,,
event_1b255b40d364,espn_kaggle,2025_2025-05-29_the Memorial Tournament pres. by Workday,PGA,2025,the Memorial Tournament pres. by Workday,2025-05-29,2025-06-01,,stroke_play,,,
event_934b4da340bd,espn_kaggle,2025_2025-06-05_RBC Canadian Open,PGA,2025,RBC Canadian Open,2025-06-05,2025-06-08,,stroke_play,,,
event_3066821fdd95,espn_kaggle,2025_2025-06-12_U.S. Open,PGA,2025,U.S. Open,2025-06-12,2025-06-15,,stroke_play,,,
event_77c97a5b7ef1,espn_kaggle,2025_2025-06-19_Travelers Championship,PGA,2025,Travelers Championship,2025-06-19,2025-06-22,,stroke_play,,,
event_320f3694c5f9,espn_kaggle,2025_2025-06-26_Rocket Classic,PGA,2025,Rocket Classic,2025-06-26,2025-06-29,,stroke_play,,,
event_13d3620cc086,espn_kaggle,2025_2025-07-03_John Deere Classic,PGA,2025,John Deere Classic,2025-07-03,2025-07-06,,stroke_play,,,
event_19dcaa3a2098,espn_kaggle,2025_2025-07-10_Genesis Scottish Open,PGA,2025,Genesis Scottish Open,2025-07-10,2025-07-13,,stroke_play,,,
event_63ada6255891,espn_kaggle,2025_2025-07-10_ISCO Championship,PGA,2025,ISCO Championship,2025-07-10,2025-07-13,,stroke_play,,,
event_40bfb65e4112,espn_kaggle,2025_2025-07-17_The Open,PGA,2025,The Open,2025-07-17,2025-07-20,,stroke_play,,,
event_d0108adeb046,espn_kaggle,2025_2025-07-24_3M Open,PGA,2025,3M Open,2025-07-24,2025-07-27,,stroke_play,,,
event_c4396a7423cd,espn_kaggle,2025_2025-07-31_Wyndham Championship,PGA,2025,Wyndham Championship,2025-07-31,2025-08-03,,stroke_play,,,
event_3c4c3059a32e,espn_kaggle,2025_2025-08-07_FedEx St. Jude Championship,PGA,2025,FedEx St. Jude Championship,2025-08-07,2025-08-10,,stroke_play,,,
event_42cd676418d0,espn_kaggle,2025_2025-08-14_BMW Championship,PGA,2025,BMW Championship,2025-08-14,2025-08-17,,stroke_play,,,
event_1a2387559a0e,espn_kaggle,2025_2025-08-21_TOUR Championship,PGA,2025,TOUR Championship,2025-08-21,2025-08-24,,stroke_play,,,
event_0ae4e19172ce,espn_kaggle,2025_2025-09-11_Procore Championship,PGA,2025,Procore Championship,2025-09-11,2025-09-14,,stroke_play,,,
event_0762bd3319f7,espn_kaggle,2025_2025-10-02_Sanderson Farms Championship,PGA,2025,Sanderson Farms Championship,2025-10-02,2025-10-05,,stroke_play,,,
event_bc169ca83cdd,espn_kaggle,2025_2025-10-09_Baycurrent Classic,PGA,2025,Baycurrent Classic,2025-10-09,2025-10-12,,stroke_play,,,
event_875b43c9b2b4,espn_kaggle,2025_2025-10-23_Bank of Utah Championship,PGA,2025,Bank of Utah Championship,2025-10-23,2025-10-26,,stroke_play,,,
event_e0aa297f7741,espn_kaggle,2025_2025-11-06_World Wide Technology Championship,PGA,2025,World Wide Technology Championship,2025-11-06,2025-11-09,,stroke_play,,,
event_e2de9bb604fb,espn_kaggle,2025_2025-11-13_Butterfield Bermuda Championship,PGA,2025,Butterfield Bermuda Championship,2025-11-13,2025-11-16,,stroke_play,,,
event_28192fdead3a,espn_kaggle,2025_2025-11-20_The RSM Classic,PGA,2025,The RSM Classic,2025-11-20,2025-11-23,,stroke_play,,,
event_a192a3345732,espn_kaggle,2025_2025-12-04_Hero World Challenge,PGA,2025,Hero World Challenge,2025-12-04,2025-12-07,,stroke_play,,,
event_038d05a9a78a,espn_kaggle,2025_2025-12-11_PGA TOUR Q-School presented by Korn Ferry,PGA,2025,PGA TOUR Q-School presented by Korn Ferry,2025-12-11,2025-12-14,,stroke_play,,,
event_a4b54ba23d7b,cbs_sports,31000101,PGA,2026,Genesis Scottish Open,2026-07-08,2026-07-11,,stroke_play,,,2026-07-17T18:30:43.112197Z
event_c1d4f61f68a2,cbs_sports,31000100,PGA,2026,ISCO Championship,2026-07-08,2026-07-11,,stroke_play,,,2026-07-17T18:30:43.112197Z
event_b97ee9dca3ce,cbs_sports,31000099,PGA,2026,John Deere Classic,2026-07-01,2026-07-04,,stroke_play,,,2026-07-17T18:30:43.112197Z
event_3d37d4d7d4c5,cbs_sports,31000098,PGA,2026,Travelers Championship,2026-06-24,2026-06-28,,stroke_play,,,2026-07-17T18:30:43.112197Z
event_18011f5ec7b8,cbs_sports,31000097,PGA,2026,U.S. Open,2026-06-17,2026-06-20,,stroke_play,,,2026-07-17T18:30:43.112197Z
event_919c78c406ca,cbs_sports,31000096,PGA,2026,RBC Canadian Open,2026-06-10,2026-06-13,,stroke_play,,,2026-07-17T18:30:43.112197Z
event_bed90ac61996,cbs_sports,31000095,PGA,2026,the Memorial Tournament presented by Workday,2026-06-03,2026-06-06,,stroke_play,,,2026-07-17T18:30:43.112197Z
event_016c26db43c2,cbs_sports,31000094,PGA,2026,Charles Schwab Challenge,2026-05-27,2026-05-30,,stroke_play,,,2026-07-17T18:30:43.112197Z
event_8904617f13e2,cbs_sports,31000093,PGA,2026,The CJ Cup Byron Nelson,2026-05-20,2026-05-23,,stroke_play,,,2026-07-17T18:30:43.112197Z
event_af2aa4a8a292,cbs_sports,31000092,PGA,2026,PGA Championship,2026-05-13,2026-05-16,,stroke_play,,,2026-07-17T18:30:43.112197Z
event_a0e95a7e2821,cbs_sports,31000091,PGA,2026,ONEflight Myrtle Beach Classic,2026-05-06,2026-05-09,,stroke_play,,,2026-07-17T18:30:43.112197Z
event_49e5f842c327,cbs_sports,31000090,PGA,2026,Truist Championship,2026-05-06,2026-05-09,,stroke_play,,,2026-07-17T18:30:43.112197Z
event_30e02c47295a,cbs_sports,31000089,PGA,2026,Cadillac Championship,2026-04-29,2026-05-02,,stroke_play,,,2026-07-17T18:30:43.112197Z
event_837d1cf5338d,cbs_sports,31000088,PGA,2026,Zurich Classic of New Orleans,2026-04-22,2026-04-25,,stroke_play,,,2026-07-17T18:30:43.112197Z
event_79f14f288510,cbs_sports,31000087,PGA,2026,RBC Heritage,2026-04-15,2026-04-19,,stroke_play,,,2026-07-17T18:30:43.112197Z
event_821ef0585c66,cbs_sports,31000086,PGA,2026,Masters Tournament,2026-04-08,2026-04-11,,stroke_play,,,2026-07-17T18:30:43.112197Z
event_be8c480f3dd4,cbs_sports,31000085,PGA,2026,Valero Texas Open,2026-04-01,2026-04-04,,stroke_play,,,2026-07-17T18:30:43.112197Z
event_3f95d0424aaf,cbs_sports,31000084,PGA,2026,Texas Children&#039;s Houston Open,2026-03-25,2026-03-28,,stroke_play,,,2026-07-17T18:30:43.112197Z
event_abd719a2db6e,cbs_sports,31000083,PGA,2026,Valspar Championship,2026-03-18,2026-03-21,,stroke_play,,,2026-07-17T18:30:43.112197Z
event_b4707573e446,cbs_sports,31000082,PGA,2026,The Players Championship,2026-03-11,2026-03-14,,stroke_play,,,2026-07-17T18:30:43.112197Z
event_0a607b1750a1,cbs_sports,31000081,PGA,2026,Puerto Rico Open,2026-03-04,2026-03-07,,stroke_play,,,2026-07-17T18:30:43.112197Z
event_f1cee2b69351,cbs_sports,31000080,PGA,2026,Arnold Palmer Invitational presented by Mastercard,2026-03-04,2026-03-07,,stroke_play,,,2026-07-17T18:30:43.112197Z
event_1b1476546792,cbs_sports,31000079,PGA,2026,Cognizant Classic in The Palm Beaches,2026-02-25,2026-02-28,,stroke_play,,,2026-07-17T18:30:43.112197Z
event_62dbf56c4e66,cbs_sports,31000078,PGA,2026,The Genesis Invitational,2026-02-18,2026-02-21,,stroke_play,,,2026-07-17T18:30:43.112197Z
event_a1d845e231ee,cbs_sports,31000077,PGA,2026,AT&amp;T Pebble Beach Pro-Am,2026-02-11,2026-02-14,,stroke_play,,,2026-07-17T18:30:43.112197Z
event_ac1a627c9154,cbs_sports,31000076,PGA,2026,WM Phoenix Open,2026-02-04,2026-02-07,,stroke_play,,,2026-07-17T18:30:43.112197Z
event_26e3aaf11ce3,cbs_sports,31000075,PGA,2026,Farmers Insurance Open,2026-01-28,2026-01-31,,stroke_play,,,2026-07-17T18:30:43.112197Z
event_eb2c05dc351f,cbs_sports,31000073,PGA,2026,The American Express,2026-01-21,2026-01-24,,stroke_play,,,2026-07-17T18:30:43.112197Z
event_f6e1988ab7cb,cbs_sports,31000072,PGA,2026,Sony Open in Hawaii,2026-01-14,2026-01-17,,stroke_play,,,2026-07-17T18:30:43.112197Z
event_7fffbbc1fa8a,cbs_sports,31000071,PGA,2026,The Sentry,2026-01-07,2026-01-10,,stroke_play,,,2026-07-17T18:30:43.112197Z
