player_id,source,source_player_id,player_name,country,handedness,date_of_birth,created_at_utc
player_d1424216430d,espn_kaggle,Garrett Willis,Garrett Willis,,,,
player_76a6e567df05,espn_kaggle,Kevin Sutherland,Kevin Sutherland,,,,
player_1e7f576f1267,espn_kaggle,Bob Tway,Bob Tway,,,,
player_ca45c1610741,espn_kaggle,Geoff Ogilvy,Geoff Ogilvy,,,,
player_f671f1999664,espn_kaggle,K.J. Choi,K.J. Choi,,,,
player_bfad130af9da,espn_kaggle,Cliff Kresge,Cliff Kresge,,,,
player_5fbc80990ef9,espn_kaggle,Greg Kraft,Greg Kraft,,,,
player_eadf14649bb8,espn_kaggle,Mark Wiebe,Mark Wiebe,,,,
player_4e020c5352a3,espn_kaggle,Rich Beem,Rich Beem,,,,
player_b46a9750d7a6,espn_kaggle,Jeff Maggert,Jeff Maggert,,,,
player_67a5eb8c0107,espn_kaggle,Steve Flesch,Steve Flesch,,,,
player_48fbec123408,espn_kaggle,Harrison Frazar,Harrison Frazar,,,,
player_a2ffe22b04f7,espn_kaggle,Bernhard Langer,Bernhard Langer,,,,
player_dd47572f328b,espn_kaggle,Mark Hensby,Mark Hensby,,,,
player_cc841900f6cb,espn_kaggle,Mark Calcavecchia,Mark Calcavecchia,,,,
player_2bfb748dc1a9,espn_kaggle,Jerry Kelly,Jerry Kelly,,,,
player_f4c60b267774,espn_kaggle,Brandt Jobe,Brandt Jobe,,,,
player_a6caa56dc0d1,espn_kaggle,Hunter Haas,Hunter Haas,,,,
player_282e683bd8c6,espn_kaggle,Glen Hnatiuk,Glen Hnatiuk,,,,
player_67aca282e5fa,espn_kaggle,Craig Kanada,Craig Kanada,,,,
player_96419242db77,espn_kaggle,Fred Funk,Fred Funk,,,,
player_cfaff5029c76,espn_kaggle,Mike Sposa,Mike Sposa,,,,
player_f298508dbabd,espn_kaggle,Bob Burns,Bob Burns,,,,
player_3b023ef1e129,espn_kaggle,Russ Cochran,Russ Cochran,,,,
player_81984345f96b,espn_kaggle,Chris Riley,Chris Riley,,,,
player_20396fc9a94b,espn_kaggle,Tim Clark,Tim Clark,,,,
player_a1d052edd94a,espn_kaggle,Robert Gamez,Robert Gamez,,,,
player_2445beed97b6,espn_kaggle,Jay Don Blake,Jay Don Blake,,,,
player_92b74e0d41fe,espn_kaggle,Paul Goydos,Paul Goydos,,,,
player_b93586cd8fc9,espn_kaggle,Len Mattiace,Len Mattiace,,,,
player_413e8e4509ab,espn_kaggle,Fred Couples,Fred Couples,,,,
player_4a4561a36fe0,espn_kaggle,David Peoples,David Peoples,,,,
player_e0a4779e2b44,espn_kaggle,Olin Browne,Olin Browne,,,,
player_900c63a00792,espn_kaggle,Willie Wood,Willie Wood,,,,
player_7c530c435070,espn_kaggle,Jonathan Kaye,Jonathan Kaye,,,,
player_dc0e6f3b03cf,espn_kaggle,Scott McCarron,Scott McCarron,,,,
player_40590c3ea606,espn_kaggle,Ben Ferguson,Ben Ferguson,,,,
player_687c4f6b5f9e,espn_kaggle,Kaname Yokoo,Kaname Yokoo,,,,
player_203331841c7c,espn_kaggle,Tim Herron,Tim Herron,,,,
player_f651a64a89b0,espn_kaggle,Mike Reid,Mike Reid,,,,
player_d69d70fe5557,espn_kaggle,Neal Lancaster,Neal Lancaster,,,,
player_e80b452b1954,espn_kaggle,Chris Perry,Chris Perry,,,,
player_ed2a03978465,espn_kaggle,Tommy Tolles,Tommy Tolles,,,,
player_4f7ee2664fb1,espn_kaggle,Jim McGovern,Jim McGovern,,,,
player_181aeadb1000,espn_kaggle,Larry Mize,Larry Mize,,,,
player_8da970516a9d,espn_kaggle,Grant Waite,Grant Waite,,,,
player_b34ce0c3ad66,espn_kaggle,Andrew Magee,Andrew Magee,,,,
player_8f948a7b314b,espn_kaggle,Glen Day,Glen Day,,,,
player_8cfb6bf8b004,espn_kaggle,Jeff Gallagher,Jeff Gallagher,,,,
player_0dee23c13c19,espn_kaggle,Mark Wurtz,Mark Wurtz,,,,
player_f6847033e152,espn_kaggle,John Daly,John Daly,,,,
player_1cdb9b14a09d,espn_kaggle,Chris Tidland,Chris Tidland,,,,
player_e23b5105cdb3,espn_kaggle,Stephen Ames,Stephen Ames,,,,
player_515ff275408c,espn_kaggle,Carl Paulson,Carl Paulson,,,,
player_dcca26920664,espn_kaggle,Lee Porter,Lee Porter,,,,
player_4f83d4d0fe7e,espn_kaggle,Jim Gallagher Jr.,Jim Gallagher Jr.,,,,
player_73ea99239a09,espn_kaggle,Jason Gore,Jason Gore,,,,
player_45f5bcc3239c,espn_kaggle,Craig Barlow,Craig Barlow,,,,
player_746d84657ed7,espn_kaggle,Jeff Hart,Jeff Hart,,,,
player_f1e81fadc464,espn_kaggle,Brent Schwarzrock,Brent Schwarzrock,,,,
player_45dd7774925b,espn_kaggle,Tom Pernice Jr.,Tom Pernice Jr.,,,,
player_ee0049b98d89,espn_kaggle,Steve Allan,Steve Allan,,,,
player_46d6efdddb1e,espn_kaggle,Kenny Perry,Kenny Perry,,,,
player_664ba229d7aa,espn_kaggle,Ronnie Black,Ronnie Black,,,,
player_c4bf99f770c0,espn_kaggle,Sean Murphy,Sean Murphy,,,,
player_893e15599aa7,espn_kaggle,Steve Jones,Steve Jones,,,,
player_b48220ad64a1,espn_kaggle,Tom Purtzer,Tom Purtzer,,,,
player_089ee1c69009,espn_kaggle,John Cook,John Cook,,,,
player_fbfc32562906,espn_kaggle,Donnie Hammond,Donnie Hammond,,,,
player_70c2675102c8,espn_kaggle,Ted Tryba,Ted Tryba,,,,
player_548395bc7000,espn_kaggle,Matt Gogel,Matt Gogel,,,,
player_9d3435f49604,espn_kaggle,John Riegger,John Riegger,,,,
player_c590242d432b,espn_kaggle,Mike Springer,Mike Springer,,,,
player_8f369a28927f,espn_kaggle,Jeff Brehaut,Jeff Brehaut,,,,
player_a2dc4ff98619,espn_kaggle,Brad Elder,Brad Elder,,,,
player_1b0bc5a97954,espn_kaggle,Steve Elkington,Steve Elkington,,,,
player_5058dc78d584,espn_kaggle,Dave Stockton Jr.,Dave Stockton Jr.,,,,
player_fd4ffa048050,espn_kaggle,Yoshi Mizumaki,Yoshi Mizumaki,,,,
player_bfd3de5c1084,espn_kaggle,Robert Damron,Robert Damron,,,,
player_ffdabbd1d714,espn_kaggle,Rick Fehr,Rick Fehr,,,,
player_7b1fa35f36cf,espn_kaggle,Barry Cheesman,Barry Cheesman,,,,
player_d31a2eca6217,espn_kaggle,Emanuele Canonica,Emanuele Canonica,,,,
player_aa5d66c2f76c,espn_kaggle,Robin Freeman,Robin Freeman,,,,
player_334adae275ff,espn_kaggle,Brent Geiberger,Brent Geiberger,,,,
player_9c20b274b711,espn_kaggle,Tripp Isenhour,Tripp Isenhour,,,,
player_edf5cc794a0f,espn_kaggle,Per-Ulrik Johansson,Per-Ulrik Johansson,,,,
player_a4fa685520a6,espn_kaggle,Craig Perks,Craig Perks,,,,
player_4871e6ee8ba2,espn_kaggle,Don Pooley,Don Pooley,,,,
player_5878e06c04d7,espn_kaggle,Esteban Toledo,Esteban Toledo,,,,
player_95f71d25a7c2,espn_kaggle,Keith Clearwater,Keith Clearwater,,,,
player_cfde0b02064f,espn_kaggle,Peter Jordan,Peter Jordan,,,,
player_5e8bfd1769f3,espn_kaggle,Tommy Armour III,Tommy Armour III,,,,
player_2f840479d03b,espn_kaggle,Joey Sindelar,Joey Sindelar,,,,
player_098abf0ea410,espn_kaggle,Jay Williamson,Jay Williamson,,,,
player_1c8b99e94e85,espn_kaggle,Bob May,Bob May,,,,
player_dd69723c287d,espn_kaggle,Michael Muehr,Michael Muehr,,,,
player_9d58c47a0796,espn_kaggle,Curtis Strange,Curtis Strange,,,,
player_46a8a7bf0b61,espn_kaggle,J.P. Hayes,J.P. Hayes,,,,
player_93676803b825,espn_kaggle,Chris Smith,Chris Smith,,,,
player_ac75eb2edce2,espn_kaggle,Brett Upper,Brett Upper,,,,
player_65c90d1867c7,espn_kaggle,Joe Durant,Joe Durant,,,,
player_42218412d91e,espn_kaggle,Dan Forsman,Dan Forsman,,,,
player_d260adeb0d1e,espn_kaggle,Billy Mayfair,Billy Mayfair,,,,
player_4d40f65c2e7d,espn_kaggle,Brian Wilson,Brian Wilson,,,,
player_9caa959d1bfb,espn_kaggle,Paul Stankowski,Paul Stankowski,,,,
player_dc0419566d86,espn_kaggle,Rocky Walcher,Rocky Walcher,,,,
player_8f13843c7ad0,espn_kaggle,Marco Dawson,Marco Dawson,,,,
player_e1e9aba798cf,espn_kaggle,Spike McRoy,Spike McRoy,,,,
player_98b4d4b224c8,espn_kaggle,Craig Parry,Craig Parry,,,,
player_acb4b8814d30,espn_kaggle,Sam Randolph,Sam Randolph,,,,
player_0fa9cc9ecc8c,espn_kaggle,Edward Fryatt,Edward Fryatt,,,,
player_ed9a9db06681,espn_kaggle,Shaun Micheel,Shaun Micheel,,,,
player_0961c74ca2e1,espn_kaggle,Steve Pate,Steve Pate,,,,
player_7f53133b911c,espn_kaggle,Danny Ellis,Danny Ellis,,,,
player_e89fc2b58cc9,espn_kaggle,J.J. Henry,J.J. Henry,,,,
player_6c9661825e92,espn_kaggle,Ian Leggatt,Ian Leggatt,,,,
player_13473dd9e3a3,espn_kaggle,Briny Baird,Briny Baird,,,,
player_04d43ee7fe3f,espn_kaggle,Lee Janzen,Lee Janzen,,,,
player_548ddfb6dd16,espn_kaggle,Mathew Goggin,Mathew Goggin,,,,
player_fe5423aa25a5,espn_kaggle,Ben Bates,Ben Bates,,,,
player_091434d0b950,espn_kaggle,Jerry Smith,Jerry Smith,,,,
player_dc86fd3e1ae9,espn_kaggle,Kent Jones,Kent Jones,,,,
player_1e85526c166f,espn_kaggle,Richie Coughlan,Richie Coughlan,,,,
player_e445f8c3099c,espn_kaggle,Woody Austin,Woody Austin,,,,
player_980695dd40c4,espn_kaggle,J.L. Lewis,J.L. Lewis,,,,
player_0c998d6aa216,espn_kaggle,Dicky Pride,Dicky Pride,,,,
player_58bffe03cc33,espn_kaggle,Jeff Sluman,Jeff Sluman,,,,
player_5fbd58e4bf29,espn_kaggle,Kiernan Mattson,Kiernan Mattson,,,,
player_074a7722a471,espn_kaggle,Jay Synkelma,Jay Synkelma,,,,
player_457fae86eb33,espn_kaggle,Craig Spence,Craig Spence,,,,
player_55fd4d4288ac,espn_kaggle,Fred Wadsworth,Fred Wadsworth,,,,
player_3c2c852d4f03,espn_kaggle,Joe Kern,Joe Kern,,,,
player_2c6ed9c28bc9,espn_kaggle,Andrew McLardy,Andrew McLardy,,,,
player_58afe6e24951,espn_kaggle,Casey Martin,Casey Martin,,,,
player_a7f1472c6454,espn_kaggle,Joe Ozaki,Joe Ozaki,,,,
player_74d7ce0660ca,espn_kaggle,Toru Taniguchi,Toru Taniguchi,,,,
player_7638ae29274b,espn_kaggle,Gary Nicklaus,Gary Nicklaus,,,,
player_231f4319f631,espn_kaggle,Jeremy Anderson,Jeremy Anderson,,,,
player_2f10c4d853d8,espn_kaggle,Kevin Johnson,Kevin Johnson,,,,
player_4fcfae7536d7,espn_kaggle,Kelly Grunewald (a),Kelly Grunewald (a),,,,
player_b759dd8a314d,espn_kaggle,Joe Ogilvie,Joe Ogilvie,,,,
player_1cd8eb1ed819,espn_kaggle,Bradley Hughes,Bradley Hughes,,,,
player_d1f47f9ce081,espn_kaggle,Craig Stadler,Craig Stadler,,,,
player_5308ba252eed,espn_kaggle,Fuzzy Zoeller,Fuzzy Zoeller,,,,
player_576c4b90e8c4,espn_kaggle,Jeff Julian,Jeff Julian,,,,
player_7642fa708002,espn_kaggle,Tom Byrum,Tom Byrum,,,,
player_ec505754950a,espn_kaggle,Brian Gay,Brian Gay,,,,
player_4a82b5275638,espn_kaggle,Paul Gow,Paul Gow,,,,
player_0ebc4abc0109,espn_kaggle,David Morland IV,David Morland IV,,,,
player_fabf3926f497,espn_kaggle,Brian Kontak,Brian Kontak,,,,
player_366bfbd1fc3b,espn_kaggle,Kevin Wentworth,Kevin Wentworth,,,,
player_378dea79b157,espn_kaggle,Charley Hoffman,Charley Hoffman,,,,
player_9fe141e37d2c,espn_kaggle,Brett Quigley,Brett Quigley,,,,
player_d4f5ae5dd9ba,espn_kaggle,Cameron Beckman,Cameron Beckman,,,,
player_ac9c397afc95,espn_kaggle,David Sutherland,David Sutherland,,,,
player_559c83ca01f4,espn_kaggle,David Berganio Jr,David Berganio Jr,,,,
player_44ee7fbc8c4b,espn_kaggle,Jim Furyk,Jim Furyk,,,,
player_6ae27c001a04,espn_kaggle,Rory Sabbatini,Rory Sabbatini,,,,
player_f2e4882eef9f,espn_kaggle,Ernie Els,Ernie Els,,,,
player_f45f32349aec,espn_kaggle,Vijay Singh,Vijay Singh,,,,
player_3ddfb8528632,espn_kaggle,John Huston,John Huston,,,,
player_18e709b5f81b,espn_kaggle,Rocco Mediate,Rocco Mediate,,,,
player_ab1a739567a3,espn_kaggle,David Duval,David Duval,,,,
player_4c7be3ba001e,espn_kaggle,Tiger Woods,Tiger Woods,,,,
player_17f8b6923705,espn_kaggle,Michael Clark II,Michael Clark II,,,,
player_0417e1709009,espn_kaggle,Justin Leonard,Justin Leonard,,,,
player_3e157c99394c,espn_kaggle,David Toms,David Toms,,,,
player_82d81e19dbfe,espn_kaggle,Dennis Paulson,Dennis Paulson,,,,
player_6059b2d4d480,espn_kaggle,Stewart Cink,Stewart Cink,,,,
player_273dba8683ec,espn_kaggle,Mike Weir,Mike Weir,,,,
player_5ec0edda3469,espn_kaggle,Billy Andrade,Billy Andrade,,,,
player_29a625329cf4,espn_kaggle,Kirk Triplett,Kirk Triplett,,,,
player_b89a606bb7dd,espn_kaggle,Chris DiMarco,Chris DiMarco,,,,
player_baf1df680d88,espn_kaggle,Paul Azinger,Paul Azinger,,,,
player_8c095f6cf702,espn_kaggle,Dudley Hart,Dudley Hart,,,,
player_900ec48f2523,espn_kaggle,Carlos Franco,Carlos Franco,,,,
player_8fde1b6b8778,espn_kaggle,Loren Roberts,Loren Roberts,,,,
player_7daf66dddf72,espn_kaggle,Duffy Waldorf,Duffy Waldorf,,,,
player_50ad7d18c898,espn_kaggle,Jesper Parnevik,Jesper Parnevik,,,,
player_ee2ba65bfcfa,espn_kaggle,Brad Faxon,Brad Faxon,,,,
player_8ddbad85fe30,espn_kaggle,Hal Sutton,Hal Sutton,,,,
player_c49f23232234,espn_kaggle,Tom Lehman,Tom Lehman,,,,
player_85f408423e13,espn_kaggle,Tom Scherrer,Tom Scherrer,,,,
player_7277d06b10a1,espn_kaggle,Robert Allenby,Robert Allenby,,,,
player_652a9622bbc5,espn_kaggle,Phil Mickelson,Phil Mickelson,,,,
player_62f20a70de0f,espn_kaggle,Scott Verplank,Scott Verplank,,,,
player_05dbbbfa4d9d,espn_kaggle,Jim Carter,Jim Carter,,,,
player_1cfe74c8e60d,espn_kaggle,Notah Begay III,Notah Begay III,,,,
player_0c583ae51f7c,espn_kaggle,Steve Lowery,Steve Lowery,,,,
player_96f9508b9a50,espn_kaggle,Greg Chalmers,Greg Chalmers,,,,
player_1c64267be1d6,espn_kaggle,Davis Love III,Davis Love III,,,,
player_ad1e8166abeb,espn_kaggle,Shigeki Maruyama,Shigeki Maruyama,,,,
player_d5c1ed64a18f,espn_kaggle,Scott Dunlap,Scott Dunlap,,,,
player_18844dea6b68,espn_kaggle,Franklin Langham,Franklin Langham,,,,
player_a326eb3f9ec6,espn_kaggle,Stuart Appleby,Stuart Appleby,,,,
player_a1af75a73775,espn_kaggle,Bill Glasson,Bill Glasson,,,,
player_dcc994ee6f2e,espn_kaggle,Corey Pavin,Corey Pavin,,,,
player_afec0c7ee822,espn_kaggle,Frank Lickliter II,Frank Lickliter II,,,,
player_3336b7cce2bc,espn_kaggle,Peter Jacobsen,Peter Jacobsen,,,,
player_f113572a2969,espn_kaggle,Joel Edwards,Joel Edwards,,,,
player_999e9a627156,espn_kaggle,Ryuji Imada,Ryuji Imada,,,,
player_cb5fc815bef8,espn_kaggle,Matt Kuchar,Matt Kuchar,,,,
player_be44b1016b1e,espn_kaggle,Brandel Chamblee,Brandel Chamblee,,,,
player_fa652eb405c0,espn_kaggle,Brian Henninger,Brian Henninger,,,,
player_8a4daadb7ca9,espn_kaggle,Doug Barron,Doug Barron,,,,
player_e76e0ff2bd67,espn_kaggle,Bobby Kalinowski,Bobby Kalinowski,,,,
player_fd76c80a378f,espn_kaggle,Hidemichi Tanaka,Hidemichi Tanaka,,,,
player_74d363224cf7,espn_kaggle,Jimmy Green,Jimmy Green,,,,
player_651f630012fa,espn_kaggle,Keiichiro Fukabori,Keiichiro Fukabori,,,,
player_402550fbe11d,espn_kaggle,Nobuhito Sato,Nobuhito Sato,,,,
player_085c29eb4d20,espn_kaggle,David Ishii,David Ishii,,,,
player_7453c676f7f8,espn_kaggle,Jim Johnson,Jim Johnson,,,,
player_a114927a7127,espn_kaggle,Brian Sasada,Brian Sasada,,,,
player_0d3ec46b210a,espn_kaggle,Mike Hulbert,Mike Hulbert,,,,
player_d9f9fa94ae69,espn_kaggle,Scott Simpson,Scott Simpson,,,,
player_e1e540ce7602,espn_kaggle,Douglas Bohn,Douglas Bohn,,,,
player_a780fcf8c51c,espn_kaggle,Matthew Hall,Matthew Hall,,,,
player_889b6f3651f9,espn_kaggle,Brandan Kop,Brandan Kop,,,,
player_264260e77fa2,espn_kaggle,Tommy Kim,Tommy Kim,,,,
player_103fd1935781,espn_kaggle,Skip Kendall,Skip Kendall,,,,
player_ff4d74a52764,espn_kaggle,Steve Stricker,Steve Stricker,,,,
player_649832afac07,espn_kaggle,Nick Price,Nick Price,,,,
player_7be18882baca,espn_kaggle,Sergio Garcia,Sergio Garcia,,,,
player_a9e0b5f0d711,espn_kaggle,Frank Nobilo,Frank Nobilo,,,,
player_b4fec5638838,espn_kaggle,Nolan Henke,Nolan Henke,,,,
player_afc190612a3a,espn_kaggle,José María Olazábal,José María Olazábal,,,,
player_92a255270bc8,espn_kaggle,Miguel Angel Jiménez,Miguel Angel Jiménez,,,,
player_e3b5a0110951,espn_kaggle,Blaine McCallister,Blaine McCallister,,,,
player_00af7a9e876d,espn_kaggle,Doug Dunakey,Doug Dunakey,,,,
player_e118bb2c53dd,espn_kaggle,Chris Endres,Chris Endres,,,,
player_d2ade035af37,espn_kaggle,Gabriel Hjertstedt,Gabriel Hjertstedt,,,,
player_e10a7f9b493d,espn_kaggle,Matt McDougall,Matt McDougall,,,,
player_1bb95b74bb39,espn_kaggle,Ben Crenshaw,Ben Crenshaw,,,,
player_6a26fe5e4265,espn_kaggle,Bob Estes,Bob Estes,,,,
player_dc0b99e9b289,espn_kaggle,Don Yrene,Don Yrene,,,,
player_891ca2fe5469,espn_kaggle,Mark O'Meara,Mark O'Meara,,,,
player_2477c8cc7123,espn_kaggle,Jeff Quinney,Jeff Quinney,,,,
player_5d4798e9de44,espn_kaggle,Jean Van de Velde,Jean Van de Velde,,,,
player_26898036294a,espn_kaggle,Jeff Gove,Jeff Gove,,,,
player_102d5cad8089,espn_kaggle,Richard Johnson,Richard Johnson,,,,
player_500e6064ede4,espn_kaggle,Mark Johnson,Mark Johnson,,,,
player_212286134b31,espn_kaggle,Mike Heinen,Mike Heinen,,,,
player_c4e4c2277c8e,espn_kaggle,Gary Hallberg,Gary Hallberg,,,,
player_4535ba8ad070,espn_kaggle,Scott Gump,Scott Gump,,,,
player_c9d44cdefda5,espn_kaggle,Kelly Gibson,Kelly Gibson,,,,
player_25a79ce1a0cb,espn_kaggle,Mark Brooks,Mark Brooks,,,,
player_6348c71eba19,espn_kaggle,Jay Haas,Jay Haas,,,,
player_c0158b30988b,espn_kaggle,Arron Oberholser,Arron Oberholser,,,,
player_eb550259f6c7,espn_kaggle,Brad Fabel,Brad Fabel,,,,
player_1afba1adaa57,espn_kaggle,David Frost,David Frost,,,,
player_6d95d24aee75,espn_kaggle,Fulton Allem,Fulton Allem,,,,
player_a156fa519a18,espn_kaggle,Brian Claar,Brian Claar,,,,
player_db723fda248f,espn_kaggle,Mitch Lowe,Mitch Lowe,,,,
player_414d61bd3bf4,espn_kaggle,Larry Rinker,Larry Rinker,,,,
player_66d1d258dd89,espn_kaggle,Eric Lippert,Eric Lippert,,,,
player_990595f4bfb5,espn_kaggle,Richard Zokol,Richard Zokol,,,,
player_59418cbbb7eb,espn_kaggle,Shawn Kelly,Shawn Kelly,,,,
player_5584167eceba,espn_kaggle,Paul Casey,Paul Casey,,,,
player_6f1a4785a5c4,espn_kaggle,Sandy Lyle,Sandy Lyle,,,,
player_8d684d80d99c,espn_kaggle,Mike Standly,Mike Standly,,,,
player_9ca823d66f7c,espn_kaggle,Steve Sear,Steve Sear,,,,
player_5541d84af897,espn_kaggle,Joseph Summerhays,Joseph Summerhays,,,,
player_94afd5e28972,espn_kaggle,Steve Scott,Steve Scott,,,,
player_19c7805cea3d,espn_kaggle,Andy Miller,Andy Miller,,,,
player_5609d35f860e,espn_kaggle,Roger Maltbie,Roger Maltbie,,,,
player_277861fc8df3,espn_kaggle,Lon Hinkle,Lon Hinkle,,,,
player_0f162daaf232,espn_kaggle,David Gossett,David Gossett,,,,
player_189ae25f1b06,espn_kaggle,Jay Delsing,Jay Delsing,,,,
player_689097ff18cb,espn_kaggle,Brian Hull,Brian Hull,,,,
player_0995bec3577b,espn_kaggle,Rich Bin,Rich Bin,,,,
player_8db4a33e4e04,espn_kaggle,Billy Ray Brown,Billy Ray Brown,,,,
player_6f3cfbe5a1a2,espn_kaggle,David Stephens,David Stephens,,,,
player_3d929dde28b3,espn_kaggle,Jeffrey Cranford,Jeffrey Cranford,,,,
player_f7b1c1e7fa08,espn_kaggle,Dane Staton,Dane Staton,,,,
player_09692b86f16b,espn_kaggle,Toshi Izawa,Toshi Izawa,,,,
player_5e388a0b1388,espn_kaggle,Kevin Na,Kevin Na,,,,
player_cbb4a75cba12,espn_kaggle,Paul Holtby,Paul Holtby,,,,
player_f4e2889fb1f1,espn_kaggle,Scott Mahlberg,Scott Mahlberg,,,,
player_74f85d8698cd,espn_kaggle,Magnus Carlsson,Magnus Carlsson,,,,
player_6bb01872096e,espn_kaggle,Stan Watkins,Stan Watkins,,,,
player_7cf26c18ab06,espn_kaggle,Mike Fergin,Mike Fergin,,,,
player_00d2025f658f,espn_kaggle,John Lieber,John Lieber,,,,
player_cb931fa524ea,espn_kaggle,Scott Hoch,Scott Hoch,,,,
player_8079fe20f93e,espn_kaggle,Keith Fergus,Keith Fergus,,,,
player_efb8d83eb869,espn_kaggle,Bruce Lietzke,Bruce Lietzke,,,,
player_af4e3193f0da,espn_kaggle,Arnold Palmer,Arnold Palmer,,,,
player_aeb5ec3437a5,espn_kaggle,Doug Sanders,Doug Sanders,,,,
player_dfe9acc63a78,espn_kaggle,"Gary Birch, Jr.","Gary Birch, Jr.",,,,
player_5149cd72b15a,espn_kaggle,Brad Benkey,Brad Benkey,,,,
player_9a731249469c,espn_kaggle,Ted Schulz,Ted Schulz,,,,
player_07f2cfe2729f,espn_kaggle,Ron Kramer,Ron Kramer,,,,
player_453277694f88,espn_kaggle,Tam Bronkey,Tam Bronkey,,,,
player_aa1d2b94651d,espn_kaggle,Nick Faldo,Nick Faldo,,,,
player_13a28e775a88,espn_kaggle,Andy Bean,Andy Bean,,,,
player_91d8ba2a1180,espn_kaggle,Jack Nicklaus,Jack Nicklaus,,,,
player_869df4d64604,espn_kaggle,Michael Bradley,Michael Bradley,,,,
player_197c1e1de0f4,espn_kaggle,Mark McCumber,Mark McCumber,,,,
player_930c97750ed3,espn_kaggle,Gene Fieger,Gene Fieger,,,,
player_564c309f69ae,espn_kaggle,Adam Spring,Adam Spring,,,,
player_fa58c9a377ea,espn_kaggle,James Driscoll,James Driscoll,,,,
player_aa4336ce3c94,espn_kaggle,James Vargas,James Vargas,,,,
player_f2759843ac37,espn_kaggle,Justin Hicks,Justin Hicks,,,,
player_cc80a5828736,espn_kaggle,"Daniel Grannan, Jr.","Daniel Grannan, Jr.",,,,
player_498649bf30ce,espn_kaggle,Robert Ford,Robert Ford,,,,
player_367c99bbe07a,espn_kaggle,Bob Ford,Bob Ford,,,,
player_43a50cfbb0e7,espn_kaggle,Adam Scott,Adam Scott,,,,
player_1c379f1c2ff8,espn_kaggle,Ty Tryon,Ty Tryon,,,,
player_b717b2f38090,espn_kaggle,Brian Watts,Brian Watts,,,,
player_1ecbce3b1f16,espn_kaggle,Rob Labritz,Rob Labritz,,,,
player_ca0328c5ac04,espn_kaggle,Aaron Baddeley,Aaron Baddeley,,,,
player_8508c92d5c57,espn_kaggle,Greg Towne,Greg Towne,,,,
player_7005459a71fc,espn_kaggle,Mike Donald,Mike Donald,,,,
player_03a4c7434594,espn_kaggle,Jorge Benedetti,Jorge Benedetti,,,,
player_3851cf5e564d,espn_kaggle,Justin Peters,Justin Peters,,,,
player_12e73625e3ec,espn_kaggle,Ray Boone,Ray Boone,,,,
player_dcf98141cf8a,espn_kaggle,Greg Norman,Greg Norman,,,,
player_f7dd811f66e8,espn_kaggle,Lee Westwood,Lee Westwood,,,,
player_6d21bafba35f,espn_kaggle,Retief Goosen,Retief Goosen,,,,
player_e80ebb13c8a3,espn_kaggle,Colin Montgomerie,Colin Montgomerie,,,,
player_f66576b2b5d5,espn_kaggle,Gary Koch,Gary Koch,,,,
player_1698940dbcbf,espn_kaggle,Phillip Price,Phillip Price,,,,
player_44e4457ef5f7,espn_kaggle,Charles Howell III,Charles Howell III,,,,
player_5a56823a9340,espn_kaggle,Michael Campbell,Michael Campbell,,,,
player_129f1deb8ecd,espn_kaggle,D.A. Weibring,D.A. Weibring,,,,
player_3a9e42e842db,espn_kaggle,Darren Clarke,Darren Clarke,,,,
player_40c098225798,espn_kaggle,Will Frantz,Will Frantz,,,,
player_cf2fe5db407d,espn_kaggle,Mikko Ilonen,Mikko Ilonen,,,,
player_4f779b2c487a,espn_kaggle,Angel Cabrera,Angel Cabrera,,,,
player_aaa684cbfc89,espn_kaggle,Padraig Harrington,Padraig Harrington,,,,
player_17941af725a5,espn_kaggle,Tom Kite,Tom Kite,,,,
player_e882e7e6f0e5,espn_kaggle,Ian Woosnam,Ian Woosnam,,,,
player_66910b7292db,espn_kaggle,Paul Lawrie,Paul Lawrie,,,,
player_34e2b12b788b,espn_kaggle,Thomas Bjørn,Thomas Bjørn,,,,
player_49955238d88a,espn_kaggle,Eduardo Romero,Eduardo Romero,,,,
player_0c4b46bfed5a,espn_kaggle,Pierre Fulke,Pierre Fulke,,,,
player_06febd68bdd3,espn_kaggle,Kevin Blanton,Kevin Blanton,,,,
player_d170b1e9b456,espn_kaggle,Dick Mast,Dick Mast,,,,
player_2c0895241a6c,espn_kaggle,José Coceres,José Coceres,,,,
player_c1ef0fed3d3a,espn_kaggle,Tim Weinhart,Tim Weinhart,,,,
player_57e2e53915ef,espn_kaggle,James Mason,James Mason,,,,
player_df4a9a02897f,espn_kaggle,Clark Spratlin,Clark Spratlin,,,,
player_bc915c13673f,espn_kaggle,Jace Bugg,Jace Bugg,,,,
player_7a5b49a89d3d,espn_kaggle,Chris Rieve,Chris Rieve,,,,
player_06b2b7d39c00,espn_kaggle,Shingo Katayama,Shingo Katayama,,,,
player_42b1eccf3f0e,espn_kaggle,Tom Watson,Tom Watson,,,,
player_efeebaa1c9e0,espn_kaggle,Gary Player,Gary Player,,,,
player_98e39d2f017f,espn_kaggle,Ray Floyd,Ray Floyd,,,,
player_f8ef70fa4174,espn_kaggle,Charles Coody,Charles Coody,,,,
player_56a07e9b8b6e,espn_kaggle,Seve Ballesteros,Seve Ballesteros,,,,
player_0de7b23f4837,espn_kaggle,D.J. Trahan,D.J. Trahan,,,,
player_15ba66a1eca7,espn_kaggle,Greg Puga,Greg Puga,,,,
player_a7deb5419acc,espn_kaggle,Tommy Aaron,Tommy Aaron,,,,
player_802ddd199fd8,espn_kaggle,Billy Casper,Billy Casper,,,,
player_7af844734ef9,espn_kaggle,Doug Ford,Doug Ford,,,,
player_d6fdbdec12af,espn_kaggle,Gay Brewer,Gay Brewer,,,,
player_15d72f191e3d,espn_kaggle,Byron Nelson,Byron Nelson,,,,
player_5e87e6bcbe37,espn_kaggle,Sam Snead,Sam Snead,,,,
player_624dfebe976e,espn_kaggle,Todd Barranger,Todd Barranger,,,,
player_68e71f6b310e,espn_kaggle,Bob Boyd,Bob Boyd,,,,
player_11dd09295cfb,espn_kaggle,Tim Dunlavey,Tim Dunlavey,,,,
player_866dbc336459,espn_kaggle,Rod Pampling,Rod Pampling,,,,
player_6a6150aca717,espn_kaggle,Tony Branham,Tony Branham,,,,
player_f94e0e3398be,espn_kaggle,David Edwards,David Edwards,,,,
player_7012e83e44bf,espn_kaggle,Phil Blackmar,Phil Blackmar,,,,
player_a3b7bbc65c2c,espn_kaggle,Tim Thelen,Tim Thelen,,,,
player_66b01dee8208,espn_kaggle,Robert Thompson,Robert Thompson,,,,
player_86bdd8fb7ece,espn_kaggle,Marco Gortana,Marco Gortana,,,,
player_f831f3c55850,espn_kaggle,Graeme McDowell,Graeme McDowell,,,,
player_83e161466f17,espn_kaggle,Ed Fiori,Ed Fiori,,,,
player_bfffcc50eeae,espn_kaggle,Chip Craig,Chip Craig,,,,
player_284aa623dc0e,espn_kaggle,Bret Nutt,Bret Nutt,,,,
player_eafc0da86a6c,espn_kaggle,Jeff Burns,Jeff Burns,,,,
player_b2f21407f38c,espn_kaggle,Mike Kullberg,Mike Kullberg,,,,
player_800ab7d423c2,espn_kaggle,Steve Jurgensen,Steve Jurgensen,,,,
player_6153cab11718,espn_kaggle,Phil Tataurangi,Phil Tataurangi,,,,
player_ff5ef32fb47a,espn_kaggle,Omar Uresti,Omar Uresti,,,,
player_cbc071255d82,espn_kaggle,Jeffrey Lankford,Jeffrey Lankford,,,,
player_eff9f68e7d8f,espn_kaggle,Stephen Gangluff,Stephen Gangluff,,,,
player_67852862f40b,espn_kaggle,Trevor Dodds,Trevor Dodds,,,,
player_7adf0c72bc2c,espn_kaggle,Ken Tanigawa,Ken Tanigawa,,,,
player_56b49aa54cd8,espn_kaggle,John Maginnes,John Maginnes,,,,
player_59a1e313559e,espn_kaggle,Chris Stutts,Chris Stutts,,,,
player_a01d0fb27a9a,espn_kaggle,Ricky Morton,Ricky Morton,,,,
player_9d476d34ac00,espn_kaggle,Brad Fritch,Brad Fritch,,,,
player_199aa629370a,espn_kaggle,Brad Fritsch,Brad Fritsch,,,,
player_413c75d8b71f,espn_kaggle,Rodney Butcher,Rodney Butcher,,,,
player_0ec4965a5099,espn_kaggle,Aaron Bengoechea,Aaron Bengoechea,,,,
player_19353914cd63,espn_kaggle,Chip Beck,Chip Beck,,,,
player_abdc4b039799,espn_kaggle,Joey Gullion,Joey Gullion,,,,
player_2481b7a7d740,espn_kaggle,David Lee,David Lee,,,,
player_fe9118fad244,espn_kaggle,David Jackson,David Jackson,,,,
player_efea16e073be,espn_kaggle,Leigh Brannan,Leigh Brannan,,,,
player_10fe336e1816,espn_kaggle,Cliff Bailey,Cliff Bailey,,,,
player_091bab444c32,espn_kaggle,Perry Arthur,Perry Arthur,,,,
player_d679b45e6e0f,espn_kaggle,Jimmy Walker,Jimmy Walker,,,,
player_8f7195a9276b,espn_kaggle,Michael Connell,Michael Connell,,,,
player_29dddd41b018,espn_kaggle,Troy Reiser,Troy Reiser,,,,
player_61b6b7900b68,espn_kaggle,Billy Tuten,Billy Tuten,,,,
player_45531a94a703,espn_kaggle,Tim Hobby,Tim Hobby,,,,
player_a0b1aa36f8ea,espn_kaggle,Paul Earnest,Paul Earnest,,,,
player_2fff1bca1990,espn_kaggle,Edward Loar,Edward Loar,,,,
player_5e51bb6a79ea,espn_kaggle,"Carl Worley, Jr.","Carl Worley, Jr.",,,,
player_dc395649c1ac,espn_kaggle,Kazuhiko Hosokawa,Kazuhiko Hosokawa,,,,
player_85a448d82751,espn_kaggle,Dave Stockton,Dave Stockton,,,,
player_5b478ae54b27,espn_kaggle,Dan Pohl,Dan Pohl,,,,
player_d90220c87e49,espn_kaggle,Ian Baker-Finch,Ian Baker-Finch,,,,
player_ff186702ad6c,espn_kaggle,Rod Curl,Rod Curl,,,,
player_3d4d9471e642,espn_kaggle,Craig Bowden,Craig Bowden,,,,
player_781fc218318e,espn_kaggle,Dirk Schultz,Dirk Schultz,,,,
player_044abc909d2b,espn_kaggle,Anthony Painter,Anthony Painter,,,,
player_8e3a22b9d512,espn_kaggle,Chip Sullivan,Chip Sullivan,,,,
player_16c4a1f7fec5,espn_kaggle,Chris Blum,Chris Blum,,,,
player_97800a4189b7,espn_kaggle,John Stone,John Stone,,,,
player_d33355a4f60d,espn_kaggle,Eric Egloff,Eric Egloff,,,,
player_e1a1374f0357,espn_kaggle,Del Ponchock,Del Ponchock,,,,
player_aafbc992f986,espn_kaggle,Paul Dickinson,Paul Dickinson,,,,
player_7427cf1682f7,espn_kaggle,Bart Bryant,Bart Bryant,,,,
player_5ef8dfa83ada,espn_kaggle,Peter Lonard,Peter Lonard,,,,
player_c764279fbfa9,espn_kaggle,Trevor Immelman,Trevor Immelman,,,,
player_07e38877d9e2,espn_kaggle,Jarmo Sandelin,Jarmo Sandelin,,,,
player_a93fcf7486de,espn_kaggle,Bobby Cochran,Bobby Cochran,,,,
player_640a1540da0b,espn_kaggle,Rob Bradley,Rob Bradley,,,,
player_f5be907ef3a7,espn_kaggle,Ryan Dillon,Ryan Dillon,,,,
player_306e5acf8994,espn_kaggle,Steve Pope,Steve Pope,,,,
player_090cd30e4503,espn_kaggle,John Restino,John Restino,,,,
player_2d88fd528112,espn_kaggle,Brad Olsen,Brad Olsen,,,,
player_fd74c34ff3d4,espn_kaggle,Zeb Patten,Zeb Patten,,,,
player_f7fda47956f7,espn_kaggle,Jim Paschal,Jim Paschal,,,,
player_2bc3b90364a9,espn_kaggle,Jerry Pate,Jerry Pate,,,,
player_1c5a93e36c53,espn_kaggle,Michael Allen,Michael Allen,,,,
player_658a44b8de9c,espn_kaggle,Dean Wilson,Dean Wilson,,,,
player_1ce67783061c,espn_kaggle,Bryce Molder,Bryce Molder,,,,
player_54e7efc26b74,espn_kaggle,Hale Irwin,Hale Irwin,,,,
player_d6993ca58411,espn_kaggle,Tim Petrovic,Tim Petrovic,,,,
player_47beaea3fc41,espn_kaggle,Anthony Kang,Anthony Kang,,,,
player_d600d15d4415,espn_kaggle,Gary Orr,Gary Orr,,,,
player_5e8a2a087474,espn_kaggle,Thongchai Jaidee,Thongchai Jaidee,,,,
player_c3c95faa2665,espn_kaggle,Mathias Gronberg,Mathias Gronberg,,,,
player_05c125f23443,espn_kaggle,Chad Campbell,Chad Campbell,,,,
player_0eb0e78a1ac4,espn_kaggle,Chris Gonzales,Chris Gonzales,,,,
player_7de036918c6c,espn_kaggle,Kyle Blackman,Kyle Blackman,,,,
player_6453eb01d100,espn_kaggle,Joey Maxon,Joey Maxon,,,,
player_4b1723c52617,espn_kaggle,Todd Fischer,Todd Fischer,,,,
player_872e9226987b,espn_kaggle,Joel Kribel,Joel Kribel,,,,
player_06331a230f03,espn_kaggle,Jess Daley,Jess Daley,,,,
player_a739439f01ca,espn_kaggle,John Douma,John Douma,,,,
player_81fe6c30b500,espn_kaggle,Jeff Freeman,Jeff Freeman,,,,
player_238e7f7b07f2,espn_kaggle,Charles Raulerson,Charles Raulerson,,,,
player_658481270f63,espn_kaggle,Brad Klapprott,Brad Klapprott,,,,
player_a75595e73883,espn_kaggle,Jason Dufner,Jason Dufner,,,,
player_e6f97e807678,espn_kaggle,John Harris,John Harris,,,,
player_d0c3d52b069e,espn_kaggle,Scott Johnson,Scott Johnson,,,,
player_95349b7313d5,espn_kaggle,Clark Dennis,Clark Dennis,,,,
player_bf35e2d030a5,espn_kaggle,Wesley Heffernan,Wesley Heffernan,,,,
player_0a85784a38e4,espn_kaggle,Marty Schiene,Marty Schiene,,,,
player_00be5562a53f,espn_kaggle,Jeff Barlow,Jeff Barlow,,,,
player_1699af4c9f40,espn_kaggle,Chris Wall,Chris Wall,,,,
player_f7abfa56d5e0,espn_kaggle,George Frake II,George Frake II,,,,
player_dd0fd4636bb9,espn_kaggle,Chris Anderson,Chris Anderson,,,,
player_65de77b2c15b,espn_kaggle,Ken Green,Ken Green,,,,
player_01ae87f33777,espn_kaggle,Rick Hartmann,Rick Hartmann,,,,
player_a6167ccb4446,espn_kaggle,Mike Meehan,Mike Meehan,,,,
player_27494bf0b73d,espn_kaggle,Charles Bolling,Charles Bolling,,,,
player_4fd4578e5feb,espn_kaggle,Mike Laudien,Mike Laudien,,,,
player_56850777d649,espn_kaggle,Colin Amaral,Colin Amaral,,,,
player_c505243431f5,espn_kaggle,David Smail,David Smail,,,,
player_01b373d4b9c2,espn_kaggle,Wayne Levi,Wayne Levi,,,,
player_4b41fd37b586,espn_kaggle,Jim Salinetti,Jim Salinetti,,,,
player_fbcadbd8e4e0,espn_kaggle,Tony Kelley,Tony Kelley,,,,
player_700014d80023,espn_kaggle,William Link IV,William Link IV,,,,
player_a2464f0497b6,espn_kaggle,Billy Downes,Billy Downes,,,,
player_a9b2f27bc106,espn_kaggle,Kevin Giancola,Kevin Giancola,,,,
player_b453412f35de,espn_kaggle,Matt Rosenfeld,Matt Rosenfeld,,,,
player_63c1910aa9ef,espn_kaggle,Fran Marrello,Fran Marrello,,,,
player_98ba8327fc1d,espn_kaggle,Mark Wilson,Mark Wilson,,,,
player_dbfb5642a65f,espn_kaggle,Stan Utley,Stan Utley,,,,
player_fa28ba85f3e4,espn_kaggle,Mike Small,Mike Small,,,,
player_4067fc20bd68,espn_kaggle,Michael Kirk,Michael Kirk,,,,
player_1e1ac9f1d9a4,espn_kaggle,Dino Lucchesi,Dino Lucchesi,,,,
player_c7fe0ce4fdfb,espn_kaggle,Mike Harrigan,Mike Harrigan,,,,
player_d9565990a49e,espn_kaggle,Ken Vanko,Ken Vanko,,,,
player_1d221001306c,espn_kaggle,Jim Schuman,Jim Schuman,,,,
player_a51a1f913518,espn_kaggle,Jeff Schmid,Jeff Schmid,,,,
player_7b0d7403b59c,espn_kaggle,Dave Spengler,Dave Spengler,,,,
player_c34ab2ae5cda,espn_kaggle,Nick Gilliam,Nick Gilliam,,,,
player_a0ec134408d1,espn_kaggle,Jake Reeves,Jake Reeves,,,,
player_739f0d9f936e,espn_kaggle,Jedd McLuen,Jedd McLuen,,,,
player_615665e5a441,espn_kaggle,CJ Brock,CJ Brock,,,,
player_12ea5f248509,espn_kaggle,Brad Peck,Brad Peck,,,,
player_6bc65d410042,espn_kaggle,Roy Livingston,Roy Livingston,,,,
player_9e6f56094cc3,espn_kaggle,Brad Bryant,Brad Bryant,,,,
player_7403aa07e0eb,espn_kaggle,Jonathan Byrd,Jonathan Byrd,,,,
player_7a6ebac4d798,espn_kaggle,Gene Sauers,Gene Sauers,,,,
player_1ebf0d84640c,espn_kaggle,Mark Carnevale,Mark Carnevale,,,,
player_9d4395607e31,espn_kaggle,Ben Curtis,Ben Curtis,,,,
player_8886a44112d8,espn_kaggle,Bobby Wadkins,Bobby Wadkins,,,,
player_b8e016126536,espn_kaggle,Bob Lohr,Bob Lohr,,,,
player_65adce017e3c,espn_kaggle,Morris Hatalsky,Morris Hatalsky,,,,
player_7205aeeb10d0,espn_kaggle,John Morse,John Morse,,,,
player_148028e652b0,espn_kaggle,Dave Barr,Dave Barr,,,,
player_657eea8bdb46,espn_kaggle,Tim Conley,Tim Conley,,,,
player_23100584239e,espn_kaggle,Greg Twiggs,Greg Twiggs,,,,
player_19090f94a203,espn_kaggle,Ernie Gonzalez,Ernie Gonzalez,,,,
player_852d3b5dd36e,espn_kaggle,Mike Sullivan,Mike Sullivan,,,,
player_d33f0b7edefd,espn_kaggle,David Ogrin,David Ogrin,,,,
player_676fe9ca89f8,espn_kaggle,Mark Pfeil,Mark Pfeil,,,,
player_94e20ccc5708,espn_kaggle,Curt Byrum,Curt Byrum,,,,
player_18ef19acd76c,espn_kaggle,Terry Hatch,Terry Hatch,,,,
player_aef1edfdcbde,espn_kaggle,Jack Renner,Jack Renner,,,,
player_b9618a2ea303,espn_kaggle,Jim Benepe,Jim Benepe,,,,
player_e64416622f58,espn_kaggle,Alexandre Rocha,Alexandre Rocha,,,,
player_d16ca3c11f11,espn_kaggle,Dennis Colligan,Dennis Colligan,,,,
player_3a4249abf0c2,espn_kaggle,Don Bell,Don Bell,,,,
player_f3e88f658172,espn_kaggle,Matt Abbott,Matt Abbott,,,,
player_f8c1a24ab48c,espn_kaggle,Dave Rummells,Dave Rummells,,,,
player_4f4bf292f340,espn_kaggle,Greg Powers,Greg Powers,,,,
player_da252c11289c,espn_kaggle,Adam Rushin,Adam Rushin,,,,
player_a064bafd4840,espn_kaggle,Guy Boros,Guy Boros,,,,
player_f39f25c8e07f,espn_kaggle,Dan Halldorson,Dan Halldorson,,,,
player_35c390aaf649,espn_kaggle,Paul Zurek,Paul Zurek,,,,
player_aa09d8ef34fd,espn_kaggle,Jay Turcsik,Jay Turcsik,,,,
player_32268f5cb5ec,espn_kaggle,Bobby Cole,Bobby Cole,,,,
player_85413db6d34c,espn_kaggle,Richie Karl,Richie Karl,,,,
player_d30844def725,espn_kaggle,Barry Jaeckel,Barry Jaeckel,,,,
player_d1098da05cbb,espn_kaggle,James McLean,James McLean,,,,
player_314a5dac0f7c,espn_kaggle,Scott Henderson,Scott Henderson,,,,
player_6bc12a61b5b5,espn_kaggle,Niclas Fasth,Niclas Fasth,,,,
player_ce1fc0464914,espn_kaggle,Des Smyth,Des Smyth,,,,
player_50cedfea47de,espn_kaggle,Raphaël Jacquelin,Raphaël Jacquelin,,,,
player_29f210102472,espn_kaggle,Alex Cejka,Alex Cejka,,,,
player_8c365346b568,espn_kaggle,Greg Owen,Greg Owen,,,,
player_f68874da47d4,espn_kaggle,Barry Lane,Barry Lane,,,,
player_22d8674ee16c,espn_kaggle,Justin Rose,Justin Rose,,,,
player_32ab43f5dcae,espn_kaggle,David Dixon,David Dixon,,,,
player_9efe06812ce5,espn_kaggle,Nicolas Vanhootegem,Nicolas Vanhootegem,,,,
player_7ab527e3ea3e,espn_kaggle,Andrew Coltart,Andrew Coltart,,,,
player_b29965b3f925,espn_kaggle,Richard Green,Richard Green,,,,
player_018eff36a9c9,espn_kaggle,Paul Curry,Paul Curry,,,,
player_f426d40ee951,espn_kaggle,Paul McGinley,Paul McGinley,,,,
player_be2f16c62adb,espn_kaggle,Gordon Brand Jr.,Gordon Brand Jr.,,,,
player_d06a9cfc16b6,espn_kaggle,Neil Cheetham,Neil Cheetham,,,,
player_f54a61960b74,espn_kaggle,Thomas Levet,Thomas Levet,,,,
player_e6b171e075a3,espn_kaggle,Alexandre Balicki,Alexandre Balicki,,,,
player_67943117f150,espn_kaggle,Stephen Leaney,Stephen Leaney,,,,
player_596e3dae86b4,espn_kaggle,John Bickerton,John Bickerton,,,,
player_ce47e8846b78,espn_kaggle,Markus Brier,Markus Brier,,,,
player_8c08770cd058,espn_kaggle,Freddie Jacobson,Freddie Jacobson,,,,
player_fc70d3f9e8ba,espn_kaggle,Jean Hugo,Jean Hugo,,,,
player_9039649fe737,espn_kaggle,Søren Kjeldsen,Søren Kjeldsen,,,,
player_8e76b7770e14,espn_kaggle,Peter O'Malley,Peter O'Malley,,,,
player_495a1952470b,espn_kaggle,Matthew Cort,Matthew Cort,,,,
player_69ce6b8c5afd,espn_kaggle,Dinesh Chand,Dinesh Chand,,,,
player_0b96af7447d6,espn_kaggle,Robert Karlsson,Robert Karlsson,,,,
player_d939d24f570b,espn_kaggle,Taichi Teshima,Taichi Teshima,,,,
player_62e3914909fd,espn_kaggle,Robert Coles,Robert Coles,,,,
player_55c560a640fc,espn_kaggle,Bradford Vaughan,Bradford Vaughan,,,,
player_ec76ebd20891,espn_kaggle,Soren Hansen,Soren Hansen,,,,
player_a3a668c7e47a,espn_kaggle,Mark Pilkington,Mark Pilkington,,,,
player_fbd0828934c0,espn_kaggle,Stuart Wilson,Stuart Wilson,,,,
player_1fa7be3e85f3,espn_kaggle,David Howell,David Howell,,,,
player_768bf185b09a,espn_kaggle,Olle Karlsson,Olle Karlsson,,,,
player_2b29f153262b,espn_kaggle,Daren Lee,Daren Lee,,,,
player_b49494e9fe6c,espn_kaggle,Bob Charles,Bob Charles,,,,
player_06b142defa50,espn_kaggle,Tony Jacklin,Tony Jacklin,,,,
player_7e7792b0a229,espn_kaggle,Michael Hoey,Michael Hoey,,,,
player_ac2f057540a2,espn_kaggle,Andrew Oldcorn,Andrew Oldcorn,,,,
player_00597c5f64ab,espn_kaggle,Mark McNulty,Mark McNulty,,,,
player_e024a612156a,espn_kaggle,Simon Dyson,Simon Dyson,,,,
player_1fc323082a76,espn_kaggle,Nathan Green,Nathan Green,,,,
player_685aace1505a,espn_kaggle,Matthew Griffiths,Matthew Griffiths,,,,
player_2dded52758cc,espn_kaggle,Mark Roe,Mark Roe,,,,
player_9c0800b5f1a7,espn_kaggle,Brett Rumford,Brett Rumford,,,,
player_da1e2bf9d5c0,espn_kaggle,Mark Sanders,Mark Sanders,,,,
player_af9f8a2f7c3c,espn_kaggle,Greg Turner,Greg Turner,,,,
player_76f105fca087,espn_kaggle,Roger Chapman,Roger Chapman,,,,
player_79d6de85b9c7,espn_kaggle,Henrik Stenson,Henrik Stenson,,,,
player_11244d70ff7a,espn_kaggle,Graham Rankin,Graham Rankin,,,,
player_92571714625f,espn_kaggle,John Kemp (a),John Kemp (a),,,,
player_c1394173dec1,espn_kaggle,Wayne Riley,Wayne Riley,,,,
player_19aeec5f2a88,espn_kaggle,Toshi Odate,Toshi Odate,,,,
player_1fbe6af7dc93,espn_kaggle,Matthew McGuire,Matthew McGuire,,,,
player_f14177d9941e,espn_kaggle,Simon Vale,Simon Vale,,,,
player_8c1646aa0e10,espn_kaggle,Stuart Callan,Stuart Callan,,,,
player_4d38dd3f87f2,espn_kaggle,Juan Carlos,Juan Carlos,,,,
player_ad471764798d,espn_kaggle,Juan Carlos Aguero,Juan Carlos Aguero,,,,
player_42f77f5a216c,espn_kaggle,Michael Christensen,Michael Christensen,,,,
player_a5ee7792536e,espn_kaggle,Chris Zambri,Chris Zambri,,,,
player_0659b3d715f2,espn_kaggle,John Shawver,John Shawver,,,,
player_a2d0b587bb37,espn_kaggle,John Bermel,John Bermel,,,,
player_a83be00e16e5,espn_kaggle,Brian Conser,Brian Conser,,,,
player_b3a766fff912,espn_kaggle,Tom Miler,Tom Miler,,,,
player_2f81797eb906,espn_kaggle,Chris O'Connell,Chris O'Connell,,,,
player_416c32d165cb,espn_kaggle,Kevin Kemp,Kevin Kemp,,,,
player_9eaf3bde803a,espn_kaggle,Charlie Rymer,Charlie Rymer,,,,
player_41566183e338,espn_kaggle,Katsumune Imai,Katsumune Imai,,,,
player_c7db9e39ab94,espn_kaggle,Heath Slocum,Heath Slocum,,,,
player_e52db74359e0,espn_kaggle,Todd Rakotz,Todd Rakotz,,,,
player_7f622a1efb20,espn_kaggle,Danny Briggs,Danny Briggs,,,,
player_55aa95dfd6ff,espn_kaggle,Jason McPherson,Jason McPherson,,,,
player_e7b7c5b57682,espn_kaggle,Brian Cairns,Brian Cairns,,,,
player_f0885c13748c,espn_kaggle,Jeff Gniewek,Jeff Gniewek,,,,
player_17d44d81645b,espn_kaggle,Stan Sall,Stan Sall,,,,
player_35a4b22f7f4d,espn_kaggle,David Ping,David Ping,,,,
player_08eb9af86100,espn_kaggle,Rick Schuller,Rick Schuller,,,,
player_711607cd45fc,espn_kaggle,Stephen Keppler,Stephen Keppler,,,,
player_5b0e6d85afdf,espn_kaggle,Larry Nelson,Larry Nelson,,,,
player_2403f2c32eef,espn_kaggle,Nick O'Hern,Nick O'Hern,,,,
player_f280fee44e1e,espn_kaggle,Don Berry,Don Berry,,,,
player_bf4676663fe2,espn_kaggle,Bruce Zabriski,Bruce Zabriski,,,,
player_f862b2dc97a2,espn_kaggle,Ian Poulter,Ian Poulter,,,,
player_857787e5988e,espn_kaggle,Steve Schneiter,Steve Schneiter,,,,
player_810c8a2903a5,espn_kaggle,Tim Fleming,Tim Fleming,,,,
player_905924abd7b0,espn_kaggle,John Aber,John Aber,,,,
player_d35b58e737be,espn_kaggle,John David Mazza,John David Mazza,,,,
player_44e908d42005,espn_kaggle,Mark Brown,Mark Brown,,,,
player_e7ed1784b8ec,espn_kaggle,Craig Stevens,Craig Stevens,,,,
player_056a27b62645,espn_kaggle,Bob Sowards,Bob Sowards,,,,
player_73f979dfe0d5,espn_kaggle,Jim Woodward,Jim Woodward,,,,
player_f8bf79e20636,espn_kaggle,Wayne DeFrancesco,Wayne DeFrancesco,,,,
player_bbae8029c6cd,espn_kaggle,Darrell Kestner,Darrell Kestner,,,,
player_39d56780cbd9,espn_kaggle,Ken Schall,Ken Schall,,,,
player_9b58d663b232,espn_kaggle,Larry Emery,Larry Emery,,,,
player_a56e6e6030bb,espn_kaggle,Steve Brady,Steve Brady,,,,
player_8ac24e63e695,espn_kaggle,Mark Mielke,Mark Mielke,,,,
player_acc1667c83d8,espn_kaggle,Mike Northern,Mike Northern,,,,
player_a50f8ae1b7b8,espn_kaggle,Dean Prowse,Dean Prowse,,,,
player_d2ae364794da,espn_kaggle,Bill Loeffler,Bill Loeffler,,,,
player_37b21a0cb07b,espn_kaggle,Robert Wilkin,Robert Wilkin,,,,
player_ba514de2fb61,espn_kaggle,Jimmy Blair,Jimmy Blair,,,,
player_4813cec586d6,espn_kaggle,Lanny Wadkins,Lanny Wadkins,,,,
player_eca921692e2c,espn_kaggle,James Blair III,James Blair III,,,,
player_c51b4c0d3d75,espn_kaggle,Luke Donald,Luke Donald,,,,
player_3b3c9c1e4b08,espn_kaggle,Emlyn Aubrey,Emlyn Aubrey,,,,
player_cc3c4ea11e3d,espn_kaggle,Rich Barcelo,Rich Barcelo,,,,
player_7a6107113553,espn_kaggle,Paul Wightman,Paul Wightman,,,,
player_bb35b9c8eddd,espn_kaggle,Bryson Young,Bryson Young,,,,
player_7a015b22498b,espn_kaggle,Rick Leibovich,Rick Leibovich,,,,
player_9e6c229e9884,espn_kaggle,Tony Carolan,Tony Carolan,,,,
player_f27430fc0baf,espn_kaggle,Michael Combs,Michael Combs,,,,
player_d0902687f895,espn_kaggle,Todd Fanning,Todd Fanning,,,,
player_e405ceb7c569,espn_kaggle,Ray Stewart,Ray Stewart,,,,
player_e1cc96a794e8,espn_kaggle,Craig Matthew,Craig Matthew,,,,
player_f3b06fb4d856,espn_kaggle,Bryn Parry,Bryn Parry,,,,
player_45116aa0e8cf,espn_kaggle,Erik Compton,Erik Compton,,,,
player_fd7654677229,espn_kaggle,Paul Devenport,Paul Devenport,,,,
player_f85e6ec8957b,espn_kaggle,Mark Slawter,Mark Slawter,,,,
player_b9d7905148b0,espn_kaggle,Jon Mills,Jon Mills,,,,
player_248bf3a7af4b,espn_kaggle,Aaron Barber,Aaron Barber,,,,
player_f35373678253,espn_kaggle,Bart Turchin,Bart Turchin,,,,
player_186ba15fcc9b,espn_kaggle,Ted Bach,Ted Bach,,,,
player_d8656960ed75,espn_kaggle,Steven Alker,Steven Alker,,,,
player_87c3d96a385a,espn_kaggle,Gareth Paddison,Gareth Paddison,,,,
player_20930fb2e715,espn_kaggle,Derek Gillespie,Derek Gillespie,,,,
player_9199f6b8ee00,espn_kaggle,Rob McMillan,Rob McMillan,,,,
player_2994f2084130,espn_kaggle,Richard Massey,Richard Massey,,,,
player_552d31a8fdd4,espn_kaggle,John Robertson,John Robertson,,,,
player_03d00a1a6da0,espn_kaggle,Lee Curry,Lee Curry,,,,
player_b7ab07a33318,espn_kaggle,Graham Cooke,Graham Cooke,,,,
player_73e9ab1fdb68,espn_kaggle,Dave Christensen,Dave Christensen,,,,
player_ed261c290f42,espn_kaggle,John Drewery,John Drewery,,,,
player_b5742d55ef67,espn_kaggle,Chris Dickson,Chris Dickson,,,,
player_9eb3f8d7b260,espn_kaggle,Don Hachey,Don Hachey,,,,
player_ec0bc983dba3,espn_kaggle,Steve Burns,Steve Burns,,,,
player_dda90baf0bc9,espn_kaggle,Jay Overton,Jay Overton,,,,
player_4c08980a496a,espn_kaggle,Rod Perry,Rod Perry,,,,
player_b682284f1fd7,espn_kaggle,Bill Shriver,Bill Shriver,,,,
player_6312b2a14540,espn_kaggle,Doug LaCrosse,Doug LaCrosse,,,,
player_f49f582955e5,espn_kaggle,Roger Wessels,Roger Wessels,,,,
player_18569cc68be6,espn_kaggle,Stephen Woodard,Stephen Woodard,,,,
player_75fd6cff0a05,espn_kaggle,Steve Wheatcroft,Steve Wheatcroft,,,,
player_ebe8d7041faf,espn_kaggle,Brad Westfall,Brad Westfall,,,,
player_62ad09073036,espn_kaggle,Brett Carmen,Brett Carmen,,,,
player_c6633519d9e1,espn_kaggle,Jaxon Brigman,Jaxon Brigman,,,,
player_b7f36c99979e,espn_kaggle,Lucas Glover,Lucas Glover,,,,
player_a1e9cf44a692,espn_kaggle,Greg Gregory,Greg Gregory,,,,
player_a918a5932470,espn_kaggle,Kris Cox,Kris Cox,,,,
player_cc1ada2d9c8b,espn_kaggle,Steve Bowman,Steve Bowman,,,,
player_2a39b3907e20,espn_kaggle,Rob Thompson,Rob Thompson,,,,
player_677291d183bc,espn_kaggle,Zach Johnson,Zach Johnson,,,,
player_8ec141693f7b,espn_kaggle,"John Engler, Jr.","John Engler, Jr.",,,,
player_81b58112196c,espn_kaggle,Steve Madsen,Steve Madsen,,,,
player_0d4cc5c172e4,espn_kaggle,Jerry Burton,Jerry Burton,,,,
player_60e85520fbaa,espn_kaggle,Chris Greenwood,Chris Greenwood,,,,
player_4949649300bc,espn_kaggle,Brett Boner,Brett Boner,,,,
player_e9f7243911d7,espn_kaggle,Matt Cannon,Matt Cannon,,,,
player_6bed50a5c181,espn_kaggle,Nick Cassini,Nick Cassini,,,,
player_5f135b09756c,espn_kaggle,Scott Lander,Scott Lander,,,,
player_284b95f279cb,espn_kaggle,Brett Wetterich,Brett Wetterich,,,,
player_b5c7b94cb9cb,espn_kaggle,Pat Perez,Pat Perez,,,,
player_9e99c20d04ee,espn_kaggle,Hiroyuki Fujita,Hiroyuki Fujita,,,,
player_5ade5ffc7e9f,espn_kaggle,Bob Heintz,Bob Heintz,,,,
player_ebdf0ecad998,espn_kaggle,John Rollins,John Rollins,,,,
player_d6e0dc62d543,espn_kaggle,Matt Peterson,Matt Peterson,,,,
player_9afadb91c255,espn_kaggle,Michael Long,Michael Long,,,,
player_75432b116743,espn_kaggle,Ben Crane,Ben Crane,,,,
player_d2dde9811e15,espn_kaggle,Pat Bates,Pat Bates,,,,
player_cf9f8dd0c5ec,espn_kaggle,Boo Weekley,Boo Weekley,,,,
player_a486a02eedf9,espn_kaggle,Keoke Cotner,Keoke Cotner,,,,
player_d0b5510e7432,espn_kaggle,Shinichi Yokota,Shinichi Yokota,,,,
player_3376a94f3b00,espn_kaggle,Paul Claxton,Paul Claxton,,,,
player_eb3b5d70e6b7,espn_kaggle,Brian Bateman,Brian Bateman,,,,
player_0c445b48181e,espn_kaggle,Tomohiro Kondo,Tomohiro Kondo,,,,
player_80a925f2557d,espn_kaggle,Brad Lardon,Brad Lardon,,,,
player_1d34ac327df7,espn_kaggle,Katsumasa Miyamoto,Katsumasa Miyamoto,,,,
player_b78eefd39763,espn_kaggle,Deane Pappas,Deane Pappas,,,,
player_6b72f3c7985b,espn_kaggle,Bo Van Pelt,Bo Van Pelt,,,,
player_f28561f54a04,espn_kaggle,John Senden,John Senden,,,,
player_e612b6153414,espn_kaggle,Kevin Hayashi,Kevin Hayashi,,,,
player_902372ec491d,espn_kaggle,Jason Hill,Jason Hill,,,,
player_d9fd2e7e414a,espn_kaggle,Thomas Hines,Thomas Hines,,,,
player_2a054ce9a055,espn_kaggle,Eduardo Herrera,Eduardo Herrera,,,,
player_ec76b770aaa0,espn_kaggle,Kenneth Staton,Kenneth Staton,,,,
player_d79d4f8a68b5,espn_kaggle,Brenden Pappas,Brenden Pappas,,,,
player_f5e2c0612102,espn_kaggle,Jonathan Ota,Jonathan Ota,,,,
player_6edd8ee167fd,espn_kaggle,Mark Hayes,Mark Hayes,,,,
player_15f2d9e6e2ac,espn_kaggle,Monty Leong,Monty Leong,,,,
player_9ed26b3b0087,espn_kaggle,John Mahaffey,John Mahaffey,,,,
player_67502ec35649,espn_kaggle,Greg Avant,Greg Avant,,,,
player_4924d32cac00,espn_kaggle,O.D. Vincent,O.D. Vincent,,,,
player_c87a4f6d32e8,espn_kaggle,Scott Wright,Scott Wright,,,,
player_90fee527cc74,espn_kaggle,Matthew McDougall,Matthew McDougall,,,,
player_26d485e755e0,espn_kaggle,Sean Pacetti,Sean Pacetti,,,,
player_0337dd46fb15,espn_kaggle,Shane Bertsch,Shane Bertsch,,,,
player_517ab5167d63,espn_kaggle,Sungyeol Kwon,Sungyeol Kwon,,,,
player_abb27febc709,espn_kaggle,Kris Moe,Kris Moe,,,,
player_bf719321f23c,espn_kaggle,George Burns,George Burns,,,,
player_ac1da24a451b,espn_kaggle,Larry Correa,Larry Correa,,,,
player_ca03ad006df9,espn_kaggle,Bob Friend,Bob Friend,,,,
player_a942559c94cf,espn_kaggle,Mark Warman,Mark Warman,,,,
player_57fa2ca6c4e1,espn_kaggle,Paul Dietsche,Paul Dietsche,,,,
player_0bcf4f896f5d,espn_kaggle,Ron Skayhan,Ron Skayhan,,,,
player_5687404cccd2,espn_kaggle,Brad Bell,Brad Bell,,,,
player_a7bb7bc6affc,espn_kaggle,Steve Shriver,Steve Shriver,,,,
player_6c8f03012a90,espn_kaggle,Eddie Lee,Eddie Lee,,,,
player_f051bcf451a3,espn_kaggle,Brett Massingham,Brett Massingham,,,,
player_67bcf27e46fd,espn_kaggle,Scott Watkins,Scott Watkins,,,,
player_82a63277a4b6,espn_kaggle,Han Lee,Han Lee,,,,
player_7020346ed703,espn_kaggle,David Howser,David Howser,,,,
player_15e6136d6c80,espn_kaggle,Kevin Durkin,Kevin Durkin,,,,
player_85f6635a1fa6,espn_kaggle,Greg Enholm,Greg Enholm,,,,
player_c3eca3582abd,espn_kaggle,Ken Duke,Ken Duke,,,,
player_652651bd93e5,espn_kaggle,Michael Henderson,Michael Henderson,,,,
player_5b021edace77,espn_kaggle,Matt Mocniak,Matt Mocniak,,,,
player_89345b0e11f9,espn_kaggle,Whit Staples,Whit Staples,,,,
player_868411730f9a,espn_kaggle,Frank Dobbs,Frank Dobbs,,,,
player_fbd2fb36a450,espn_kaggle,Nevin Sutcliffe,Nevin Sutcliffe,,,,
player_04fc98cb5242,espn_kaggle,Tom Shaw,Tom Shaw,,,,
player_c93508db7ad6,espn_kaggle,Mike Capone,Mike Capone,,,,
player_7bea05749f80,espn_kaggle,Kris Maffet,Kris Maffet,,,,
player_4e6f438dd41d,espn_kaggle,Sebastian Branger,Sebastian Branger,,,,
player_d96cedbc65b4,espn_kaggle,Peter Baxter,Peter Baxter,,,,
player_6daaf8733cee,espn_kaggle,Jay Kragh,Jay Kragh,,,,
player_5d939f5e94bf,espn_kaggle,Bubba Dickerson,Bubba Dickerson,,,,
player_46cd8a968e5d,espn_kaggle,Mike Nicolette,Mike Nicolette,,,,
player_f4bd332e4877,espn_kaggle,"Wes Short, Jr.","Wes Short, Jr.",,,,
player_75bee25e3da4,espn_kaggle,Tatsuaki Nakamura,Tatsuaki Nakamura,,,,
player_4afa5f6b68ed,espn_kaggle,Bill Skorheim,Bill Skorheim,,,,
player_41a7ac0d4e14,espn_kaggle,Patrick Sheehan,Patrick Sheehan,,,,
player_10ee7361d223,espn_kaggle,Donn Perno,Donn Perno,,,,
player_b0c58fb7c927,espn_kaggle,Mike Gill,Mike Gill,,,,
player_b663946538cf,espn_kaggle,Tommy Biershenk,Tommy Biershenk,,,,
player_71ec371e5ad2,espn_kaggle,Robert Hamilton,Robert Hamilton,,,,
player_e2b5dfaeb796,espn_kaggle,Tim Jackson,Tim Jackson,,,,
player_36453d54daa7,espn_kaggle,Chez Reavie,Chez Reavie,,,,
player_27516293616f,espn_kaggle,George Archer,George Archer,,,,
player_056cc8eda4ba,espn_kaggle,"Jack Burke, Jr.","Jack Burke, Jr.",,,,
player_9bd0d35ebf1c,espn_kaggle,Bob Goalby,Bob Goalby,,,,
player_bf2eeb3bb091,espn_kaggle,Herman Keiser,Herman Keiser,,,,
player_8e45876c3f5e,espn_kaggle,Doug Tewell,Doug Tewell,,,,
player_5b325b35f48c,espn_kaggle,Tim O'Neal,Tim O'Neal,,,,
player_9ca0673eeccc,espn_kaggle,Doug Weaver,Doug Weaver,,,,
player_f9c86b0bf704,espn_kaggle,Bill Haas,Bill Haas,,,,
player_a1642f742ef6,espn_kaggle,Chris Tucker,Chris Tucker,,,,
player_98c7650c6b6b,espn_kaggle,Andy Crain,Andy Crain,,,,
player_bdd79221e64c,espn_kaggle,Cameron Yancey,Cameron Yancey,,,,
player_0bbecd12624e,espn_kaggle,Burke Cromer,Burke Cromer,,,,
player_7769fc7ec7a2,espn_kaggle,Bubba Watson,Bubba Watson,,,,
player_83ad41439bd6,espn_kaggle,Oliver Thomson,Oliver Thomson,,,,
player_933d15f55793,espn_kaggle,Jake Narro,Jake Narro,,,,
player_41399de924c6,espn_kaggle,J.C. Anderson,J.C. Anderson,,,,
player_c4a88f52a4b3,espn_kaggle,Jamie Elliott,Jamie Elliott,,,,
player_471a3d497885,espn_kaggle,Kelsey Cline,Kelsey Cline,,,,
player_fdd8b06fbbf0,espn_kaggle,Landry Mahan,Landry Mahan,,,,
player_b6085dfd25a8,espn_kaggle,Troy Schleicher,Troy Schleicher,,,,
player_959717ad3193,espn_kaggle,Cameron Doan,Cameron Doan,,,,
player_2ef759b941ef,espn_kaggle,Scott Laycock,Scott Laycock,,,,
player_2ca9d4e78f85,espn_kaggle,Hank Kuehne,Hank Kuehne,,,,
player_6bc03092ae76,espn_kaggle,Wayne Grady,Wayne Grady,,,,
player_f4ffc6e49aa8,espn_kaggle,David Hutsell,David Hutsell,,,,
player_b1bb8d6c23c7,espn_kaggle,Brian Quackenbush (a),Brian Quackenbush (a),,,,
player_1aff31dc0fc5,espn_kaggle,John Paul Curley,John Paul Curley,,,,
player_edbb63b93ffe,espn_kaggle,Michael Pearson,Michael Pearson,,,,
player_4ebf76bb0154,espn_kaggle,James Sullivan,James Sullivan,,,,
player_c3a2bd5c16f4,espn_kaggle,Charles Hong,Charles Hong,,,,
player_d6004d77fe7e,espn_kaggle,Frank Ferguson,Frank Ferguson,,,,
player_cacf9a345971,espn_kaggle,Chia-Yuh Hong,Chia-Yuh Hong,,,,
player_068483d48865,espn_kaggle,Brad Adamonis,Brad Adamonis,,,,
player_ff72e3225df4,espn_kaggle,Carl Alexander,Carl Alexander,,,,
player_395724377800,espn_kaggle,Craig Thomas,Craig Thomas,,,,
player_cc6410aa336c,espn_kaggle,Jason Caron,Jason Caron,,,,
player_0826db18b0b8,espn_kaggle,Jeev Milkha Singh,Jeev Milkha Singh,,,,
player_57c32ae1603f,espn_kaggle,Tom Gillis,Tom Gillis,,,,
player_77ebd9297147,espn_kaggle,Kevin Warrick,Kevin Warrick,,,,
player_1b02484f9223,espn_kaggle,Steve Haskins,Steve Haskins,,,,
player_a7232ce43f05,espn_kaggle,Todd Rose,Todd Rose,,,,
player_232fee39947d,espn_kaggle,Taichiro Kiyota,Taichiro Kiyota,,,,
player_6199c0927ee3,espn_kaggle,Ricky Barnes,Ricky Barnes,,,,
player_fdc6a0b4f9c2,espn_kaggle,Ben Portie,Ben Portie,,,,
player_bb5a4a7a792a,espn_kaggle,Andy Sanders,Andy Sanders,,,,
player_98d1c5dfa976,espn_kaggle,Ryan Moore,Ryan Moore,,,,
player_3c4418024b63,espn_kaggle,Mario Tiziani,Mario Tiziani,,,,
player_9417cc597bdf,espn_kaggle,Jerry Haas,Jerry Haas,,,,
player_08d64dfe2eff,espn_kaggle,George McNeill,George McNeill,,,,
player_7f7547d5f1f9,espn_kaggle,Tony Soerries (a),Tony Soerries (a),,,,
player_43c615f19cf5,espn_kaggle,Scott Parel,Scott Parel,,,,
player_a4e53f8639d3,espn_kaggle,Adam Speirs,Adam Speirs,,,,
player_021a71ab1ec7,espn_kaggle,Derek Tolan,Derek Tolan,,,,
player_dbeffc3fb266,espn_kaggle,Felix Casas,Felix Casas,,,,
player_a662981fde3d,espn_kaggle,Jerry Hass,Jerry Hass,,,,
player_b87c7d7c31c4,espn_kaggle,Arjun Atwal,Arjun Atwal,,,,
player_5a6e4a9cc047,espn_kaggle,Casey Wittenberg,Casey Wittenberg,,,,
player_de137b576d38,espn_kaggle,Carlos Larrain,Carlos Larrain,,,,
player_61afc86e7e64,espn_kaggle,Greg Yeomans,Greg Yeomans,,,,
player_4f5e1ac053f9,espn_kaggle,Don Gliha,Don Gliha,,,,
player_daf4d2437925,espn_kaggle,Hank Kim,Hank Kim,,,,
player_ed23dc3b7448,espn_kaggle,Cody Freeman,Cody Freeman,,,,
player_96eec276cd7a,espn_kaggle,Vance Veazey,Vance Veazey,,,,
player_317ab164cbec,espn_kaggle,Kip Henley,Kip Henley,,,,
player_a2094b740fb6,espn_kaggle,Bob Boyle,Bob Boyle,,,,
player_6a724d7a25bf,espn_kaggle,Bud Still,Bud Still,,,,
player_7e417986d648,espn_kaggle,Mike Bennett,Mike Bennett,,,,
player_ce4b00a60238,espn_kaggle,Jim Sobb,Jim Sobb,,,,
player_71d8ed6381b7,espn_kaggle,Nathan Fritz,Nathan Fritz,,,,
player_99a0adb45c6f,espn_kaggle,Gary Groh,Gary Groh,,,,
player_c500b100dfc5,espn_kaggle,Jason Lee,Jason Lee,,,,
player_6044e7a998f8,espn_kaggle,Jon Turcott,Jon Turcott,,,,
player_054446dc3ea8,espn_kaggle,Jason Fitchett,Jason Fitchett,,,,
player_f922317a3d23,espn_kaggle,David Roesch,David Roesch,,,,
player_dd19a2874a73,espn_kaggle,Aaron Meeks,Aaron Meeks,,,,
player_8a0b94ab888e,espn_kaggle,Gary March,Gary March,,,,
player_f28048c1ffb6,espn_kaggle,Mark Scheibach,Mark Scheibach,,,,
player_1451e03081f1,espn_kaggle,Mike Deuel,Mike Deuel,,,,
player_5d5c0f8697f9,espn_kaggle,Denis Watson,Denis Watson,,,,
player_9b7df5e2b057,espn_kaggle,Kevin Haefner,Kevin Haefner,,,,
player_997881a1b5ee,espn_kaggle,Pat McGowan,Pat McGowan,,,,
player_2443bc3e05aa,espn_kaggle,Mike Malizia,Mike Malizia,,,,
player_037c0471fb81,espn_kaggle,John Adams,John Adams,,,,
player_cf8e99a64cdc,espn_kaggle,Kevin Stadler,Kevin Stadler,,,,
player_f8c40b17f2c1,espn_kaggle,Buddy Gardner,Buddy Gardner,,,,
player_9dc092d4b6af,espn_kaggle,Kevin Savage,Kevin Savage,,,,
player_22a407b031f5,espn_kaggle,Woody Blackburn,Woody Blackburn,,,,
player_924963a0a32b,espn_kaggle,Tray Sones,Tray Sones,,,,
player_bfee0698736b,espn_kaggle,Jason Beebe,Jason Beebe,,,,
player_c2a2c5f6dabc,espn_kaggle,Kenny Knox,Kenny Knox,,,,
player_51f754522352,espn_kaggle,Bob Byman,Bob Byman,,,,
player_7d9f6a6a6967,espn_kaggle,Clarence Rose,Clarence Rose,,,,
player_c6b772da9051,espn_kaggle,Vance Heafner,Vance Heafner,,,,
player_11a952aa2292,espn_kaggle,Jim Simons,Jim Simons,,,,
player_ab1c2d8150dc,espn_kaggle,Gary Evans,Gary Evans,,,,
player_662342c65ab4,espn_kaggle,Bradley Dredge,Bradley Dredge,,,,
player_14863de674ed,espn_kaggle,Carl Pettersson,Carl Pettersson,,,,
player_48a056952bea,espn_kaggle,Paul Eales,Paul Eales,,,,
player_696717001caa,espn_kaggle,Warren Bennett,Warren Bennett,,,,
player_b5783095b454,espn_kaggle,Fredrik Andersson Hed,Fredrik Andersson Hed,,,,
player_5bc95d5b5055,espn_kaggle,Ian Garbutt,Ian Garbutt,,,,
player_8929b60214b3,espn_kaggle,Kenichi Kuboya,Kenichi Kuboya,,,,
player_0e5b979cc918,espn_kaggle,Jarrod Moseley,Jarrod Moseley,,,,
player_fce637077dc0,espn_kaggle,Anders Hansen,Anders Hansen,,,,
player_1e2fff99d449,espn_kaggle,David Park,David Park,,,,
player_f9e966e2b015,espn_kaggle,Magnus Persson,Magnus Persson,,,,
player_7751ab44d619,espn_kaggle,Marc Farry,Marc Farry,,,,
player_051341bdc1c0,espn_kaggle,Jean-François Remesy,Jean-François Remesy,,,,
player_c7c65fc3fa55,espn_kaggle,Tom Whitehouse,Tom Whitehouse,,,,
player_4b7b56a928a6,espn_kaggle,Simon Young,Simon Young,,,,
player_b5ce77927d41,espn_kaggle,Tommy Nakajima,Tommy Nakajima,,,,
player_2768d3997cb9,espn_kaggle,Ian Stanley,Ian Stanley,,,,
player_dc617360b346,espn_kaggle,Ricardo Gonzalez,Ricardo Gonzalez,,,,
player_77199aa912b3,espn_kaggle,Benn Barham,Benn Barham,,,,
player_f4494d76dcab,espn_kaggle,Adam Mednickson,Adam Mednickson,,,,
player_50351ab765d7,espn_kaggle,Darren Fichardt,Darren Fichardt,,,,
player_71ff750beaf3,espn_kaggle,Mattias Eliasson,Mattias Eliasson,,,,
player_8fb7c4d2cf1a,espn_kaggle,Raymond Russell,Raymond Russell,,,,
player_e4d4bb330e53,espn_kaggle,Toru Suzuki,Toru Suzuki,,,,
player_7d91b94ddf9b,espn_kaggle,Patrik Sjöland,Patrik Sjöland,,,,
player_984e1710c7a2,espn_kaggle,Peter Baker,Peter Baker,,,,
player_a573b5a0fe0a,espn_kaggle,Gary Emerson,Gary Emerson,,,,
player_1dc98bf725fd,espn_kaggle,Alejandro Larrazabal,Alejandro Larrazabal,,,,
player_19c2613f2fb4,espn_kaggle,Malcolm MacKenzie,Malcolm MacKenzie,,,,
player_0ccb6c19f54f,espn_kaggle,Jamie Spence,Jamie Spence,,,,
player_fcf30fef92c3,espn_kaggle,Paul Mayoh,Paul Mayoh,,,,
player_cfc9bcdf608f,espn_kaggle,James Kingston,James Kingston,,,,
player_57def3aeb0f3,espn_kaggle,Kiyoshi Miyazato,Kiyoshi Miyazato,,,,
player_78e543131522,espn_kaggle,Tsuneyuki Nakajima,Tsuneyuki Nakajima,,,,
player_7b9e8361081a,espn_kaggle,Scott Brauer,Scott Brauer,,,,
player_2ae5a14d93d2,espn_kaggle,Matt Weibring,Matt Weibring,,,,
player_1d1ef172357e,espn_kaggle,Rick Stimmel,Rick Stimmel,,,,
player_3ae0c82c867d,espn_kaggle,Kevin DeNike,Kevin DeNike,,,,
player_ba89e57a5c49,espn_kaggle,Eric Brito,Eric Brito,,,,
player_538b863ac287,espn_kaggle,Mike Evans,Mike Evans,,,,
player_2a251ed60951,espn_kaggle,Kyle Hougham,Kyle Hougham,,,,
player_fa66d3218332,espn_kaggle,Bill Olson,Bill Olson,,,,
player_25ccb54cbb2e,espn_kaggle,Jeff Roth,Jeff Roth,,,,
player_1fa0a499db6e,espn_kaggle,Marvin King,Marvin King,,,,
player_b0415c2f44b6,espn_kaggle,Richard Ainley,Richard Ainley,,,,
player_66034b58d999,espn_kaggle,Kevin Muir,Kevin Muir,,,,
player_42b78d0b1fb8,espn_kaggle,Bob Ackerman,Bob Ackerman,,,,
player_487a6aac69ca,espn_kaggle,Aaron Williams,Aaron Williams,,,,
player_a96a63146e9f,espn_kaggle,Dave Tentis,Dave Tentis,,,,
player_f8d788a1ef91,espn_kaggle,Sean Farren,Sean Farren,,,,
player_37090d6ab129,espn_kaggle,Mike Gilmore,Mike Gilmore,,,,
player_f6fe0e187541,espn_kaggle,Barry Evans,Barry Evans,,,,
player_186d0b91fca0,espn_kaggle,Joseph Klinchock,Joseph Klinchock,,,,
player_3037707d0860,espn_kaggle,Alan Morin,Alan Morin,,,,
player_19561cd9f3b0,espn_kaggle,Buddy Harston,Buddy Harston,,,,
player_e6180a9a90f0,espn_kaggle,Barry Mahlberg,Barry Mahlberg,,,,
player_b727b0b8d64d,espn_kaggle,Kent Stauffer,Kent Stauffer,,,,
player_a3c49c38aecc,espn_kaggle,Kim Thompson,Kim Thompson,,,,
player_74372ed47e2f,espn_kaggle,Tom Dolby,Tom Dolby,,,,
player_7826a9dcf96b,espn_kaggle,Bill Porter,Bill Porter,,,,
player_3547c39c5e6d,espn_kaggle,Bill Keller,Bill Keller,,,,
player_4cd7f38eed3b,espn_kaggle,Jin Park,Jin Park,,,,
player_9d284c07affe,espn_kaggle,Charlie Wi,Charlie Wi,,,,
player_9d719371948a,espn_kaggle,Nicholas Lawrence,Nicholas Lawrence,,,,
player_709ebef4ed7e,espn_kaggle,Tobias Dier,Tobias Dier,,,,
player_7ee621a90db4,espn_kaggle,Lee Williamson,Lee Williamson,,,,
player_ec003b4f72d4,espn_kaggle,David Hearn,David Hearn,,,,
player_0b542f7746eb,espn_kaggle,Jeff Coston,Jeff Coston,,,,
player_15a14e454f76,espn_kaggle,David Bolton,David Bolton,,,,
player_977989b73f36,espn_kaggle,Alejandro Quiroz,Alejandro Quiroz,,,,
player_153ae0b79e93,espn_kaggle,Fraser Mulholland,Fraser Mulholland,,,,
player_367b7090e270,espn_kaggle,Matt Daniel,Matt Daniel,,,,
player_ac92b805ba47,espn_kaggle,Philip Jonas,Philip Jonas,,,,
player_98344201cee1,espn_kaggle,Dan Dupuis,Dan Dupuis,,,,
player_bfc17401e2a5,espn_kaggle,Todd Doohan,Todd Doohan,,,,
player_3bf9a0903647,espn_kaggle,Iain Steel,Iain Steel,,,,
player_409644cf42ca,espn_kaggle,Jim Rutledge,Jim Rutledge,,,,
player_1d70cccd50a4,espn_kaggle,Mike Grob,Mike Grob,,,,
player_6cedec63dfb8,espn_kaggle,Mike Mezei,Mike Mezei,,,,
player_bb9cfa61dc1e,espn_kaggle,James Lepp,James Lepp,,,,
player_e5a063dd0630,espn_kaggle,Gordon Burns,Gordon Burns,,,,
player_a027b2aa497d,espn_kaggle,Dan Swanson,Dan Swanson,,,,
player_5be576cc4167,espn_kaggle,Stu Ingraham,Stu Ingraham,,,,
player_5b4d3db4df98,espn_kaggle,Michael Hyland,Michael Hyland,,,,
player_58f492ea0bbe,espn_kaggle,Barry Dear,Barry Dear,,,,
player_adaa6f680abf,espn_kaggle,Chris Gray,Chris Gray,,,,
player_574e762773ad,espn_kaggle,George Marucci Jr,George Marucci Jr,,,,
player_4f9d0666cdcb,espn_kaggle,David Roberts,David Roberts,,,,
player_33be481e4e77,espn_kaggle,Daniel McEachern,Daniel McEachern,,,,
player_b9af637a5cfa,espn_kaggle,Jack Ferenz,Jack Ferenz,,,,
player_7def090d2b50,espn_kaggle,Chris Patton,Chris Patton,,,,
player_16862c76da8f,espn_kaggle,Gary Leigh,Gary Leigh,,,,
player_0b4edca98173,espn_kaggle,Joe Gutterman,Joe Gutterman,,,,
player_e5be905aa782,espn_kaggle,Hunter Mahan,Hunter Mahan,,,,
player_85aa71934021,espn_kaggle,Henrik Simonsen,Henrik Simonsen,,,,
player_2f1c55610c9c,espn_kaggle,Ken McDonald,Ken McDonald,,,,
player_db2ea21e27e4,espn_kaggle,Jaime Gomez,Jaime Gomez,,,,
player_a5e8a7a9bb9a,espn_kaggle,Ryan Palmer,Ryan Palmer,,,,
player_b7f5a3d49a62,espn_kaggle,Robert Floyd,Robert Floyd,,,,
player_07d402838998,espn_kaggle,Greg Sonnier,Greg Sonnier,,,,
player_3caaad8d9169,espn_kaggle,John Klauk,John Klauk,,,,
player_7d12d14b049a,espn_kaggle,Gibby Martens,Gibby Martens,,,,
player_44b82d69c17a,espn_kaggle,Todd Gleaton,Todd Gleaton,,,,
player_0953915a0f47,espn_kaggle,Bobby Clampett,Bobby Clampett,,,,
player_164a3001a595,espn_kaggle,Chris Eaves,Chris Eaves,,,,
player_5124ca94877a,espn_kaggle,Brandon LaCroix,Brandon LaCroix,,,,
player_a3a1ebbd701e,espn_kaggle,Harold Wallace,Harold Wallace,,,,
player_2b626e410be7,espn_kaggle,Bill Harvey,Bill Harvey,,,,
player_c6adfe6e5657,espn_kaggle,John Inman,John Inman,,,,
player_00bcfb2e70f9,espn_kaggle,Patrick Moore,Patrick Moore,,,,
player_8ec1868dfc3e,espn_kaggle,Yasuharu Imano,Yasuharu Imano,,,,
player_032e68b5a05c,espn_kaggle,Tag Ridings,Tag Ridings,,,,
player_0c6602c24790,espn_kaggle,Yusaku Miyazato,Yusaku Miyazato,,,,
player_5db346875cfe,espn_kaggle,Akio Sadakata,Akio Sadakata,,,,
player_2c589f848342,espn_kaggle,Jason Buha,Jason Buha,,,,
player_909ce0eb3fe7,espn_kaggle,Darron Stiles,Darron Stiles,,,,
player_d0c029860216,espn_kaggle,Regan Lee,Regan Lee,,,,
player_3fc13bf2e701,espn_kaggle,Howard Twitty,Howard Twitty,,,,
player_22a0af54155e,espn_kaggle,Richard S. Johnson,Richard S. Johnson,,,,
player_e2f3b0ec6c1b,espn_kaggle,Katsunori Kuwabara,Katsunori Kuwabara,,,,
player_dbdedfa8b488,espn_kaggle,Gavin Coles,Gavin Coles,,,,
player_3b359dc9715c,espn_kaggle,Joe Phengsavath,Joe Phengsavath,,,,
player_24ebf62fdd7e,espn_kaggle,Kirk Nelson,Kirk Nelson,,,,
player_c53545a233a4,espn_kaggle,Ron Castillo,Ron Castillo,,,,
player_b412a1f54ed3,espn_kaggle,Royden Heirakuji,Royden Heirakuji,,,,
player_19c16dcf4067,espn_kaggle,John Morgan,John Morgan,,,,
player_181338b0d394,espn_kaggle,Ryan Hogue,Ryan Hogue,,,,
player_05b7aabf89b2,espn_kaggle,James Healey,James Healey,,,,
player_93af14fbd469,espn_kaggle,Tony Rohlik,Tony Rohlik,,,,
player_523828e72a28,espn_kaggle,Jeff Yurkiewicz,Jeff Yurkiewicz,,,,
player_48ed6907fdae,espn_kaggle,Patrick Duty,Patrick Duty,,,,
player_cd140cfc9bcf,espn_kaggle,Jeff Klein,Jeff Klein,,,,
player_00e2df29efa6,espn_kaggle,Charles Warren,Charles Warren,,,,
player_083faa7f3ea5,espn_kaggle,Roland Thatcher,Roland Thatcher,,,,
player_6b4d396ce88f,espn_kaggle,Jeff Klauk,Jeff Klauk,,,,
player_5a719b1d9987,espn_kaggle,Ted Purdy,Ted Purdy,,,,
player_81778b48bc0e,espn_kaggle,Jon Fiedler,Jon Fiedler,,,,
player_482d4c62dc9f,espn_kaggle,Marcus Meloan,Marcus Meloan,,,,
player_be5a0183d5d8,espn_kaggle,John Mason,John Mason,,,,
player_e05e60f41ad2,espn_kaggle,John Witherall,John Witherall,,,,
player_7c4fe0212f71,espn_kaggle,Joe Acosta Jr,Joe Acosta Jr,,,,
player_0b2a7316cf4c,espn_kaggle,Jeff Sanday,Jeff Sanday,,,,
player_adaae1cc538f,espn_kaggle,John Ray Leary,John Ray Leary,,,,
player_e0a0368c713d,espn_kaggle,Brad Sherfy,Brad Sherfy,,,,
player_db300fdc68b1,espn_kaggle,Jason Allred,Jason Allred,,,,
player_9fe03f97f9e9,espn_kaggle,Chris Sessler,Chris Sessler,,,,
player_3a2001a04a9e,espn_kaggle,Jeff Wood,Jeff Wood,,,,
player_beadac228484,espn_kaggle,Cody Beyer,Cody Beyer,,,,
player_001911769313,espn_kaggle,Andrew Barnes,Andrew Barnes,,,,
player_a756a63af008,espn_kaggle,Bob Blean,Bob Blean,,,,
player_50201167dc66,espn_kaggle,Lee Rinker,Lee Rinker,,,,
player_2bbbce110369,espn_kaggle,Chris Toulson,Chris Toulson,,,,
player_9fbf94e5d884,espn_kaggle,Camilo Benedetti,Camilo Benedetti,,,,
player_c55c28ad8998,espn_kaggle,Curt Saathoff,Curt Saathoff,,,,
player_a41cac852d6b,espn_kaggle,Damian Hale,Damian Hale,,,,
player_ebdb70802a2b,espn_kaggle,Sal Spallone,Sal Spallone,,,,
player_2021a85ff747,espn_kaggle,John Nelson,John Nelson,,,,
player_a1c43563ec09,espn_kaggle,Nick Dougherty,Nick Dougherty,,,,
player_eb68d4b64f0c,espn_kaggle,Charlie Meade,Charlie Meade,,,,
player_c8b7bf501730,espn_kaggle,John Godwin,John Godwin,,,,
player_e02e87c6c17f,espn_kaggle,George Zahringer,George Zahringer,,,,
player_d4c62759e583,espn_kaggle,Kelly Mitchum,Kelly Mitchum,,,,
player_7823aa4d5bf2,espn_kaggle,Kyle Thompson,Kyle Thompson,,,,
player_a07eb7918c21,espn_kaggle,John Lynch,John Lynch,,,,
player_3f370190024b,espn_kaggle,David Lundstrom,David Lundstrom,,,,
player_ed705541d25b,espn_kaggle,John Gibson,John Gibson,,,,
player_4ff859b94c13,espn_kaggle,Wilfredo Morales,Wilfredo Morales,,,,
player_a0c4c68cd1a2,espn_kaggle,Jhonattan Vegas,Jhonattan Vegas,,,,
player_14b6bf062e39,espn_kaggle,Brian Smith,Brian Smith,,,,
player_220e4eb59363,espn_kaggle,Mark Miller,Mark Miller,,,,
player_d279cebae3ca,espn_kaggle,David Marchand,David Marchand,,,,
player_4ed37adfc145,espn_kaggle,Tate Zyroll,Tate Zyroll,,,,
player_bd31b71e4986,espn_kaggle,Scott Piercy,Scott Piercy,,,,
player_a2e2d4897b66,espn_kaggle,Ben Case,Ben Case,,,,
player_0be39f3bba19,espn_kaggle,Brian Lamb,Brian Lamb,,,,
player_239b49069869,espn_kaggle,Michael Flynn,Michael Flynn,,,,
player_21dc71934f38,espn_kaggle,Mark Walker,Mark Walker,,,,
player_60c6382b8feb,espn_kaggle,Bruce Smith,Bruce Smith,,,,
player_9ec53bf76639,espn_kaggle,Annika Sorenstam,Annika Sorenstam,,,,
player_47692abd3049,espn_kaggle,Troy Matteson,Troy Matteson,,,,
player_8a9b61506741,espn_kaggle,Nick Watney,Nick Watney,,,,
player_e87b9c2781fa,espn_kaggle,Clodomiro Carranza,Clodomiro Carranza,,,,
player_a4e23b670182,espn_kaggle,Rick Zarlengo,Rick Zarlengo,,,,
player_f02dba253f9a,espn_kaggle,Trip Kuehne (a),Trip Kuehne (a),,,,
player_988e44933fe6,espn_kaggle,Brian Davis,Brian Davis,,,,
player_ae9787dbf509,espn_kaggle,J.B. Holmes,J.B. Holmes,,,,
player_0275f8b2f30c,espn_kaggle,Geoffrey Sisk,Geoffrey Sisk,,,,
player_7254208a1fe9,espn_kaggle,Chris Baryla,Chris Baryla,,,,
player_5c558162a7fb,espn_kaggle,Hiroshi Matsuo,Hiroshi Matsuo,,,,
player_4d6d1d13b079,espn_kaggle,Sean McCarty,Sean McCarty,,,,
player_ba29565b7f39,espn_kaggle,Bill Lunde,Bill Lunde,,,,
player_d6ead25fe144,espn_kaggle,Warren Schutte,Warren Schutte,,,,
player_c28513083800,espn_kaggle,Bret Guetz,Bret Guetz,,,,
player_36ef74f5a958,espn_kaggle,Maarten Lafeber,Maarten Lafeber,,,,
player_63346f3d193e,espn_kaggle,Doug LaBelle II,Doug LaBelle II,,,,
player_ca0ac467b37f,espn_kaggle,Luke List,Luke List,,,,
player_b62b6465e7fe,espn_kaggle,Steve Gotsche,Steve Gotsche,,,,
player_c1e1c6144a6c,espn_kaggle,Rick Reinsberg,Rick Reinsberg,,,,
player_51bfd8902be9,espn_kaggle,Matt Seppanen,Matt Seppanen,,,,
player_83cb7cb10eca,espn_kaggle,Anthony Arvidson,Anthony Arvidson,,,,
player_d42c1a5e25cf,espn_kaggle,Cortney Brisson,Cortney Brisson,,,,
player_569a850336e9,espn_kaggle,Greg Hiller,Greg Hiller,,,,
player_a34273acecc4,espn_kaggle,Jason Knutzon,Jason Knutzon,,,,
player_add91b98c18f,espn_kaggle,Tom Glissmeyer,Tom Glissmeyer,,,,
player_b93a80facea7,espn_kaggle,Roy Biancalana,Roy Biancalana,,,,
player_a241e77fd249,espn_kaggle,Jim Holmes,Jim Holmes,,,,
player_49efbc2ccf85,espn_kaggle,Ben Hoffhine,Ben Hoffhine,,,,
player_62166045df64,espn_kaggle,Ryan Fauchier,Ryan Fauchier,,,,
player_13ab71e56488,espn_kaggle,Mike Reilly,Mike Reilly,,,,
player_fdf2c4371a7d,espn_kaggle,Tom Carter,Tom Carter,,,,
player_7c94883c4fe2,espn_kaggle,Will Moore,Will Moore,,,,
player_a82592f35556,espn_kaggle,Bob Wolcott,Bob Wolcott,,,,
player_9272ed016c5e,espn_kaggle,Mark Maness,Mark Maness,,,,
player_48c741bab2a1,espn_kaggle,Mike McNerney,Mike McNerney,,,,
player_fdf7bebf4992,espn_kaggle,Patrick Damron,Patrick Damron,,,,
player_0486769f7553,espn_kaggle,Kevin Streelman,Kevin Streelman,,,,
player_4d71ab9c6420,espn_kaggle,Simon Nash,Simon Nash,,,,
player_5ceb51e1f46a,espn_kaggle,Rick Heath,Rick Heath,,,,
player_b971ba28afb0,espn_kaggle,Tony Arvold,Tony Arvold,,,,
player_c8a400fcd746,espn_kaggle,Rich Crim,Rich Crim,,,,
player_344666032d48,espn_kaggle,Paul LoCicero,Paul LoCicero,,,,
player_1c1c944585e3,espn_kaggle,Chris Downes,Chris Downes,,,,
player_f66be35c7715,espn_kaggle,Rex Caldwell,Rex Caldwell,,,,
player_2e34dc74d2ae,espn_kaggle,Ed Dougherty,Ed Dougherty,,,,
player_10792a4bc4e5,espn_kaggle,Kyle Gallo,Kyle Gallo,,,,
player_c294d015bc8c,espn_kaggle,Mark Sierak,Mark Sierak,,,,
player_cb5fb554c1bf,espn_kaggle,Jim Woods,Jim Woods,,,,
player_02b8c3938246,espn_kaggle,Trey Walewski,Trey Walewski,,,,
player_68b18a4944df,espn_kaggle,Mike Dewel,Mike Dewel,,,,
player_9a8ff04769cd,espn_kaggle,Bill Britton,Bill Britton,,,,
player_c8f18a4e3c7e,espn_kaggle,Tom Sieckmann,Tom Sieckmann,,,,
player_9c685e79f181,espn_kaggle,Ron Streck,Ron Streck,,,,
player_9c0338b50f70,espn_kaggle,Hennie Otto,Hennie Otto,,,,
player_7b94004e1079,espn_kaggle,Peter Fowler,Peter Fowler,,,,
player_869602d6e146,espn_kaggle,Mark Foster,Mark Foster,,,,
player_f70f4275dc3d,espn_kaggle,S.K. Ho,S.K. Ho,,,,
player_381df1ba276b,espn_kaggle,Gary Murphy,Gary Murphy,,,,
player_bee5b24c4bda,espn_kaggle,Marco Ruiz,Marco Ruiz,,,,
player_c85a1ebc4291,espn_kaggle,Anthony Wall,Anthony Wall,,,,
player_f061ae154642,espn_kaggle,David Lynn,David Lynn,,,,
player_1ed688d267ea,espn_kaggle,Alastair Forsyth,Alastair Forsyth,,,,
player_e2afc01619c9,espn_kaggle,Katsuyoshi Tomori,Katsuyoshi Tomori,,,,
player_6595b1123771,espn_kaggle,Steen Tinning,Steen Tinning,,,,
player_2fa9312f682a,espn_kaggle,Ignacio Garrido,Ignacio Garrido,,,,
player_13194f35a0ee,espn_kaggle,Andrew Raitt,Andrew Raitt,,,,
player_0091b4ff8da4,espn_kaggle,Rolf Muntz,Rolf Muntz,,,,
player_03ba0ea6cd5a,espn_kaggle,Steven Bowditch,Steven Bowditch,,,,
player_95f96c5c8816,espn_kaggle,Todd Hamilton,Todd Hamilton,,,,
player_f161c2d6f7a7,espn_kaggle,Cameron Percy,Cameron Percy,,,,
player_95874d1a612d,espn_kaggle,Hirofumi Miyase,Hirofumi Miyase,,,,
player_e81e1b2bd606,espn_kaggle,Marten Olander,Marten Olander,,,,
player_79029559f3e3,espn_kaggle,Charl Schwartzel,Charl Schwartzel,,,,
player_b6b3d60a6354,espn_kaggle,Christopher Smith,Christopher Smith,,,,
player_54b19e810471,espn_kaggle,Kenneth Ferrie,Kenneth Ferrie,,,,
player_bd8a34847129,espn_kaggle,Simon Wakefield,Simon Wakefield,,,,
player_ac7a25e8fac4,espn_kaggle,Robert-Jan Derksen,Robert-Jan Derksen,,,,
player_4d0575f48d84,espn_kaggle,Gary Wolstenholme,Gary Wolstenholme,,,,
player_1d3e03c65c0e,espn_kaggle,Jyoti Randhawa,Jyoti Randhawa,,,,
player_2d3b0d5b7839,espn_kaggle,Euan Little,Euan Little,,,,
player_69face0a3f6e,espn_kaggle,Mark Smith,Mark Smith,,,,
player_7897e8dea02a,espn_kaggle,Hideto Tanihara,Hideto Tanihara,,,,
player_cd1a24c97049,espn_kaggle,Paul Wesselingh,Paul Wesselingh,,,,
player_5997d017b1a5,espn_kaggle,Iain Pyman,Iain Pyman,,,,
player_fc4e5b778d30,espn_kaggle,Scott Godfrey,Scott Godfrey,,,,
player_533f2cd68a1d,espn_kaggle,Philip Golding,Philip Golding,,,,
player_bfa0cdfc63cb,espn_kaggle,Adam Le Vesconte,Adam Le Vesconte,,,,
player_840e3fa0b156,espn_kaggle,Anthony Sproston,Anthony Sproston,,,,
player_896a256a4b01,espn_kaggle,Andrew George,Andrew George,,,,
player_52d817128d71,espn_kaggle,Noboru Sugai,Noboru Sugai,,,,
player_fec66c5ff853,espn_kaggle,Charles Challen,Charles Challen,,,,
player_fc4e94bf4e78,espn_kaggle,Seung-su Han,Seung-su Han,,,,
player_94612c8a19a3,espn_kaggle,Mike Martin,Mike Martin,,,,
player_4a351e7e21b3,espn_kaggle,David Dell,David Dell,,,,
player_64eaa05e76d4,espn_kaggle,Suzy Whaley,Suzy Whaley,,,,
player_43538b3c52f4,espn_kaggle,Charles Meola,Charles Meola,,,,
player_430dc892749a,espn_kaggle,Ryan Ouellette,Ryan Ouellette,,,,
player_e14603902c5e,espn_kaggle,Charles Medla,Charles Medla,,,,
player_2f5a62df5d89,espn_kaggle,Greg Reynolds,Greg Reynolds,,,,
player_2c8f63e8b552,espn_kaggle,Ryan Welborn,Ryan Welborn,,,,
player_c914f43c02e5,espn_kaggle,Tom Harding,Tom Harding,,,,
player_5f004d1b12af,espn_kaggle,John Traub,John Traub,,,,
player_4fea4897cd96,espn_kaggle,Kenneth Allard,Kenneth Allard,,,,
player_8ac6bed791de,espn_kaggle,Erich Kuhlman,Erich Kuhlman,,,,
player_9863018e379d,espn_kaggle,Kasey Scott,Kasey Scott,,,,
player_d5116331e7cf,espn_kaggle,Kevin Burton,Kevin Burton,,,,
player_631399af1c25,espn_kaggle,Scott Porter,Scott Porter,,,,
player_c0cb4f5497ef,espn_kaggle,Mike Schuchart,Mike Schuchart,,,,
player_07d61567d79e,espn_kaggle,Cary Sciorra,Cary Sciorra,,,,
player_a9c5d64fb884,espn_kaggle,Andre Stolz,Andre Stolz,,,,
player_b62179099218,espn_kaggle,Ron Philo Jr.,Ron Philo Jr.,,,,
player_f5b1c859a129,espn_kaggle,John Guyton,John Guyton,,,,
player_48fe81e2dffc,espn_kaggle,John Jacobs,John Jacobs,,,,
player_78b0ffd2b51a,espn_kaggle,Tim Wilkinson,Tim Wilkinson,,,,
player_25d863e8f9a1,espn_kaggle,Jeff Seavey,Jeff Seavey,,,,
player_633d9712ffdb,espn_kaggle,Fred Sutton,Fred Sutton,,,,
player_8f3ecbbd727f,espn_kaggle,Kirk Hanefeld,Kirk Hanefeld,,,,
player_bb3eb1cdc3da,espn_kaggle,Mike Worroll,Mike Worroll,,,,
player_517b582ff3d0,espn_kaggle,Michael Harris,Michael Harris,,,,
player_e5db6a5b5160,espn_kaggle,Richard Scott,Richard Scott,,,,
player_db9dff65fb46,espn_kaggle,Rob Johnson,Rob Johnson,,,,
player_e1c531fef1c5,espn_kaggle,Peter Laws,Peter Laws,,,,
player_983e2f419830,espn_kaggle,Lindsay Bernakevitch,Lindsay Bernakevitch,,,,
player_f21e76433b62,espn_kaggle,Scott Bogle,Scott Bogle,,,,
player_442b83391c11,espn_kaggle,Tyler Swanson,Tyler Swanson,,,,
player_6c05123a15f0,espn_kaggle,Jim Lemon,Jim Lemon,,,,
player_0522cc294f96,espn_kaggle,Chris Winkel,Chris Winkel,,,,
player_c6ac848e157f,espn_kaggle,Brandon Cobb,Brandon Cobb,,,,
player_399ea82802a8,espn_kaggle,Steve Marino,Steve Marino,,,,
player_ae72ea0d33b8,espn_kaggle,Kevin Shields,Kevin Shields,,,,
player_a402c16eafe1,espn_kaggle,Jim Cichra,Jim Cichra,,,,
player_54c8117e14fe,espn_kaggle,Adam Rubinson,Adam Rubinson,,,,
player_0cbf6513b547,espn_kaggle,Rett Crowder,Rett Crowder,,,,
player_0709fd1fc866,espn_kaggle,Vic Wilk,Vic Wilk,,,,
player_2afd365220e2,espn_kaggle,D.J. Brigman,D.J. Brigman,,,,
player_45452a9e2048,espn_kaggle,Tjaart van der Walt,Tjaart van der Walt,,,,
player_06d55fe49c44,espn_kaggle,Jason Bohn,Jason Bohn,,,,
player_e300fa6aedb2,espn_kaggle,Michelle Wie West,Michelle Wie West,,,,
player_dc71d365425f,espn_kaggle,Boyd Summerhays,Boyd Summerhays,,,,
player_c1ff1be99407,espn_kaggle,Daniel Chopra,Daniel Chopra,,,,
player_2f1387d16da8,espn_kaggle,Brian Kortan,Brian Kortan,,,,
player_53e3c5131c90,espn_kaggle,Roger Tambellini,Roger Tambellini,,,,
player_c08f985086ce,espn_kaggle,David Branshaw,David Branshaw,,,,
player_fef21d3369dc,espn_kaggle,Gregory Meyer,Gregory Meyer,,,,
player_78f81e467617,espn_kaggle,Chris Couch,Chris Couch,,,,
player_c721079dc740,espn_kaggle,Vaughn Taylor,Vaughn Taylor,,,,
player_d0a133e383ed,espn_kaggle,Dan Olsen,Dan Olsen,,,,
player_e77c2fd09861,espn_kaggle,Tetsuji Hiratsuka,Tetsuji Hiratsuka,,,,
player_1e6f45756299,espn_kaggle,Scott Hend,Scott Hend,,,,
player_aac3056e1b61,espn_kaggle,Kevin Muncrief,Kevin Muncrief,,,,
player_97c04304b061,espn_kaggle,Myung Jun Park,Myung Jun Park,,,,
player_4cafbe33000e,espn_kaggle,Dave Eichelberger,Dave Eichelberger,,,,
player_f3cc2a6494cb,espn_kaggle,"Ron Castillo, Jr.","Ron Castillo, Jr.",,,,
player_646fba6a7e71,espn_kaggle,Geoffrey Dean,Geoffrey Dean,,,,
player_84f320e5e744,espn_kaggle,Michael Beard,Michael Beard,,,,
player_827db9ac4259,espn_kaggle,Steven Tate,Steven Tate,,,,
player_2d0b2765273f,espn_kaggle,GW Cable,GW Cable,,,,
player_8dbf77396ab8,espn_kaggle,Steve Friesen,Steve Friesen,,,,
player_8e97db01e76c,espn_kaggle,Scott Gutschewski,Scott Gutschewski,,,,
player_256bb1115a33,espn_kaggle,D.A. Points,D.A. Points,,,,
player_2232ebcf3518,espn_kaggle,John Ellis,John Ellis,,,,
player_012b385024b7,espn_kaggle,David Lebeck,David Lebeck,,,,
player_60971d54618c,espn_kaggle,Chris Heintz,Chris Heintz,,,,
player_caa5b230591c,espn_kaggle,David Schnider,David Schnider,,,,
player_11e6ab915fa2,espn_kaggle,Tim Parun,Tim Parun,,,,
player_fc6639f196fa,espn_kaggle,Mike Lavery,Mike Lavery,,,,
player_9eeddcb3bfa6,espn_kaggle,J.B. Sneve,J.B. Sneve,,,,
player_61b9ee02bd2b,espn_kaggle,David Oh,David Oh,,,,
player_57ad75c38e8d,espn_kaggle,Daisuke Maruyama,Daisuke Maruyama,,,,
player_79a19ea9b037,espn_kaggle,Scott Heyn,Scott Heyn,,,,
player_dc20e30a7479,espn_kaggle,Chris Nallen,Chris Nallen,,,,
player_94e70f6037f4,espn_kaggle,Scott Harrington,Scott Harrington,,,,
player_a48ba514a905,espn_kaggle,Benoit Beisser,Benoit Beisser,,,,
player_e4845134279e,espn_kaggle,Sven Struver,Sven Struver,,,,
player_cbf7fdfe114e,espn_kaggle,Andy Morse,Andy Morse,,,,
player_b30a69520bfd,espn_kaggle,Ramon Bescansa,Ramon Bescansa,,,,
player_117991987423,espn_kaggle,John Bungert,John Bungert,,,,
player_1e094e87d14e,espn_kaggle,Nick Flanagan,Nick Flanagan,,,,
player_73f7a42737dd,espn_kaggle,David Noll (a),David Noll (a),,,,
player_fc4cb6178fd2,espn_kaggle,Brian Dixon,Brian Dixon,,,,
player_c3f2671b41fa,espn_kaggle,Roger Rowland,Roger Rowland,,,,
player_bd7f55c4d0cd,espn_kaggle,Brandt Snedeker,Brandt Snedeker,,,,
player_3a5e11fd1356,espn_kaggle,Lianwei Zhang,Lianwei Zhang,,,,
player_876e0758877c,espn_kaggle,Nathan Smith,Nathan Smith,,,,
player_58fca2d438df,espn_kaggle,George Bryan,George Bryan,,,,
player_ad23f71963be,espn_kaggle,Mike Harmon,Mike Harmon,,,,
player_156554cd70c0,espn_kaggle,Brian Harman,Brian Harman,,,,
player_06df3fc6e3bd,espn_kaggle,Victor Schwamkrug,Victor Schwamkrug,,,,
player_4ac28309a2b6,espn_kaggle,Ty Armstrong,Ty Armstrong,,,,
player_969287dcedb2,espn_kaggle,Lonny Alexander,Lonny Alexander,,,,
player_194352156f93,espn_kaggle,Ken Kelley,Ken Kelley,,,,
player_dec62e6c964d,espn_kaggle,Jason Laing,Jason Laing,,,,
player_5ad17f2e3966,espn_kaggle,Patrick Prince,Patrick Prince,,,,
player_ce0bbdcf476e,espn_kaggle,David Church,David Church,,,,
player_43a64ff08975,espn_kaggle,Bryant MacKellar,Bryant MacKellar,,,,
player_9a0ab7fd8342,espn_kaggle,Derek Sanders,Derek Sanders,,,,
player_4aa6813c9a54,espn_kaggle,Jason Hartwick,Jason Hartwick,,,,
player_4104ef727836,espn_kaggle,Mike Henderson,Mike Henderson,,,,
player_14d16ed424a5,espn_kaggle,Mark Henderson,Mark Henderson,,,,
player_ddcfcea8cc6e,espn_kaggle,Brett Paquet,Brett Paquet,,,,
player_0e23f13bebd0,espn_kaggle,Matthew Loving,Matthew Loving,,,,
player_7b1b0d196936,espn_kaggle,Loren Personett,Loren Personett,,,,
player_7e1bae2f32e8,espn_kaggle,Tim Tims,Tim Tims,,,,
player_b70fbabd6cf6,espn_kaggle,Randy Helton,Randy Helton,,,,
player_1b0982615cc6,espn_kaggle,Heath Wassem,Heath Wassem,,,,
player_f66db5fc423e,espn_kaggle,Robert Deruntz,Robert Deruntz,,,,
player_a5e55b1e4401,espn_kaggle,Spencer Levin,Spencer Levin,,,,
player_9c1015e3ddd7,espn_kaggle,Joakim Haeggman,Joakim Haeggman,,,,
player_7973ff29dffc,espn_kaggle,Robert Garrigus,Robert Garrigus,,,,
player_5cc2f8571f7d,espn_kaggle,John Elliott,John Elliott,,,,
player_5248a14c8112,espn_kaggle,Parker McLachlin,Parker McLachlin,,,,
player_c88875d42c96,espn_kaggle,Brock Mackenzie,Brock Mackenzie,,,,
player_160842363cfa,espn_kaggle,Andrew Tschudin,Andrew Tschudin,,,,
player_ac17350524f7,espn_kaggle,Camilo Villegas,Camilo Villegas,,,,
player_e0a4bc9596b3,espn_kaggle,Eric Axley,Eric Axley,,,,
player_729ac4b725e7,espn_kaggle,Brendan Jones,Brendan Jones,,,,
player_d8f3f1f1668b,espn_kaggle,Scott Weatherly,Scott Weatherly,,,,
player_178fdd155191,espn_kaggle,Charleton Dechert,Charleton Dechert,,,,
player_c54f53ae8ab3,espn_kaggle,David Faught,David Faught,,,,
player_a94b2ca833eb,espn_kaggle,John Connelly,John Connelly,,,,
player_85691f083bec,espn_kaggle,Leif Olson,Leif Olson,,,,
player_e3dedd3a00b7,espn_kaggle,Payton Osborn,Payton Osborn,,,,
player_38e764ecbd9e,espn_kaggle,Johnson Wagner,Johnson Wagner,,,,
player_be5c6544b32b,espn_kaggle,Steve Sokol,Steve Sokol,,,,
player_1458e83f8fa1,espn_kaggle,Casey Bourque,Casey Bourque,,,,
player_362b5e423c9b,espn_kaggle,Oscar Alvarez,Oscar Alvarez,,,,
player_327c9880642f,espn_kaggle,David Carr,David Carr,,,,
player_c1a771685f36,espn_kaggle,Matt Hendrix,Matt Hendrix,,,,
player_6b4628401e85,espn_kaggle,Brandon Knaub,Brandon Knaub,,,,
player_7859f8921ff6,espn_kaggle,Ricky Touma,Ricky Touma,,,,
player_dc6238f8da88,espn_kaggle,"Jim Schouller, Jr.","Jim Schouller, Jr.",,,,
player_77d361afa173,espn_kaggle,George Bradford,George Bradford,,,,
player_c2eca299bc9c,espn_kaggle,Joe Affrunti,Joe Affrunti,,,,
player_9a9ddc04c775,espn_kaggle,Chris Botsford,Chris Botsford,,,,
player_abcb1f194aa5,espn_kaggle,Derek Lamely,Derek Lamely,,,,
player_066324442135,espn_kaggle,Brett Melton,Brett Melton,,,,
player_4fc2a5c257db,espn_kaggle,Danny Mulhearn,Danny Mulhearn,,,,
player_92d8461d3c40,espn_kaggle,Jamie Rogers,Jamie Rogers,,,,
player_9b029f9471f8,espn_kaggle,Bradley Heaven,Bradley Heaven,,,,
player_0f1ae73e65c9,espn_kaggle,Takashi Kamiyama,Takashi Kamiyama,,,,
player_b38ec3f5825e,espn_kaggle,Kim Felton,Kim Felton,,,,
player_3302fae306aa,espn_kaggle,Sean Whiffin,Sean Whiffin,,,,
player_0e6a85107ef3,espn_kaggle,Paul Bradshaw,Paul Bradshaw,,,,
player_08a5ed3969df,espn_kaggle,Paul Broadhurst,Paul Broadhurst,,,,
player_8784b15cef88,espn_kaggle,Martin Erlandsson,Martin Erlandsson,,,,
player_0385085e214a,espn_kaggle,Christian Cévaër,Christian Cévaër,,,,
player_e35eb4285ae1,espn_kaggle,Klas Eriksson,Klas Eriksson,,,,
player_9ebaf41ab98a,espn_kaggle,Scott Barr,Scott Barr,,,,
player_e6c5aa34bee0,espn_kaggle,Paul Sheehan,Paul Sheehan,,,,
player_fab8b1099902,espn_kaggle,Grant Muller,Grant Muller,,,,
player_c10e52da34fa,espn_kaggle,Lloyd Campbell,Lloyd Campbell,,,,
player_3771a210359f,espn_kaggle,Jonathan S. Cheetham,Jonathan S. Cheetham,,,,
player_2597def988c7,espn_kaggle,Barry Hume,Barry Hume,,,,
player_e14c63a672dd,espn_kaggle,Steven Tiley,Steven Tiley,,,,
player_5a424b226dfb,espn_kaggle,Daniel Sugrue,Daniel Sugrue,,,,
player_74b42171a90e,espn_kaggle,Ben Willman,Ben Willman,,,,
player_b68103694759,espn_kaggle,Miles Tunnicliff,Miles Tunnicliff,,,,
player_7299cf9f9f53,espn_kaggle,Matthew Hazelden,Matthew Hazelden,,,,
player_2b1b6438f058,espn_kaggle,Hidemasa Hoshino,Hidemasa Hoshino,,,,
player_8dccae879e8b,espn_kaggle,Peter Hedblom,Peter Hedblom,,,,
player_86eb7053a9cb,espn_kaggle,Brian McElhinney,Brian McElhinney,,,,
player_e3ca014a2b19,espn_kaggle,Scott Drummond,Scott Drummond,,,,
player_21e9dced9ef5,espn_kaggle,David Griffiths,David Griffiths,,,,
player_039b5032fb4e,espn_kaggle,Nicolas Colsaerts,Nicolas Colsaerts,,,,
player_c3629c0743f2,espn_kaggle,Andrew Willey,Andrew Willey,,,,
player_7193493aef58,espn_kaggle,Louis Oosthuizen,Louis Oosthuizen,,,,
player_cb78be78539b,espn_kaggle,Ian Spencer,Ian Spencer,,,,
player_d686947b85c7,espn_kaggle,Andrew Buckle,Andrew Buckle,,,,
player_ea96684b5684,espn_kaggle,Yoshinobu Tsukada,Yoshinobu Tsukada,,,,
player_f11b089d53ac,espn_kaggle,Tom Weiskopf,Tom Weiskopf,,,,
player_aa60a9c8ff6d,espn_kaggle,Brett Taylor,Brett Taylor,,,,
player_ca1e7aba6856,espn_kaggle,Neil Evans,Neil Evans,,,,
player_6b8e00920c3b,espn_kaggle,Lewis Atkinson,Lewis Atkinson,,,,
player_0599ca3b8d39,espn_kaggle,Anthony Millar,Anthony Millar,,,,
player_08c795e4a9fd,espn_kaggle,David Branham,David Branham,,,,
player_d95c6fbb9d79,espn_kaggle,Mac O'Grady,Mac O'Grady,,,,
player_6dbd5fc7c073,espn_kaggle,Charlie Brown,Charlie Brown,,,,
player_887d9540ba8e,espn_kaggle,Andy Barrett,Andy Barrett,,,,
player_417c61d398b6,espn_kaggle,Miguel Rivera,Miguel Rivera,,,,
player_8ea85219bed5,espn_kaggle,Mike Austin,Mike Austin,,,,
player_2d980dd2f570,espn_kaggle,Steve Vecellio,Steve Vecellio,,,,
player_e88df5f23a75,espn_kaggle,Quinn Griffing,Quinn Griffing,,,,
player_e01d54cf3750,espn_kaggle,Zane Zwemke,Zane Zwemke,,,,
player_b5ddf96098f0,espn_kaggle,Alan Schulte,Alan Schulte,,,,
player_3f80cb671d8c,espn_kaggle,Frank Bensel Jr.,Frank Bensel Jr.,,,,
player_50af8bbc36a6,espn_kaggle,Cary Hungate,Cary Hungate,,,,
player_de30754e77a8,espn_kaggle,Michael Baker,Michael Baker,,,,
player_8addf1f4cd86,espn_kaggle,Sean English,Sean English,,,,
player_ac262cc2eb93,espn_kaggle,Mark Evenson,Mark Evenson,,,,
player_9755cd9ac037,espn_kaggle,Peter Senior,Peter Senior,,,,
player_1065782fe455,espn_kaggle,Eli Zackheim,Eli Zackheim,,,,
player_6f0bccde92ef,espn_kaggle,Tom Gleeton,Tom Gleeton,,,,
player_5e767ddb342d,espn_kaggle,Uly Grisette,Uly Grisette,,,,
player_8ff2526aa935,espn_kaggle,Frank Graziosa,Frank Graziosa,,,,
player_93238dec9eb0,espn_kaggle,Bob Mucha,Bob Mucha,,,,
player_cf0b6df87490,espn_kaggle,Marcel Siem,Marcel Siem,,,,
player_dbf368c2a959,espn_kaggle,Jamie Neher,Jamie Neher,,,,
player_3c3ea77df36c,espn_kaggle,Frank Vana,Frank Vana,,,,
player_f96a39d3183b,espn_kaggle,Jeff Martin,Jeff Martin,,,,
player_6d105ecb90ab,espn_kaggle,Dirk Ayers,Dirk Ayers,,,,
player_76335c3430e7,espn_kaggle,Brad Sutterfield,Brad Sutterfield,,,,
player_3e8cd5b864d0,espn_kaggle,Clinton Jensen,Clinton Jensen,,,,
player_f6a4aee04afa,espn_kaggle,Marc Girouard,Marc Girouard,,,,
player_0b741ff0d079,espn_kaggle,Craig Doell,Craig Doell,,,,
player_76a172f611b1,espn_kaggle,Marc Bourgeois,Marc Bourgeois,,,,
player_e9e112186369,espn_kaggle,David Mathis,David Mathis,,,,
player_7d117e4f8813,espn_kaggle,Darren Wallace,Darren Wallace,,,,
player_1c3be9f0b207,espn_kaggle,Adam Meyer,Adam Meyer,,,,
player_8436bd986a42,espn_kaggle,JJ Wall,JJ Wall,,,,
player_1c949d599bf7,espn_kaggle,Desvonde Botes,Desvonde Botes,,,,
player_e6f953377105,espn_kaggle,Y.E. Yang,Y.E. Yang,,,,
player_11e0b5e09d87,espn_kaggle,Mike Ruiz,Mike Ruiz,,,,
player_19065264cc13,espn_kaggle,Chris Stroud,Chris Stroud,,,,
player_8441c4da7a49,espn_kaggle,Brad Hauer,Brad Hauer,,,,
player_c1aa68656725,espn_kaggle,Rob Rashell,Rob Rashell,,,,
player_5c1f91c7c57a,espn_kaggle,Joey Snyder III,Joey Snyder III,,,,
player_c07f402b66a5,espn_kaggle,Sean O'Hair,Sean O'Hair,,,,
player_4fa1cc24d7d2,espn_kaggle,Hideki Kase,Hideki Kase,,,,
player_b02d735da7a8,espn_kaggle,Justin Bolli,Justin Bolli,,,,
player_8dff33ac9fea,espn_kaggle,Jonathan Mathias,Jonathan Mathias,,,,
player_1df7fbdbc763,espn_kaggle,Matt Davidson,Matt Davidson,,,,
player_19b567969749,espn_kaggle,Euan Walters,Euan Walters,,,,
player_b1921eb34a5f,espn_kaggle,Kevin Carll,Kevin Carll,,,,
player_202392d6f3c5,espn_kaggle,Will MacKenzie,Will MacKenzie,,,,
player_dec04faa08bb,espn_kaggle,Chris Starkjohann,Chris Starkjohann,,,,
player_64d8369697db,espn_kaggle,Gregory Casagranda,Gregory Casagranda,,,,
player_7c9eec9370bb,espn_kaggle,Steven Hakes,Steven Hakes,,,,
player_9329649fbecb,espn_kaggle,Todd Tanner,Todd Tanner,,,,
player_aa0e20edb320,espn_kaggle,Matt Jones,Matt Jones,,,,
player_658b9d7ff696,espn_kaggle,Peter Tomasulo,Peter Tomasulo,,,,
player_bd78d0c24eef,espn_kaggle,Stuart Smith,Stuart Smith,,,,
player_aa47d5ade836,espn_kaggle,J.R. Ruda,J.R. Ruda,,,,
player_a936e108da8d,espn_kaggle,Tim Huber,Tim Huber,,,,
player_3cf66fb71d77,espn_kaggle,Will Dodson,Will Dodson,,,,
player_6ccd99913da4,espn_kaggle,David Podas,David Podas,,,,
player_402c66efcf99,espn_kaggle,Brian Nosler,Brian Nosler,,,,
player_66a988342d00,espn_kaggle,Aaron Watkins,Aaron Watkins,,,,
player_52e0ddf6113c,espn_kaggle,Tom Kalinowski,Tom Kalinowski,,,,
player_265d3a632ef3,espn_kaggle,Chris Kamin,Chris Kamin,,,,
player_3f1c0f51cd88,espn_kaggle,Derek Nannen,Derek Nannen,,,,
player_95ff5f517f83,espn_kaggle,David Yarnes,David Yarnes,,,,
player_47814221e091,espn_kaggle,Steve LeBrun,Steve LeBrun,,,,
player_b0c16a39f766,espn_kaggle,Jeffrey Yeckes,Jeffrey Yeckes,,,,
player_c85a25368d70,espn_kaggle,TJ Wilson,TJ Wilson,,,,
player_26237601e5a8,espn_kaggle,Michael Sim,Michael Sim,,,,
player_7c39f94da745,espn_kaggle,Scott Curiel,Scott Curiel,,,,
player_88dcc440c941,espn_kaggle,Billy Jack,Billy Jack,,,,
player_d317ad94e943,espn_kaggle,Austin Eaton III,Austin Eaton III,,,,
player_2fe13cd7bba1,espn_kaggle,Aron Price,Aron Price,,,,
player_be2617155ac9,espn_kaggle,Tom Iredell,Tom Iredell,,,,
player_02625eb0a643,espn_kaggle,Kyle Willmann,Kyle Willmann,,,,
player_3c5b40ed2132,espn_kaggle,Javier Sanchez,Javier Sanchez,,,,
player_ff60512a6849,espn_kaggle,Chris Peddicord,Chris Peddicord,,,,
player_fefc95084a81,espn_kaggle,Ahmad Bateman,Ahmad Bateman,,,,
player_4d65fd817caa,espn_kaggle,Phil Schmitt,Phil Schmitt,,,,
player_20cb17b46c7f,espn_kaggle,Heath West,Heath West,,,,
player_c1a180d891bf,espn_kaggle,Reed Hughes,Reed Hughes,,,,
player_fc5c0f52894b,espn_kaggle,Randy Joyner,Randy Joyner,,,,
player_86d1e8dad299,espn_kaggle,Colby Beckstrom,Colby Beckstrom,,,,
player_817a76de85ca,espn_kaggle,Brian Madison,Brian Madison,,,,
player_b894b1af02c9,espn_kaggle,Lindy Miller,Lindy Miller,,,,
player_17af68a642f3,espn_kaggle,Dean Larsson,Dean Larsson,,,,
player_9a2d351b6336,espn_kaggle,Roberto Coceres,Roberto Coceres,,,,
player_17a0c3a33e7c,espn_kaggle,Andrew Pratt,Andrew Pratt,,,,
player_b369b681bed3,espn_kaggle,Dan Chartrand,Dan Chartrand,,,,
player_4c0104d1dc79,espn_kaggle,Rob Hessing,Rob Hessing,,,,
player_43a156f51169,espn_kaggle,Mickey Barker,Mickey Barker,,,,
player_819203bc2cf4,espn_kaggle,Matt Every,Matt Every,,,,
player_8bfd5e6cf928,espn_kaggle,Jonathan Lomas,Jonathan Lomas,,,,
player_d7e0400ec1df,espn_kaggle,John Mallinger,John Mallinger,,,,
player_0cd6abe058cc,espn_kaggle,Peter Hanson,Peter Hanson,,,,
player_14092f7a5ac2,espn_kaggle,Daniel Brown,Daniel Brown,,,,
player_8dc54dd6e41a,espn_kaggle,Eric Meichtry,Eric Meichtry,,,,
player_6e42bf8936c5,espn_kaggle,Troy Kelly,Troy Kelly,,,,
player_1e84459fb3a2,espn_kaggle,John Merrick,John Merrick,,,,
player_52528d67900a,espn_kaggle,Jose-Filipe Lima,Jose-Filipe Lima,,,,
player_566025912055,espn_kaggle,Stephen Gallacher,Stephen Gallacher,,,,
player_162392e00051,espn_kaggle,Steve Conran,Steve Conran,,,,
player_8286537d3c82,espn_kaggle,Josh McCumber,Josh McCumber,,,,
player_f0b50d8e4b72,espn_kaggle,David Denham,David Denham,,,,
player_21d21c97453e,espn_kaggle,Nickolas Jones,Nickolas Jones,,,,
player_27eac90896c2,espn_kaggle,Scott Gibson,Scott Gibson,,,,
player_93ae8a2a751a,espn_kaggle,Michael Putnam,Michael Putnam,,,,
player_486b964fe8b1,espn_kaggle,Lee Williams,Lee Williams,,,,
player_b7e35e79a9b8,espn_kaggle,Pierre-Henri Soero,Pierre-Henri Soero,,,,
player_290632d9f2c0,espn_kaggle,Will Collins,Will Collins,,,,
player_4c06362b69aa,espn_kaggle,Conrad Ray,Conrad Ray,,,,
player_fa5275aba297,espn_kaggle,P.H. Horgan III,P.H. Horgan III,,,,
player_679386f8ff11,espn_kaggle,Tom Sutter,Tom Sutter,,,,
player_e71039a0dc00,espn_kaggle,Shawn Baker,Shawn Baker,,,,
player_9569f667a986,espn_kaggle,Kevin PomArleau,Kevin PomArleau,,,,
player_f5628411c991,espn_kaggle,Constant DeMattia,Constant DeMattia,,,,
player_a8adb578c1a0,espn_kaggle,Anthony Aguilar,Anthony Aguilar,,,,
player_2d23a6e9bf78,espn_kaggle,Doug Bauman,Doug Bauman,,,,
player_1adc233f9d1d,espn_kaggle,Terry Russell,Terry Russell,,,,
player_1b61879ad15a,espn_kaggle,Ben Weir,Ben Weir,,,,
player_67a357da0825,espn_kaggle,Scott Chipokas,Scott Chipokas,,,,
player_12f8e2531c08,espn_kaggle,Paul Del Vecchio,Paul Del Vecchio,,,,
player_4609ffa17982,espn_kaggle,Craig Van Horn,Craig Van Horn,,,,
player_3467a5c97653,espn_kaggle,Andrew Price,Andrew Price,,,,
player_51d55d6ccea5,espn_kaggle,Gavin Flint,Gavin Flint,,,,
player_22fa6cdd08e8,espn_kaggle,Keith Huber,Keith Huber,,,,
player_63c8d15020ed,espn_kaggle,Mark Tucker,Mark Tucker,,,,
player_c45b18f270d7,espn_kaggle,Eric Manning,Eric Manning,,,,
player_08d80eb15226,espn_kaggle,Lloyd Saltman,Lloyd Saltman,,,,
player_29f04577390b,espn_kaggle,Eric Ramsay,Eric Ramsay,,,,
player_dea4f08a07b1,espn_kaggle,Tadahiro Takayama,Tadahiro Takayama,,,,
player_0a75dd2233b0,espn_kaggle,Simon Khan,Simon Khan,,,,
player_150a92fffd6d,espn_kaggle,Steve Webster,Steve Webster,,,,
player_9f8405b0d148,espn_kaggle,Tino Schuster,Tino Schuster,,,,
player_bb151f560ef1,espn_kaggle,Edoardo Molinari,Edoardo Molinari,,,,
player_9313f9aa042c,espn_kaggle,Robert Rock,Robert Rock,,,,
player_5288e601e573,espn_kaggle,Graeme Storm,Graeme Storm,,,,
player_36fd5e3d1eb2,espn_kaggle,Matthew Richardson,Matthew Richardson,,,,
player_fd3d6b8d353f,espn_kaggle,Stephen Dodd,Stephen Dodd,,,,
player_78b6c66c74e3,espn_kaggle,Mardan Mamat,Mardan Mamat,,,,
player_6c7aa48397a0,espn_kaggle,Danny Chia,Danny Chia,,,,
player_e0e8b811826a,espn_kaggle,Lars Brovold,Lars Brovold,,,,
player_25e870d50703,espn_kaggle,David Diaz,David Diaz,,,,
player_ec36372b7edc,espn_kaggle,Martin Doyle,Martin Doyle,,,,
player_7abb6ae1a245,espn_kaggle,Doug McGuigan,Doug McGuigan,,,,
player_ee0087358dfc,espn_kaggle,André Bossert,André Bossert,,,,
player_dffa8d5ea1d8,espn_kaggle,Oscar Floren,Oscar Floren,,,,
player_6e1c7bf66dde,espn_kaggle,Murray Urquhart,Murray Urquhart,,,,
player_2535cea6eb2a,espn_kaggle,Wilhelm Schauman,Wilhelm Schauman,,,,
player_cca86d07a78e,espn_kaggle,Peter Lawrie,Peter Lawrie,,,,
player_f1cdd14a21ff,espn_kaggle,Marcus Fraser,Marcus Fraser,,,,
player_11ea2453b71c,espn_kaggle,Robert Steele,Robert Steele,,,,
player_252ac025e69e,espn_kaggle,Andrew Butterfield,Andrew Butterfield,,,,
player_283f4cb9dd2d,espn_kaggle,Sean McDonagh,Sean McDonagh,,,,
player_803549d7df1e,espn_kaggle,Chris Campbell,Chris Campbell,,,,
player_08a40bf4be44,espn_kaggle,Andrew Marshall,Andrew Marshall,,,,
player_b34e97992fe5,espn_kaggle,Richard Moir,Richard Moir,,,,
player_762af99d8c07,espn_kaggle,John Wade,John Wade,,,,
player_756788581b4c,espn_kaggle,Pete Oakley,Pete Oakley,,,,
player_ef56ec764692,espn_kaggle,Thammanoon Srirot,Thammanoon Srirot,,,,
player_add7f5d60876,espn_kaggle,Kevin Hall,Kevin Hall,,,,
player_5daf6f8d6560,espn_kaggle,Ryan Helminen,Ryan Helminen,,,,
player_e1986c4b5bbc,espn_kaggle,Brian Payne,Brian Payne,,,,
player_2be48988fd83,espn_kaggle,Jeff Bisbee,Jeff Bisbee,,,,
player_de44e6f11483,espn_kaggle,Ryan Brehm,Ryan Brehm,,,,
player_ce50c8dbb8c6,espn_kaggle,Mark Black,Mark Black,,,,
player_d58d87f33fb9,espn_kaggle,Billy McKay,Billy McKay,,,,
player_7ab44b153b89,espn_kaggle,Jimmy Chestnut,Jimmy Chestnut,,,,
player_64f935777b00,espn_kaggle,Joe Pollack,Joe Pollack,,,,
player_4642033ac806,espn_kaggle,Rob Moss,Rob Moss,,,,
player_0636d2c9ad8c,espn_kaggle,Chip Johnson,Chip Johnson,,,,
player_7b2e248f3aed,espn_kaggle,Travis Long,Travis Long,,,,
player_7a6425db1e20,espn_kaggle,Chris Wiemers,Chris Wiemers,,,,
player_78489c4f40f6,espn_kaggle,Scott Spence,Scott Spence,,,,
player_38942e9c9d88,espn_kaggle,Rich Steinmetz,Rich Steinmetz,,,,
player_a9cca13b90fa,espn_kaggle,Michael Reid,Michael Reid,,,,
player_3d002e6e5c38,espn_kaggle,Marc Cayeux,Marc Cayeux,,,,
player_531c3b8872b8,espn_kaggle,Takuya Taniguchi,Takuya Taniguchi,,,,
player_b2bc0fcefa80,espn_kaggle,Steve Hummel,Steve Hummel,,,,
player_279fb694d331,espn_kaggle,Tyler Hall,Tyler Hall,,,,
player_8685fcff689f,espn_kaggle,Matt Doyle,Matt Doyle,,,,
player_b5c9e27520a6,espn_kaggle,Jeff Overton,Jeff Overton,,,,
player_206e8f74ad2d,espn_kaggle,Joey Iaciofano,Joey Iaciofano,,,,
player_323e6319cb9a,espn_kaggle,Ron Dellostritto,Ron Dellostritto,,,,
player_3cacbb276bd3,espn_kaggle,Jim St. Pierre,Jim St. Pierre,,,,
player_15fb28cc19b5,espn_kaggle,Craig Kealey,Craig Kealey,,,,
player_41df7ffcb33c,espn_kaggle,Josh Teater,Josh Teater,,,,
player_6e5b6d83388a,espn_kaggle,Troy Pare,Troy Pare,,,,
player_7946663cdf5f,espn_kaggle,John Hickson,John Hickson,,,,
player_aa2ce3140204,espn_kaggle,Steve Collins,Steve Collins,,,,
player_231c72d31537,espn_kaggle,Adam Short,Adam Short,,,,
player_9c678f507c2e,espn_kaggle,Anders Hultman,Anders Hultman,,,,
player_68a5fda9e363,espn_kaggle,Ian Doig,Ian Doig,,,,
player_66495acc1cb7,espn_kaggle,Stuart Anderson,Stuart Anderson,,,,
player_020e6d4ae2c3,espn_kaggle,Jay Snyder,Jay Snyder,,,,
player_8e9df5225e45,espn_kaggle,Chris Ming,Chris Ming,,,,
player_b8b7543eb5c7,espn_kaggle,Paul Danielson,Paul Danielson,,,,
player_21c63993ba23,espn_kaggle,Paul Daniels,Paul Daniels,,,,
player_46e8280c7644,espn_kaggle,Roy Vucinich,Roy Vucinich,,,,
player_532d04dea970,espn_kaggle,Simon Yates,Simon Yates,,,,
player_866f1867a255,espn_kaggle,Warren Abery,Warren Abery,,,,
player_5734004aaba3,espn_kaggle,Jim Garrison,Jim Garrison,,,,
player_901ab0839f67,espn_kaggle,Ron Whittaker,Ron Whittaker,,,,
player_29d2f34a52fe,espn_kaggle,Henrik Bjornstad,Henrik Bjornstad,,,,
player_1b9023ec1f29,espn_kaggle,David McKenzie,David McKenzie,,,,
player_f08829c82909,espn_kaggle,Jeremy Tucker,Jeremy Tucker,,,,
player_3267440e3edb,espn_kaggle,Shiv Kapur,Shiv Kapur,,,,
player_9fb1bae34099,espn_kaggle,Alex Aragon,Alex Aragon,,,,
player_c7f506af1d69,espn_kaggle,Nicholas Thompson,Nicholas Thompson,,,,
player_2b0f1fb039cb,espn_kaggle,Jason Schultz,Jason Schultz,,,,
player_db228ccb9fd7,espn_kaggle,Thaworn Wiratchant,Thaworn Wiratchant,,,,
player_8f6b2adcd8b8,espn_kaggle,Beau Yokomoto,Beau Yokomoto,,,,
player_d75980aae845,espn_kaggle,Scott Miller,Scott Miller,,,,
player_43a1f9c72094,espn_kaggle,Matt Hansen,Matt Hansen,,,,
player_0de39695c4d4,espn_kaggle,B.J. Staten,B.J. Staten,,,,
player_b62b97843b1d,espn_kaggle,Ryan Hietala,Ryan Hietala,,,,
player_74144af5d3ef,espn_kaggle,Jay Choe,Jay Choe,,,,
player_c626aa386fa5,espn_kaggle,Brady Stockton,Brady Stockton,,,,
player_f2f860a2c601,espn_kaggle,Brett Bingham,Brett Bingham,,,,
player_3c980ffdfd43,espn_kaggle,Mick Soli,Mick Soli,,,,
player_2f61601a953b,espn_kaggle,Jim Gormley,Jim Gormley,,,,
player_3dcf5a10f19b,espn_kaggle,Gonzalo Fernandez-Castaño,Gonzalo Fernandez-Castaño,,,,
player_d4efcc7dbd4b,espn_kaggle,Nate Lashley,Nate Lashley,,,,
player_52df2770dddb,espn_kaggle,Brett Wayment,Brett Wayment,,,,
player_6064c8fb6c88,espn_kaggle,Vinnie Poncino,Vinnie Poncino,,,,
player_9eee7ec4ca96,espn_kaggle,Dave Kelly,Dave Kelly,,,,
player_640da8d7bbb6,espn_kaggle,Keith Burt,Keith Burt,,,,
player_161e901aeab6,espn_kaggle,Adam Adams,Adam Adams,,,,
player_491b1a6fa59e,espn_kaggle,Hector Zapata,Hector Zapata,,,,
player_98f157f37e23,espn_kaggle,Mitch Adams,Mitch Adams,,,,
player_75144a3a2ba2,espn_kaggle,Mike San Filippo,Mike San Filippo,,,,
player_634b15d4533f,espn_kaggle,Tim Stieren,Tim Stieren,,,,
player_85b845a211b7,espn_kaggle,Louis Bartoletti,Louis Bartoletti,,,,
player_c88cad5c2517,espn_kaggle,Hal Jacobs,Hal Jacobs,,,,
player_f33059f6e008,espn_kaggle,Billy Hurley III,Billy Hurley III,,,,
player_c5a0f6cbd16e,espn_kaggle,Webb Simpson,Webb Simpson,,,,
player_5c2b4910bcc2,espn_kaggle,Sam Saunders,Sam Saunders,,,,
player_29ef5e3a9a21,espn_kaggle,Clint Avret,Clint Avret,,,,
player_97606fb9839c,espn_kaggle,Sonny Skinner,Sonny Skinner,,,,
player_29533398d99e,espn_kaggle,Jeff Amershadian,Jeff Amershadian,,,,
player_eb184dd46e68,espn_kaggle,Christopher Gray,Christopher Gray,,,,
player_56f1a75cb430,espn_kaggle,Clay Ogden,Clay Ogden,,,,
player_0ee8498d236a,espn_kaggle,Dillon Dougherty,Dillon Dougherty,,,,
player_aa8c350f0bc8,espn_kaggle,Kevin Marsh,Kevin Marsh,,,,
player_489a72b65a97,espn_kaggle,Stephen Behr,Stephen Behr,,,,
player_9c715c490810,espn_kaggle,Rich Weston,Rich Weston,,,,
player_469c258d60e3,espn_kaggle,Larry George,Larry George,,,,
player_dd830d47f18a,espn_kaggle,Stephen Reed,Stephen Reed,,,,
player_3e5a7d4217eb,espn_kaggle,Bronson Burgoon,Bronson Burgoon,,,,
player_834c387e9746,espn_kaggle,Shaun Goodwin,Shaun Goodwin,,,,
player_7f6a9be6c46d,espn_kaggle,Todd Rossetti,Todd Rossetti,,,,
player_2a06dd4bdb88,espn_kaggle,Stuart Deane,Stuart Deane,,,,
player_b3c65a70ce1b,espn_kaggle,Martin Rominger,Martin Rominger,,,,
player_3ca8c2e8a7c1,espn_kaggle,Brian Rowell,Brian Rowell,,,,
player_a84fe6d0663b,espn_kaggle,Derek Watson,Derek Watson,,,,
player_6b69c518ad3d,espn_kaggle,Jay Haas Jr.,Jay Haas Jr.,,,,
player_9854d72051c8,espn_kaggle,Jamie Johnson,Jamie Johnson,,,,
player_d3c59b768268,espn_kaggle,Chris Parra,Chris Parra,,,,
player_3993a8c64b82,espn_kaggle,Martin Flores,Martin Flores,,,,
player_fa08344e910f,espn_kaggle,Robert Boisvert,Robert Boisvert,,,,
player_0687c8eddf4d,espn_kaggle,Vince Jewell,Vince Jewell,,,,
player_afa57e141a21,espn_kaggle,Scott Sterling,Scott Sterling,,,,
player_3bf7e5126f87,espn_kaggle,Bruce McDonald,Bruce McDonald,,,,
player_3171df34c482,espn_kaggle,Stiles Mitchell,Stiles Mitchell,,,,
player_2fb7ee55d23f,espn_kaggle,Joey Hickman,Joey Hickman,,,,
player_6f3937466adc,espn_kaggle,Chad Collins,Chad Collins,,,,
player_57823527dedc,espn_kaggle,Phillip Archer,Phillip Archer,,,,
player_31ae8893d258,espn_kaggle,Alex Coe,Alex Coe,,,,
player_10e25d0d0bea,espn_kaggle,Andrew Svoboda,Andrew Svoboda,,,,
player_60b323908d6b,espn_kaggle,Billy Horschel,Billy Horschel,,,,
player_cdb228898ece,espn_kaggle,Taylor Wood,Taylor Wood,,,,
player_75fae2d16638,espn_kaggle,John Koskinen,John Koskinen,,,,
player_292abd58bf58,espn_kaggle,Dustin White,Dustin White,,,,
player_062b135ecdc3,espn_kaggle,Benjamin Hayes,Benjamin Hayes,,,,
player_b84a4df44cf9,espn_kaggle,Jonathan Moore,Jonathan Moore,,,,
player_0117706c8208,espn_kaggle,Patrick Nagle,Patrick Nagle,,,,
player_021be8033806,espn_kaggle,Oliver Wilson,Oliver Wilson,,,,
player_2401af4bb59b,espn_kaggle,Travis Hurst,Travis Hurst,,,,
player_e59542f17ef7,espn_kaggle,Tadd Fujikawa,Tadd Fujikawa,,,,
player_2bc9f4dace89,espn_kaggle,Michael Derminio,Michael Derminio,,,,
player_1d8a574cedff,espn_kaggle,Madalitso Muthiya,Madalitso Muthiya,,,,
player_e25b2840890d,espn_kaggle,Ryan Baca,Ryan Baca,,,,
player_55568b18afff,espn_kaggle,Andy Bare,Andy Bare,,,,
player_ea7e5efdbe4b,espn_kaggle,Ryan Posey,Ryan Posey,,,,
player_a631ee28e6d5,espn_kaggle,Allen Doyle,Allen Doyle,,,,
player_28913491d75f,espn_kaggle,Brent Delahoussaye,Brent Delahoussaye,,,,
player_490738686ce6,espn_kaggle,Tim Ruddo,Tim Ruddo,,,,
player_86b496373f2f,espn_kaggle,Jody Rokisky,Jody Rokisky,,,,
player_95009fd888f9,espn_kaggle,Peter Uihlein,Peter Uihlein,,,,
player_c19fda5e0281,espn_kaggle,Brett Stegmaier,Brett Stegmaier,,,,
player_0b0128bf4539,espn_kaggle,John Bushka,John Bushka,,,,
player_3c8a6a319550,espn_kaggle,Jamie Lovemark,Jamie Lovemark,,,,
player_afef39812da0,espn_kaggle,Michael Schachner,Michael Schachner,,,,
player_16f9417a5944,espn_kaggle,Scott Baines,Scott Baines,,,,
player_e1d89cc910de,espn_kaggle,Billy Rosinia,Billy Rosinia,,,,
player_fec06ed08ba5,espn_kaggle,Jason Day,Jason Day,,,,
player_799ab65e97cc,espn_kaggle,Curtis Malm,Curtis Malm,,,,
player_1cac45930994,espn_kaggle,Korey Mahoney,Korey Mahoney,,,,
player_bb1c6ff62058,espn_kaggle,John Panek,John Panek,,,,
player_f25afdab23e2,espn_kaggle,Butch Haverland,Butch Haverland,,,,
player_830614997ae5,espn_kaggle,Steven Reilly,Steven Reilly,,,,
player_86edc9f2d770,espn_kaggle,Andres Romero,Andres Romero,,,,
player_732bffcf375f,espn_kaggle,Lee Slattery,Lee Slattery,,,,
player_524025623b86,espn_kaggle,Marius Thorp,Marius Thorp,,,,
player_da5a002a3714,espn_kaggle,Jarrod Lyle,Jarrod Lyle,,,,
player_493b7598fb0f,espn_kaggle,Thomas Aiken,Thomas Aiken,,,,
player_ea09698535fa,espn_kaggle,Darren Parris,Darren Parris,,,,
player_95c9b0f1f85c,espn_kaggle,Adam Bland,Adam Bland,,,,
player_716c023c0724,espn_kaggle,Julien Guerrier,Julien Guerrier,,,,
player_c5a245770f7d,espn_kaggle,Michael Wright,Michael Wright,,,,
player_5e3512fe3394,espn_kaggle,Ross Wellington,Ross Wellington,,,,
player_b89c4dae1ee7,espn_kaggle,Richard Sterne,Richard Sterne,,,,
player_bd4bc4933f28,espn_kaggle,Johan Edfors,Johan Edfors,,,,
player_b4c20f9be7e8,espn_kaggle,Toshinori Muto,Toshinori Muto,,,,
player_666278745022,espn_kaggle,Jim Payne,Jim Payne,,,,
player_8e38873e938b,espn_kaggle,Jamie Donaldson,Jamie Donaldson,,,,
player_31c025e58da8,espn_kaggle,Nick Ludwell,Nick Ludwell,,,,
player_c8527851d16d,espn_kaggle,Tatsuhiko Ichihara,Tatsuhiko Ichihara,,,,
player_63b23727ddb3,espn_kaggle,Warren Bladon,Warren Bladon,,,,
player_f87f3c74f48e,espn_kaggle,Bruce Vaughan,Bruce Vaughan,,,,
player_64f3f74df8db,espn_kaggle,Adam Frayne,Adam Frayne,,,,
player_52ecae00d091,espn_kaggle,Danny Denison,Danny Denison,,,,
player_addf0a3631e6,espn_kaggle,Gary Lockerbie,Gary Lockerbie,,,,
player_5210cb7de416,espn_kaggle,Wayne Perske,Wayne Perske,,,,
player_1349ab59ed64,espn_kaggle,Unho Park,Unho Park,,,,
player_53a6d31f6a13,espn_kaggle,Sam Little,Sam Little,,,,
player_3d4677cf93db,espn_kaggle,Carlos Rodiles,Carlos Rodiles,,,,
player_3a712b623bff,espn_kaggle,Ben Bunny,Ben Bunny,,,,
player_af92a6564434,espn_kaggle,Gary Day,Gary Day,,,,
player_d3222a2312e4,espn_kaggle,Jon Bevan,Jon Bevan,,,,
player_5816f3dd399d,espn_kaggle,David Sanchez,David Sanchez,,,,
player_5c1617f9be73,espn_kaggle,Joe Norman,Joe Norman,,,,
player_d538033d9022,espn_kaggle,J.B. Bump,J.B. Bump,,,,
player_4fa86c82cfc9,espn_kaggle,Doyle Ledbetter,Doyle Ledbetter,,,,
player_26c7e760d347,espn_kaggle,Sean Dadey,Sean Dadey,,,,
player_b4e5c3f0222d,espn_kaggle,Ben Walter,Ben Walter,,,,
player_5aa0d36eb043,espn_kaggle,Andy North,Andy North,,,,
player_40d3b807f373,espn_kaggle,"Tim Cantwell, Jr.","Tim Cantwell, Jr.",,,,
player_ecfe73328d63,espn_kaggle,Bill Kokott,Bill Kokott,,,,
player_606199d0bc93,espn_kaggle,Brian McCann,Brian McCann,,,,
player_2f44f28e9256,espn_kaggle,Andrew Ruthkoski,Andrew Ruthkoski,,,,
player_b3a4f943f30e,espn_kaggle,Nate Gilchrist,Nate Gilchrist,,,,
player_80736a776caa,espn_kaggle,Ian Ziska,Ian Ziska,,,,
player_6532a491ce6e,espn_kaggle,John Dal Corobbo,John Dal Corobbo,,,,
player_f0342c552e58,espn_kaggle,Jim Kane,Jim Kane,,,,
player_c5c5ac80183f,espn_kaggle,Gregory Bisconti,Gregory Bisconti,,,,
player_f98accd67b41,espn_kaggle,Sam Arnold,Sam Arnold,,,,
player_c8d8ed45a978,espn_kaggle,Tatsuhiko Takahashi,Tatsuhiko Takahashi,,,,
player_57ceb9decdfb,espn_kaggle,Rob Oppenheim,Rob Oppenheim,,,,
player_27256b28a60d,espn_kaggle,Mike Carbone,Mike Carbone,,,,
player_9b1be0c507fe,espn_kaggle,Kyle Reifers,Kyle Reifers,,,,
player_07435cd54e09,espn_kaggle,Frank Dully,Frank Dully,,,,
player_7f5779d7a217,espn_kaggle,Michael Welch,Michael Welch,,,,
player_c3c599ba8d9d,espn_kaggle,George Goich,George Goich,,,,
player_18ff90da9046,espn_kaggle,James Burke,James Burke,,,,
player_fd981580807d,espn_kaggle,Victor Ciesielski,Victor Ciesielski,,,,
player_6201e287a773,espn_kaggle,Alan McLean,Alan McLean,,,,
player_35af4ad0c327,espn_kaggle,Brian Guetz,Brian Guetz,,,,
player_ed9dcdb725af,espn_kaggle,Danny King,Danny King,,,,
player_cc9989295ea4,espn_kaggle,Josh Habig,Josh Habig,,,,
player_10061e1ee2eb,espn_kaggle,Todd Halpen,Todd Halpen,,,,
player_6db096fe0e5d,espn_kaggle,Darren Griff,Darren Griff,,,,
player_874dc61771f6,espn_kaggle,James Love,James Love,,,,
player_03003ebc7582,espn_kaggle,Anthony Kim,Anthony Kim,,,,
player_711da23028cd,espn_kaggle,Gregory Bourdy,Gregory Bourdy,,,,
player_81794568f0f1,espn_kaggle,Will Dottley,Will Dottley,,,,
player_cdb1528ee6a9,espn_kaggle,Andres Gonzales,Andres Gonzales,,,,
player_ef608ad62e54,espn_kaggle,Bobby Elliott,Bobby Elliott,,,,
player_db9a6e467373,espn_kaggle,Azuma Yano,Azuma Yano,,,,
player_bcbda86bccaf,espn_kaggle,Craig Lile,Craig Lile,,,,
player_20ca7cfd04ac,espn_kaggle,Joe Daley,Joe Daley,,,,
player_b3cd325633db,espn_kaggle,Ryan Armour,Ryan Armour,,,,
player_7e4d684545a4,espn_kaggle,Brendon de Jonge,Brendon de Jonge,,,,
player_d46dde1002c1,espn_kaggle,Brian Miller,Brian Miller,,,,
player_9161d79e2c74,espn_kaggle,Juvic Pagunsan,Juvic Pagunsan,,,,
player_c4cd4bd37f41,espn_kaggle,David Chin,David Chin,,,,
player_b6f5471f233e,espn_kaggle,Abe Mariano,Abe Mariano,,,,
player_74b0b05a74cd,espn_kaggle,Tom Johnson,Tom Johnson,,,,
player_8e887ea5de5c,espn_kaggle,Ross Marcano,Ross Marcano,,,,
player_fc08c1e62dc0,espn_kaggle,Tim Hogarth,Tim Hogarth,,,,
player_60322fdcc694,espn_kaggle,Jaco Van Zyl,Jaco Van Zyl,,,,
player_d0c5ef75f8a7,espn_kaggle,Michael Boyd,Michael Boyd,,,,
player_b908d7f558dc,espn_kaggle,Alejandro Cañizares,Alejandro Cañizares,,,,
player_a2d60b6ecf05,espn_kaggle,Steve Pellegrine,Steve Pellegrine,,,,
player_9fca9b7d8816,espn_kaggle,Bobby Schultze,Bobby Schultze,,,,
player_442b570fd6b4,espn_kaggle,Steve Conway,Steve Conway,,,,
player_2b8bbfe5ef53,espn_kaggle,Fabrizio Zanotti,Fabrizio Zanotti,,,,
player_a59476f06840,espn_kaggle,Pablo Martin,Pablo Martin,,,,
player_1c1b4b6530a2,espn_kaggle,Wei-Tze Yeh,Wei-Tze Yeh,,,,
player_8de7452c218c,espn_kaggle,Daniel DeLeon,Daniel DeLeon,,,,
player_ea7ad3a90c97,espn_kaggle,Efren Serna Espinoza,Efren Serna Espinoza,,,,
player_52aae14420b1,espn_kaggle,Jose Manuel Lara,Jose Manuel Lara,,,,
player_b1fb4a54bb8b,espn_kaggle,Angel Franco,Angel Franco,,,,
player_4b854866c444,espn_kaggle,Efren Serna,Efren Serna,,,,
player_9e394262d118,espn_kaggle,Chad Kurmel,Chad Kurmel,,,,
player_9c817b76ab44,espn_kaggle,Ryan Howison,Ryan Howison,,,,
player_569798eb9c0f,espn_kaggle,Mark Rummings,Mark Rummings,,,,
player_d3451c3cb97d,espn_kaggle,Andrew Johnson,Andrew Johnson,,,,
player_cb73b63b9666,espn_kaggle,Mike Regner,Mike Regner,,,,
player_d3d0716c90ed,espn_kaggle,Kyle Stanley,Kyle Stanley,,,,
player_d15e312011b8,espn_kaggle,Anton Haig,Anton Haig,,,,
player_df1e7ce95838,espn_kaggle,Prom Meesawat,Prom Meesawat,,,,
player_acc5d37a896b,espn_kaggle,Corbin King,Corbin King,,,,
player_735182abd29b,espn_kaggle,John M. Kelly,John M. Kelly,,,,
player_feeb95251e61,espn_kaggle,Richie Ramsay,Richie Ramsay,,,,
player_bfd9fc7d45be,espn_kaggle,Casey Watabu,Casey Watabu,,,,
player_84c2b81f14c9,espn_kaggle,Dave Womack,Dave Womack,,,,
player_4107dc0ad25c,espn_kaggle,Kevin King (a),Kevin King (a),,,,
player_9e375b8bf07d,espn_kaggle,Michael Smith,Michael Smith,,,,
player_65cb836b8f3c,espn_kaggle,Mike Lawrence,Mike Lawrence,,,,
player_c023996ff53f,espn_kaggle,Derek Abel,Derek Abel,,,,
player_169bccf99a54,espn_kaggle,Colt Knost,Colt Knost,,,,
player_f9891216c470,espn_kaggle,Scott Abbott,Scott Abbott,,,,
player_989ef8dce83b,espn_kaggle,Craig Pullen,Craig Pullen,,,,
player_7957050e1727,espn_kaggle,Todd Demsey,Todd Demsey,,,,
player_26cb93a202b1,espn_kaggle,Robert Dinwiddie,Robert Dinwiddie,,,,
player_70273ce93384,espn_kaggle,Tommy Gainey,Tommy Gainey,,,,
player_600154f48b8d,espn_kaggle,Bill McDonald,Bill McDonald,,,,
player_4b9d53ced9f5,espn_kaggle,Steve Isley,Steve Isley,,,,
player_d756519b613c,espn_kaggle,Chip Deason,Chip Deason,,,,
player_5d2cecf1c5c5,espn_kaggle,Andy Choi,Andy Choi,,,,
player_eecc2b02fe95,espn_kaggle,Ty Harris,Ty Harris,,,,
player_54aa14c00a68,espn_kaggle,Kelvin Burgin,Kelvin Burgin,,,,
player_805b68b40760,espn_kaggle,Philip Francis,Philip Francis,,,,
player_cead524beb7e,espn_kaggle,Mark Harrell,Mark Harrell,,,,
player_ca08c4404918,espn_kaggle,Nobuhiro Masuda,Nobuhiro Masuda,,,,
player_b34413c42787,espn_kaggle,Warren Pineo,Warren Pineo,,,,
player_cfd4fa9eda70,espn_kaggle,Kyle Dobbs,Kyle Dobbs,,,,
player_f6e2d71f79c8,espn_kaggle,Martin Laird,Martin Laird,,,,
player_b1b81e82372a,espn_kaggle,Michael Berg,Michael Berg,,,,
player_3194f35c5c91,espn_kaggle,Michael Block,Michael Block,,,,
player_209f192a12d2,espn_kaggle,Jason Kokrak,Jason Kokrak,,,,
player_f1594b652348,espn_kaggle,Rhys Davies,Rhys Davies,,,,
player_d3ea0f1023dc,espn_kaggle,Miguel Rodriguez,Miguel Rodriguez,,,,
player_abf9c9020a75,espn_kaggle,Jeff Golden,Jeff Golden,,,,
player_1d1b18731848,espn_kaggle,Andy Matthews,Andy Matthews,,,,
player_ad0aa1553dba,espn_kaggle,Jason Allen,Jason Allen,,,,
player_b4028f67271a,espn_kaggle,Chris Condello,Chris Condello,,,,
player_b102607c9eba,espn_kaggle,Alex Prugh,Alex Prugh,,,,
player_6316064293af,espn_kaggle,Philip Pettitt Jr,Philip Pettitt Jr,,,,
player_42a34dff1242,espn_kaggle,Martin Ureta,Martin Ureta,,,,
player_ffe53a55c7a2,espn_kaggle,Sam Walker,Sam Walker,,,,
player_5ef3e085e9b4,espn_kaggle,Jacob Rogers,Jacob Rogers,,,,
player_1c96bc6ecbdb,espn_kaggle,Richard Lee,Richard Lee,,,,
player_d48bd1a2f22f,espn_kaggle,Brian Hadley,Brian Hadley,,,,
player_fabacf3229da,espn_kaggle,Scott Hebert,Scott Hebert,,,,
player_b5ff730e73ad,espn_kaggle,Matt Harmon,Matt Harmon,,,,
player_cb8cc6aae5fe,espn_kaggle,Brady Schnell,Brady Schnell,,,,
player_d5c392f2d192,espn_kaggle,Bronson La'Cassie,Bronson La'Cassie,,,,
player_3c021c75d6fe,espn_kaggle,Brock Mulder,Brock Mulder,,,,
player_ec9e62552ba8,espn_kaggle,Andrew Parr,Andrew Parr,,,,
player_2733ddfdd958,espn_kaggle,Richard T. Lee,Richard T. Lee,,,,
player_31c717606dac,espn_kaggle,Pelle Edberg,Pelle Edberg,,,,
player_c64f87a7b4b2,espn_kaggle,Rory McIlroy,Rory McIlroy,,,,
player_d21bbdb3ae92,espn_kaggle,Ross Bain,Ross Bain,,,,
player_96e7d706bafb,espn_kaggle,Won Lee,Won Lee,,,,
player_9df278549bc0,espn_kaggle,Matthew Zions,Matthew Zions,,,,
player_cc9e3af6c7c0,espn_kaggle,Drew Weaver,Drew Weaver,,,,
player_d652fa9c4ccb,espn_kaggle,Terry Pilkadaris,Terry Pilkadaris,,,,
player_93473f14d322,espn_kaggle,Grégory Havret,Grégory Havret,,,,
player_ab19ea154224,espn_kaggle,Adilson da Silva,Adilson da Silva,,,,
player_0690ccdf78a9,espn_kaggle,Ross Fisher,Ross Fisher,,,,
player_57b33749f224,espn_kaggle,Achi Sato,Achi Sato,,,,
player_31f337960cdf,espn_kaggle,David Higgins,David Higgins,,,,
player_19d98bc71ea4,espn_kaggle,Francesco Molinari,Francesco Molinari,,,,
player_d0319dd19737,espn_kaggle,Keller Harper,Keller Harper,,,,
player_44fb94a8d976,espn_kaggle,Dave Coupland,Dave Coupland,,,,
player_2f07270acd31,espn_kaggle,Sejin Lee,Sejin Lee,,,,
player_2d4fe712439d,espn_kaggle,Chih-Bing Lam,Chih-Bing Lam,,,,
player_be882d0d9b26,espn_kaggle,David Shacklady,David Shacklady,,,,
player_6e4e5865eccc,espn_kaggle,Paul Waring,Paul Waring,,,,
player_cb51f7b08293,espn_kaggle,Steven Parry,Steven Parry,,,,
player_208e063f46d6,espn_kaggle,Justin Kehoe,Justin Kehoe,,,,
player_ef5659a43fdf,espn_kaggle,Llewellyn Matthews,Llewellyn Matthews,,,,
player_a01cd5e6199c,espn_kaggle,David Gleeson,David Gleeson,,,,
player_76cb8f865cf3,espn_kaggle,Adam Groom,Adam Groom,,,,
player_edd79c984d4b,espn_kaggle,Ewan Porter,Ewan Porter,,,,
player_a4c8609f238b,espn_kaggle,D.H. Lee,D.H. Lee,,,,
player_04474af6acfc,espn_kaggle,Dong-hwan Lee,Dong-hwan Lee,,,,
player_d27846b104ce,espn_kaggle,Tony Finau,Tony Finau,,,,
player_a4766c4e11c2,espn_kaggle,Graham DeLaet,Graham DeLaet,,,,
player_b9aad7031187,espn_kaggle,Kevin Senecal,Kevin Senecal,,,,
player_c772a3c66581,espn_kaggle,Liang Wen-Chong,Liang Wen-Chong,,,,
player_67c93c0326f7,espn_kaggle,Ryan Benzel,Ryan Benzel,,,,
player_dc3043c54e13,espn_kaggle,John O'Leary,John O'Leary,,,,
player_38706506facf,espn_kaggle,Robert Gaus,Robert Gaus,,,,
player_a0e9c4a8275c,espn_kaggle,Butch Sheehan,Butch Sheehan,,,,
player_713662fbaaa8,espn_kaggle,Matt Call,Matt Call,,,,
player_e715518fe6ad,espn_kaggle,William Amundsen,William Amundsen,,,,
player_1f5e12f9070b,espn_kaggle,Bob McGrath,Bob McGrath,,,,
player_6db9a306d06e,espn_kaggle,Micah Rudosky,Micah Rudosky,,,,
player_3666a0a35faa,espn_kaggle,Erik Wolf,Erik Wolf,,,,
player_1f8e07845460,espn_kaggle,Matt Seitz,Matt Seitz,,,,
player_ff1a51aa3836,espn_kaggle,Ryan Blaum,Ryan Blaum,,,,
player_271e0daac86c,espn_kaggle,William McGirt,William McGirt,,,,
player_823e15582957,espn_kaggle,Chris Kirk,Chris Kirk,,,,
player_9e8cf9548ac8,espn_kaggle,Chris Taylor,Chris Taylor,,,,
player_fc13878d84f9,espn_kaggle,Chris Dillow,Chris Dillow,,,,
player_f0c5ea22d0ca,espn_kaggle,Dustin Johnson,Dustin Johnson,,,,
player_9fddd3ebaf5d,espn_kaggle,Paul Trittler,Paul Trittler,,,,
player_2feb7ffd5ff1,espn_kaggle,Niklas Lemke,Niklas Lemke,,,,
player_1639e4042f1e,espn_kaggle,Derek Fathauer,Derek Fathauer,,,,
player_6f6c5ad7f88a,espn_kaggle,Ryan Garrity,Ryan Garrity,,,,
player_b0443e05487b,espn_kaggle,Daryl Fathauer,Daryl Fathauer,,,,
player_7f9e9eb786ff,espn_kaggle,Travis Perkins,Travis Perkins,,,,
player_0c79b47022b6,espn_kaggle,David Lutterus,David Lutterus,,,,
player_a2206b1b9dc2,espn_kaggle,Miguel Angel Carballo,Miguel Angel Carballo,,,,
player_564dc7a51659,espn_kaggle,Kris Blanks,Kris Blanks,,,,
player_57950f840774,espn_kaggle,Rick Price,Rick Price,,,,
player_dff6658ead36,espn_kaggle,Jonathan Fricke,Jonathan Fricke,,,,
player_d51e5151d7f6,espn_kaggle,John Kimbell,John Kimbell,,,,
player_98773ea7672c,espn_kaggle,Oskar Bergman,Oskar Bergman,,,,
player_2b71e337f63a,espn_kaggle,Sebastian Fernandez,Sebastian Fernandez,,,,
player_fc151b6b57c4,espn_kaggle,Garrett Osborn,Garrett Osborn,,,,
player_d27fbfafbb3f,espn_kaggle,Darren Angel,Darren Angel,,,,
player_68bf0a665990,espn_kaggle,JJ Killeen,JJ Killeen,,,,
player_e16af3b8ed5d,espn_kaggle,Andrew Bonhomme,Andrew Bonhomme,,,,
player_27365da07ceb,espn_kaggle,Scott Gordon,Scott Gordon,,,,
player_2e93ce207d90,espn_kaggle,Garth Mulroy,Garth Mulroy,,,,
player_07720a19003c,espn_kaggle,Tee McCabe,Tee McCabe,,,,
player_07fd06539848,espn_kaggle,Josh Broadaway,Josh Broadaway,,,,
player_8ad1e670676c,espn_kaggle,Jim Herman,Jim Herman,,,,
player_b4325336d123,espn_kaggle,Tyler Aldridge,Tyler Aldridge,,,,
player_1c52e650a619,espn_kaggle,Bryan DeCorso,Bryan DeCorso,,,,
player_54352e85d3a7,espn_kaggle,Brad Weesner,Brad Weesner,,,,
player_ae6e509c96e1,espn_kaggle,Daniel Summerhays,Daniel Summerhays,,,,
player_ca93a5596152,espn_kaggle,Matt Bettencourt,Matt Bettencourt,,,,
player_e9ff51bcf912,espn_kaggle,Dave Schultz,Dave Schultz,,,,
player_29a4f0beeee2,espn_kaggle,Nick Malinowski,Nick Malinowski,,,,
player_593be999466e,espn_kaggle,Gibby Gilbert III,Gibby Gilbert III,,,,
player_89c5a3396bbd,espn_kaggle,Brendan Steele,Brendan Steele,,,,
player_d7baacc18635,espn_kaggle,Tyler Williamson,Tyler Williamson,,,,
player_de0a0e4c5f11,espn_kaggle,Jon Rusk,Jon Rusk,,,,
player_6566602e765f,espn_kaggle,Bradley Iles,Bradley Iles,,,,
player_f559a9384279,espn_kaggle,Adam Fox,Adam Fox,,,,
player_225546218bf6,espn_kaggle,Christo Greyling,Christo Greyling,,,,
player_28f79c8bc5fd,espn_kaggle,Zoran Zorkic,Zoran Zorkic,,,,
player_6e0247def633,espn_kaggle,Randy Leen,Randy Leen,,,,
player_73484836c43a,espn_kaggle,Chad Ginn,Chad Ginn,,,,
player_31f7a9e0c4b6,espn_kaggle,Wade Ormsby,Wade Ormsby,,,,
player_d2752c4de131,espn_kaggle,Brian Stuard,Brian Stuard,,,,
player_9ae91b7a8e49,espn_kaggle,Reid Edstrom,Reid Edstrom,,,,
player_15d793e2200c,espn_kaggle,Brendon Todd,Brendon Todd,,,,
player_f589105d9c1b,espn_kaggle,Mike Wendling,Mike Wendling,,,,
player_c84b94052ed8,espn_kaggle,Brad Lamb,Brad Lamb,,,,
player_4f4bba1acc60,espn_kaggle,Jeremy Pope,Jeremy Pope,,,,
player_985cb587023e,espn_kaggle,Steve Hart,Steve Hart,,,,
player_31e486c11fbb,espn_kaggle,Kieran Staunton,Kieran Staunton,,,,
player_e6fb6e1cc61b,espn_kaggle,Keith Nolan,Keith Nolan,,,,
player_0d9d54b6476d,espn_kaggle,Kelly Sellers,Kelly Sellers,,,,
player_47ffb5a3378e,espn_kaggle,Mitsuhiro Tateyama,Mitsuhiro Tateyama,,,,
player_2e23e8b6b131,espn_kaggle,Alex Ching,Alex Ching,,,,
player_5ab3f2532a3c,espn_kaggle,Marc Turnesa,Marc Turnesa,,,,
player_87f41ef34d3b,espn_kaggle,Michael Letzig,Michael Letzig,,,,
player_116b7b60712b,espn_kaggle,Mathew Kodama,Mathew Kodama,,,,
player_10096ab86107,espn_kaggle,Peter Campbell,Peter Campbell,,,,
player_f8f17130aca6,espn_kaggle,Kenny Kim,Kenny Kim,,,,
player_979f12ac43cc,espn_kaggle,Paul Wise,Paul Wise,,,,
player_70ca3213db72,espn_kaggle,Mike Wilson,Mike Wilson,,,,
player_27cac318b87d,espn_kaggle,Drew Scott,Drew Scott,,,,
player_6d23cedc7a81,espn_kaggle,Alvaro Quiros,Alvaro Quiros,,,,
player_f4ec1e9e1a7c,espn_kaggle,J.T. Kohut,J.T. Kohut,,,,
player_ef2529008a87,espn_kaggle,Santiago Luna,Santiago Luna,,,,
player_090d5d83e91e,espn_kaggle,José de Jesús Rodríguez,José de Jesús Rodríguez,,,,
player_6e993cced27f,espn_kaggle,Santiago Cavanagh,Santiago Cavanagh,,,,
player_8ed2392fb3b1,espn_kaggle,Jim Renner,Jim Renner,,,,
player_f8d51bada936,espn_kaggle,Patrick Olive,Patrick Olive,,,,
player_2628b35cf594,espn_kaggle,Martin Kaymer,Martin Kaymer,,,,
player_c17d65d60efa,espn_kaggle,S.S.P. Chawrasia,S.S.P. Chawrasia,,,,
player_01c042ddd6aa,espn_kaggle,Chapchai Nirat,Chapchai Nirat,,,,
player_db2c7b3f1f02,espn_kaggle,Diego Vanegas,Diego Vanegas,,,,
player_7b29695dffd1,espn_kaggle,Miguel Suarez,Miguel Suarez,,,,
player_c36df57b3fda,espn_kaggle,Rafael Campos,Rafael Campos,,,,
player_4a30ea783392,espn_kaggle,Max Alveiro,Max Alveiro,,,,
player_b5deb1df1be8,espn_kaggle,Michael Thompson,Michael Thompson,,,,
player_9bfae9cf2958,espn_kaggle,Prayad Marksaeng,Prayad Marksaeng,,,,
player_211ce962867f,espn_kaggle,Curt Sanders,Curt Sanders,,,,
player_33778453d438,espn_kaggle,Rickie Fowler,Rickie Fowler,,,,
player_4e96fbf0d0a0,espn_kaggle,Mitch Adcock,Mitch Adcock,,,,
player_a6f74eae9636,espn_kaggle,Robert McMillian,Robert McMillian,,,,
player_c5f2b690f977,espn_kaggle,Trevor Murphy,Trevor Murphy,,,,
player_d64852946682,espn_kaggle,Roberto Castro,Roberto Castro,,,,
player_88ab3efc7368,espn_kaggle,Jeff Hull,Jeff Hull,,,,
player_8d216f14d760,espn_kaggle,Doug Dvorak,Doug Dvorak,,,,
player_ba7d5bf89b01,espn_kaggle,Chris Rogers,Chris Rogers,,,,
player_99afcaa4e3cc,espn_kaggle,Lucas Wald,Lucas Wald,,,,
player_7a0805d81e69,espn_kaggle,Andrew Dresser,Andrew Dresser,,,,
player_513c07966eec,espn_kaggle,Ross McGowan,Ross McGowan,,,,
player_c1486bcfc002,espn_kaggle,Nick Taylor,Nick Taylor,,,,
player_109d226f3319,espn_kaggle,Kevin Tway,Kevin Tway,,,,
player_e16c83eec535,espn_kaggle,Travis Bertoni,Travis Bertoni,,,,
player_9ae4a092b011,espn_kaggle,Joey Lamielle,Joey Lamielle,,,,
player_709f2ea0f1f7,espn_kaggle,Charlie Beljan,Charlie Beljan,,,,
player_cd487c4bd50e,espn_kaggle,Kevin Silva,Kevin Silva,,,,
player_80003033eedd,espn_kaggle,Jordan Cox,Jordan Cox,,,,
player_d744c56a89fd,espn_kaggle,Jay Choi,Jay Choi,,,,
player_ce6dc2f7225a,espn_kaggle,Jeff Wilson,Jeff Wilson,,,,
player_d18c195836e6,espn_kaggle,Jeffrey Bors,Jeffrey Bors,,,,
player_683168ec81c4,espn_kaggle,Philippe Gasnier,Philippe Gasnier,,,,
player_32d07d758b32,espn_kaggle,Yohann Benson,Yohann Benson,,,,
player_b10df88a83c5,espn_kaggle,Bobby Collins,Bobby Collins,,,,
player_fbbb55b40192,espn_kaggle,Garrett Chaussard,Garrett Chaussard,,,,
player_d40078fe076d,espn_kaggle,Artemio Murakami,Artemio Murakami,,,,
player_d5ec9eeb7af7,espn_kaggle,Jimmy Henderson,Jimmy Henderson,,,,
player_3e28247c73ec,espn_kaggle,Fernando Figueroa,Fernando Figueroa,,,,
player_629b45f8921c,espn_kaggle,Brian Bergstol,Brian Bergstol,,,,
player_0e312770162c,espn_kaggle,Michael Quagliano,Michael Quagliano,,,,
player_50647f1ca88a,espn_kaggle,Chris Devlin,Chris Devlin,,,,
player_921eb229ce13,espn_kaggle,Peter Karmis,Peter Karmis,,,,
player_fcc82251b273,espn_kaggle,Fran Quinn,Fran Quinn,,,,
player_277deda31e09,espn_kaggle,Andrew Gruss,Andrew Gruss,,,,
player_b162b0d0b853,espn_kaggle,Jake Roos,Jake Roos,,,,
player_6642edf422c9,espn_kaggle,Jeff Cuzzort,Jeff Cuzzort,,,,
player_274ab294978b,espn_kaggle,Chad Proehl,Chad Proehl,,,,
player_7151215bfe06,espn_kaggle,Brian Carroll,Brian Carroll,,,,
player_c80a8d31395d,espn_kaggle,Chris Wood,Chris Wood,,,,
player_067642f35b90,espn_kaggle,Thomas Sherreard,Thomas Sherreard,,,,
player_76e50f84130f,espn_kaggle,Alex Noren,Alex Noren,,,,
player_21543b31f666,espn_kaggle,Ariel Canete,Ariel Canete,,,,
player_42c060ef5176,espn_kaggle,Richard Finch,Richard Finch,,,,
player_fbf65212bdfb,espn_kaggle,David Horsey,David Horsey,,,,
player_94683c41b184,espn_kaggle,Jean-Baptiste Gonnet,Jean-Baptiste Gonnet,,,,
player_6a81f689539c,espn_kaggle,Martin Wiegele,Martin Wiegele,,,,
player_46f552f0d1a6,espn_kaggle,Pablo Larrazábal,Pablo Larrazábal,,,,
player_16522eeb4385,espn_kaggle,Josh Cunliffe,Josh Cunliffe,,,,
player_54f2abf0f834,espn_kaggle,Damien McGrane,Damien McGrane,,,,
player_7fe2375656fb,espn_kaggle,Peter Appleyard,Peter Appleyard,,,,
player_30046c9601b9,espn_kaggle,Andrew Tampion,Andrew Tampion,,,,
player_f39022b1d6f6,espn_kaggle,Benjamin Hebert,Benjamin Hebert,,,,
player_08bddd25c6f0,espn_kaggle,Gary Boyd,Gary Boyd,,,,
player_fc0d28763f26,espn_kaggle,Angelo Que,Angelo Que,,,,
player_a1ff5212edec,espn_kaggle,Rohan Blizard (a),Rohan Blizard (a),,,,
player_658e8016195c,espn_kaggle,Scott Strange,Scott Strange,,,,
player_b6137670ba9c,espn_kaggle,Jamie Elson,Jamie Elson,,,,
player_7421b7978298,espn_kaggle,Reinier Saxton,Reinier Saxton,,,,
player_b4294094607f,espn_kaggle,Hiroshi Iwata,Hiroshi Iwata,,,,
player_c5cf179ff8aa,espn_kaggle,Michio Matsumura,Michio Matsumura,,,,
player_d0f7bb1409d3,espn_kaggle,Adam Blyth,Adam Blyth,,,,
player_9f009a65b263,espn_kaggle,Philip Walton,Philip Walton,,,,
player_908472272c86,espn_kaggle,Shintaro Kai,Shintaro Kai,,,,
player_16bedcca35f1,espn_kaggle,Jamie Howarth,Jamie Howarth,,,,
player_91292c0e3374,espn_kaggle,Dan Woltman,Dan Woltman,,,,
player_a303201b7c34,espn_kaggle,Josh Esler,Josh Esler,,,,
player_23f0a71917a0,espn_kaggle,Mike Johnston,Mike Johnston,,,,
player_b12f68aab2bf,espn_kaggle,Mike Johnson,Mike Johnson,,,,
player_d638bab600d0,espn_kaggle,Dustin Risdon,Dustin Risdon,,,,
player_1bee44025d53,espn_kaggle,Michael Knight,Michael Knight,,,,
player_31d6da6ea26c,espn_kaggle,Daniel Im,Daniel Im,,,,
player_7d0f908db481,espn_kaggle,Charlie Woo,Charlie Woo,,,,
player_92c1437ae1dc,espn_kaggle,Jacob Scriven,Jacob Scriven,,,,
player_adabe028263d,espn_kaggle,Eric Landreville,Eric Landreville,,,,
player_df99e2ec3da0,espn_kaggle,Chang Wan Woo,Chang Wan Woo,,,,
player_4dec341d565d,espn_kaggle,Rob Grube,Rob Grube,,,,
player_4357bd5aaa34,espn_kaggle,Lance Ten Broeck,Lance Ten Broeck,,,,
player_46b17028c5f5,espn_kaggle,"Frank Esposito, Jr.","Frank Esposito, Jr.",,,,
player_b17df25a5907,espn_kaggle,Jim Estes,Jim Estes,,,,
player_dfb0e2cfeded,espn_kaggle,Kyle Flinton,Kyle Flinton,,,,
player_a9b093362b78,espn_kaggle,Bradley Martin,Bradley Martin,,,,
player_981b4218e8cc,espn_kaggle,Eric Dugas,Eric Dugas,,,,
player_f2791ed845ed,espn_kaggle,David Long,David Long,,,,
player_0fd6d0a34d77,espn_kaggle,Brad Dean,Brad Dean,,,,
player_d503deb4e6fc,espn_kaggle,Danny Lee,Danny Lee,,,,
player_bf528a66df88,espn_kaggle,Stephen Poole,Stephen Poole,,,,
player_2abd976814ab,espn_kaggle,Savio Nazareth,Savio Nazareth,,,,
player_8a54dee7e917,espn_kaggle,Kevin Chappell,Kevin Chappell,,,,
player_3ee821ff45b3,espn_kaggle,Cameron Peck,Cameron Peck,,,,
player_6588d64d97e8,espn_kaggle,Jay Woodson,Jay Woodson,,,,
player_f8c1aa951875,espn_kaggle,Robin Smith,Robin Smith,,,,
player_dd341f880790,espn_kaggle,Steve Wilson,Steve Wilson,,,,
player_64712c87d31b,espn_kaggle,Patton Kizzire,Patton Kizzire,,,,
player_ec06a3c93008,espn_kaggle,Abs Mawjii,Abs Mawjii,,,,
player_dc964d15f0df,espn_kaggle,Jeff Reader,Jeff Reader,,,,
player_7cce80a01152,espn_kaggle,Ben Fox,Ben Fox,,,,
player_1f06309d255c,espn_kaggle,Wesley Graham,Wesley Graham,,,,
player_73a0dc3cb80e,espn_kaggle,Matthew Kohn,Matthew Kohn,,,,
player_855e670cb8a5,espn_kaggle,James Nitties,James Nitties,,,,
player_c165d5da0b25,espn_kaggle,James Oh,James Oh,,,,
player_56da0b37953a,espn_kaggle,Matthew Borchert,Matthew Borchert,,,,
player_95cda49b9d12,espn_kaggle,Gary Woodland,Gary Woodland,,,,
player_7efabf8257cc,espn_kaggle,Brian Vranesh,Brian Vranesh,,,,
player_f35fddc80c8a,espn_kaggle,Jonas Blixt,Jonas Blixt,,,,
player_ae2e244df2c7,espn_kaggle,Jeff Curl,Jeff Curl,,,,
player_2fcf98b19a12,espn_kaggle,Martin Piller,Martin Piller,,,,
player_57dd53cfc181,espn_kaggle,Drew Laning,Drew Laning,,,,
player_62f0eca5437f,espn_kaggle,Joseph Sykora,Joseph Sykora,,,,
player_6e3af3fa54a0,espn_kaggle,Brennan Webb,Brennan Webb,,,,
player_b0517a7f490d,espn_kaggle,Major Manning,Major Manning,,,,
player_f8f0075c3f1c,espn_kaggle,Brian Smock,Brian Smock,,,,
player_459c284b8acd,espn_kaggle,Ryan Cobb,Ryan Cobb,,,,
player_aa68b56d82e2,espn_kaggle,Sangmoon Bae,Sangmoon Bae,,,,
player_86b671e24d8b,espn_kaggle,Scott Gardiner,Scott Gardiner,,,,
player_d02d793b9e73,espn_kaggle,Dong Yi,Dong Yi,,,,
player_786cd287584c,espn_kaggle,Scott Fawcett,Scott Fawcett,,,,
player_4a819f7f38da,espn_kaggle,Brian Duncan,Brian Duncan,,,,
player_27ba5591e7ef,espn_kaggle,Erick Justesen,Erick Justesen,,,,
player_8de7dab5e791,espn_kaggle,Gary Christian,Gary Christian,,,,
player_05ca49ef99b6,espn_kaggle,Jason Enloe,Jason Enloe,,,,
player_fb0100d8b37d,espn_kaggle,Michael Sims,Michael Sims,,,,
player_a19571d47e52,espn_kaggle,Ted Oh,Ted Oh,,,,
player_6d784873bb34,espn_kaggle,S.S. Hong,S.S. Hong,,,,
player_cfa37c880113,espn_kaggle,Casey DeVoll,Casey DeVoll,,,,
player_633786ab90ca,espn_kaggle,Troy Merritt,Troy Merritt,,,,
player_87c10b11e97b,espn_kaggle,Brad Golden,Brad Golden,,,,
player_79864fecdb0c,espn_kaggle,Steven Taylor,Steven Taylor,,,,
player_343bab264d07,espn_kaggle,David Robinson,David Robinson,,,,
player_b99c4826b300,espn_kaggle,Brandon Brown,Brandon Brown,,,,
player_6f3844c58583,espn_kaggle,Justin Walters,Justin Walters,,,,
player_ceadfc0d3b17,espn_kaggle,David Skinns,David Skinns,,,,
player_2a68e36d6e2f,espn_kaggle,Jerod Turner,Jerod Turner,,,,
player_64080c80af07,espn_kaggle,James Drew,James Drew,,,,
player_49e145b207b5,espn_kaggle,Jesse Mueller,Jesse Mueller,,,,
player_8aff5196669b,espn_kaggle,Kent Eger,Kent Eger,,,,
player_011c5df418d2,espn_kaggle,Nick Beach,Nick Beach,,,,
player_2046b479c10f,espn_kaggle,Marc Leishman,Marc Leishman,,,,
player_673c14268ede,espn_kaggle,Junpei Takayama,Junpei Takayama,,,,
player_9176e4a9306d,espn_kaggle,Lorens Chan,Lorens Chan,,,,
player_36317e42751e,espn_kaggle,John Lepak,John Lepak,,,,
player_47dfdbffedb1,espn_kaggle,Mike Miles,Mike Miles,,,,
player_3f57b817d93d,espn_kaggle,Dean Vomacka,Dean Vomacka,,,,
player_f9b2f486d400,espn_kaggle,Gregor Main,Gregor Main,,,,
player_dc65c66f4270,espn_kaggle,Courtland Lowe,Courtland Lowe,,,,
player_787fa82c64cb,espn_kaggle,Josh Anderson,Josh Anderson,,,,
player_3b4d61fbe3ea,espn_kaggle,Kevin Larsen,Kevin Larsen,,,,
player_fcee2c1ceb6c,espn_kaggle,Anthony Smith,Anthony Smith,,,,
player_9da430279ebc,espn_kaggle,Joel Sjöholm,Joel Sjöholm,,,,
player_a08344e64dd6,espn_kaggle,Zack Miller,Zack Miller,,,,
player_6952d15eb225,espn_kaggle,Jason Schmuhl,Jason Schmuhl,,,,
player_ce42a49a8b36,espn_kaggle,Ryo Ishikawa,Ryo Ishikawa,,,,
player_755344e8def8,espn_kaggle,Vincent Johnson,Vincent Johnson,,,,
player_8c6b66075507,espn_kaggle,Mauricio Azcue,Mauricio Azcue,,,,
player_2edea8e18dbe,espn_kaggle,Wen-Tang Lin,Wen-Tang Lin,,,,
player_aaf7697f18ea,espn_kaggle,Alan Wagner,Alan Wagner,,,,
player_15aa6470e2f2,espn_kaggle,Manuel Villegas,Manuel Villegas,,,,
player_0708e48febb7,espn_kaggle,Felipe Aguilar,Felipe Aguilar,,,,
player_51904471f843,espn_kaggle,Tano Goya,Tano Goya,,,,
player_b44221c2ca8a,espn_kaggle,Max Alverio (a),Max Alverio (a),,,,
player_0669e4268ba1,espn_kaggle,Antti Ahokas,Antti Ahokas,,,,
player_67f2d877679e,espn_kaggle,Oscar Fraustro,Oscar Fraustro,,,,
player_31fbe283b9d0,espn_kaggle,Eamonn McLoughlin,Eamonn McLoughlin,,,,
player_69cdac80af1b,espn_kaggle,John Nieporte,John Nieporte,,,,
player_1bd0327335ed,espn_kaggle,Steve Lamontagne,Steve Lamontagne,,,,
player_7bcc61703f68,espn_kaggle,Jack Newman,Jack Newman,,,,
player_ae27262d235b,espn_kaggle,Drew Kittleson,Drew Kittleson,,,,
player_6d8912a738ac,espn_kaggle,Mark Anderson,Mark Anderson,,,,
player_ff036495920b,espn_kaggle,Cory Schneider,Cory Schneider,,,,
player_b7222862991f,espn_kaggle,Bobby Gates,Bobby Gates,,,,
player_e9e89c0f8209,espn_kaggle,Steve Dartnall,Steve Dartnall,,,,
player_0d48dc4f3bbe,espn_kaggle,James Kamte,James Kamte,,,,
player_e205656be3fc,espn_kaggle,Chris Wilson,Chris Wilson,,,,
player_73f22aa87f9d,espn_kaggle,Rob Garland,Rob Garland,,,,
player_ab8bf3c0d18f,espn_kaggle,Jean-Francois Lucquin,Jean-Francois Lucquin,,,,
player_75368c56c855,espn_kaggle,Nathan Tyler,Nathan Tyler,,,,
player_179cdfa78ce4,espn_kaggle,Ryan Spears,Ryan Spears,,,,
player_3737cad9abd1,espn_kaggle,Shawn Stefani,Shawn Stefani,,,,
player_509ca986cfbe,espn_kaggle,Richard Bland,Richard Bland,,,,
player_f886407eca02,espn_kaggle,Cameron Tringale,Cameron Tringale,,,,
player_b11b57b15cee,espn_kaggle,Doug Batty,Doug Batty,,,,
player_8820bb82b391,espn_kaggle,Tyson Alexander,Tyson Alexander,,,,
player_d65c74f4b4d9,espn_kaggle,Clark Klaasen,Clark Klaasen,,,,
player_f43a3f45b0be,espn_kaggle,Ben Martin,Ben Martin,,,,
player_ba64823104e8,espn_kaggle,David Erdy,David Erdy,,,,
player_4eb7bd036e19,espn_kaggle,Vaughn Snyder,Vaughn Snyder,,,,
player_f479ed8a7739,espn_kaggle,Kyle Peterman,Kyle Peterman,,,,
player_4d49698a7a11,espn_kaggle,Matt Nagy,Matt Nagy,,,,
player_52984dee58c6,espn_kaggle,Scott Lewis,Scott Lewis,,,,
player_9b7709c2321c,espn_kaggle,Joshua Brock,Joshua Brock,,,,
player_d3107ce9d4d4,espn_kaggle,Martin Catalioto,Martin Catalioto,,,,
player_8de43479ed43,espn_kaggle,Matt Hill,Matt Hill,,,,
player_ff3581836911,espn_kaggle,Mike Van Sickle,Mike Van Sickle,,,,
player_3de33b8a6d3f,espn_kaggle,Zack Sucher,Zack Sucher,,,,
player_6f351c45186e,espn_kaggle,Aaron Krueger,Aaron Krueger,,,,
player_1640aa0a4e1c,espn_kaggle,Matteo Manassero,Matteo Manassero,,,,
player_d137dd5a4d27,espn_kaggle,Branden Grace,Branden Grace,,,,
player_254404bc9adb,espn_kaggle,David Drysdale,David Drysdale,,,,
player_2fecf8fde48f,espn_kaggle,Daniel Gaunt,Daniel Gaunt,,,,
player_9217835bf7bd,espn_kaggle,Josh Geary,Josh Geary,,,,
player_7017b1b05fe3,espn_kaggle,Elliot Saltman,Elliot Saltman,,,,
player_07606296d22f,espn_kaggle,Yuta Ikeda,Yuta Ikeda,,,,
player_496b9b93a18e,espn_kaggle,Gaganjeet Bhullar,Gaganjeet Bhullar,,,,
player_fa7ccf030fae,espn_kaggle,Stephan Gross,Stephan Gross,,,,
player_0d65eb4d6988,espn_kaggle,Rafael Echenique,Rafael Echenique,,,,
player_f99f50fa793f,espn_kaggle,Tim Wood,Tim Wood,,,,
player_34465faeb123,espn_kaggle,Steve Surry,Steve Surry,,,,
player_1da8180daf49,espn_kaggle,Jeremy Kavanagh,Jeremy Kavanagh,,,,
player_cdf8868c46ef,espn_kaggle,Tim Stewart,Tim Stewart,,,,
player_109a8488da3f,espn_kaggle,Thomas Haylock,Thomas Haylock,,,,
player_a671fad6f513,espn_kaggle,Koumei Oda,Koumei Oda,,,,
player_fe02cc0888f5,espn_kaggle,Daniel Wardrop,Daniel Wardrop,,,,
player_54097a45b260,espn_kaggle,Oliver Fisher,Oliver Fisher,,,,
player_ff9da2ba21e7,espn_kaggle,Peter Ellebye,Peter Ellebye,,,,
player_050d4711dd77,espn_kaggle,Jaco Ahlers,Jaco Ahlers,,,,
player_cba88a2a7c20,espn_kaggle,Brian Brodell,Brian Brodell,,,,
player_ca75856a13c6,espn_kaggle,Lucas Lee,Lucas Lee,,,,
player_e44e2289bf03,espn_kaggle,Rafael Gomez,Rafael Gomez,,,,
player_15ffc0c82897,espn_kaggle,Hugo León,Hugo León,,,,
player_3d2f5f25393c,espn_kaggle,Cam Burke,Cam Burke,,,,
player_d30b2c07c626,espn_kaggle,Graham Baillargeon,Graham Baillargeon,,,,
player_dbff0348b3e1,espn_kaggle,Mauricio Molina,Mauricio Molina,,,,
player_9804d9ed7c97,espn_kaggle,Kyle German,Kyle German,,,,
player_c92d87e51487,espn_kaggle,Scott Cashell,Scott Cashell,,,,
player_9047ab967a39,espn_kaggle,Randall Hutchison,Randall Hutchison,,,,
player_aa0bb4561f41,espn_kaggle,Shane Lowry,Shane Lowry,,,,
player_dc2cf77e93b8,espn_kaggle,Yuji Igarashi,Yuji Igarashi,,,,
player_ec29d8347da6,espn_kaggle,Grant Sturgeon,Grant Sturgeon,,,,
player_2c94c94370de,espn_kaggle,Keith Dicciani,Keith Dicciani,,,,
player_d07a1d070501,espn_kaggle,Mark Sheftic,Mark Sheftic,,,,
player_6e98575ac9c2,espn_kaggle,Todd Lancaster,Todd Lancaster,,,,
player_159ef61fba95,espn_kaggle,Brian Gaffney,Brian Gaffney,,,,
player_95c024b90740,espn_kaggle,Kevin Roman,Kevin Roman,,,,
player_c6220c0fbfec,espn_kaggle,Fernando Mechereffe,Fernando Mechereffe,,,,
player_42dda0e22a17,espn_kaggle,Justin Thomas,Justin Thomas,,,,
player_ceffb696e063,espn_kaggle,Bill Anderson,Bill Anderson,,,,
player_33e60c955d3b,espn_kaggle,Simon McGreal,Simon McGreal,,,,
player_abbd923cb19c,espn_kaggle,Tony Saraceno,Tony Saraceno,,,,
player_e768f4f3fce9,espn_kaggle,Wes Weston,Wes Weston,,,,
player_54f914f9d6d6,espn_kaggle,Jake Younan-Wise,Jake Younan-Wise,,,,
player_69e2eff0ff1b,espn_kaggle,Eric Meierdierks,Eric Meierdierks,,,,
player_a237a0a69000,espn_kaggle,Haymes Snedeker,Haymes Snedeker,,,,
player_ed71d92193d9,espn_kaggle,Julien Trudeau,Julien Trudeau,,,,
player_e57a99b00473,espn_kaggle,Scott Stallings,Scott Stallings,,,,
player_6745868950f3,espn_kaggle,Kevin Kisner,Kevin Kisner,,,,
player_0b43ce577e12,espn_kaggle,James Hahn,James Hahn,,,,
player_890d04553275,espn_kaggle,Keegan Bradley,Keegan Bradley,,,,
player_100016695d9b,espn_kaggle,Ted Brown,Ted Brown,,,,
player_830b715dc12d,espn_kaggle,Dan Buchner,Dan Buchner,,,,
player_51bce020f592,espn_kaggle,Scott Brown,Scott Brown,,,,
player_6ad14140cb5b,espn_kaggle,Barrett Jarosch,Barrett Jarosch,,,,
player_e98eb18e9b9f,espn_kaggle,Bobby MacWhinnie,Bobby MacWhinnie,,,,
player_408e6efcf4db,espn_kaggle,Brice Garnett,Brice Garnett,,,,
player_0d6f88d84846,espn_kaggle,Jesse Hutchins,Jesse Hutchins,,,,
player_a9248b1dccb7,espn_kaggle,Sung Kang,Sung Kang,,,,
player_8d309cd96bc5,espn_kaggle,Ted Potter Jr.,Ted Potter Jr.,,,,
player_050f1ffb6e96,espn_kaggle,Jamie Arnold,Jamie Arnold,,,,
player_e3c72d47ae0d,espn_kaggle,Tyrone Van Aswegen,Tyrone Van Aswegen,,,,
player_a8117f870b18,espn_kaggle,Emmett Turner,Emmett Turner,,,,
player_2cd3a754eb55,espn_kaggle,Ray Beaufils,Ray Beaufils,,,,
player_26454db4d978,espn_kaggle,Alex Hamilton,Alex Hamilton,,,,
player_716e44d157fb,espn_kaggle,Blaine Peffley,Blaine Peffley,,,,
player_71ff67593d8d,espn_kaggle,Steve Holmes,Steve Holmes,,,,
player_5445ec439e85,espn_kaggle,Jay McLuen,Jay McLuen,,,,
player_49634af1a6af,espn_kaggle,Robert Gwin,Robert Gwin,,,,
player_050f885d7e88,espn_kaggle,Jarett Hamamoto,Jarett Hamamoto,,,,
player_4d1582bc68f1,espn_kaggle,Chris Mundorf,Chris Mundorf,,,,
player_cfc028df05b3,espn_kaggle,Keven Fortin-Simard,Keven Fortin-Simard,,,,
player_cc8732147548,espn_kaggle,Brett Lederer,Brett Lederer,,,,
player_64cc18ea4f0c,espn_kaggle,Grant Leaver,Grant Leaver,,,,
player_dbc5548713bd,espn_kaggle,Sunny Kim,Sunny Kim,,,,
player_ccf7a2648f25,espn_kaggle,Daniel Barbetti,Daniel Barbetti,,,,
player_9e9f52e4acf7,espn_kaggle,Alistair Presnell,Alistair Presnell,,,,
player_da8a66dd98aa,espn_kaggle,Fabián Gómez,Fabián Gómez,,,,
player_b99d534f446a,espn_kaggle,Blake Adams,Blake Adams,,,,
player_be4ce8207e31,espn_kaggle,Wen-Chong Liang,Wen-Chong Liang,,,,
player_db8267b0d398,espn_kaggle,Ryuichi Oda,Ryuichi Oda,,,,
player_6f36c4a88418,espn_kaggle,Aaron Goldberg,Aaron Goldberg,,,,
player_2fc5795ff560,espn_kaggle,T.J. Kua,T.J. Kua,,,,
player_79de5b1734d8,espn_kaggle,Nick Mason,Nick Mason,,,,
player_99c2f7b2aa54,espn_kaggle,Blake Trimble,Blake Trimble,,,,
player_0ef53bf1ad69,espn_kaggle,Gunner Wiebe,Gunner Wiebe,,,,
player_cb6952205987,espn_kaggle,Estanislao Guerrero,Estanislao Guerrero,,,,
player_358cba9c60ee,espn_kaggle,Joshua Wooding,Joshua Wooding,,,,
player_42e90d2b9bd9,espn_kaggle,Jeff Templeton,Jeff Templeton,,,,
player_19fc9ced01f4,espn_kaggle,Jose Trauwitz,Jose Trauwitz,,,,
player_07e0e163bf9f,espn_kaggle,Pedro Oriol,Pedro Oriol,,,,
player_328ed29358e5,espn_kaggle,Jorge Campillo,Jorge Campillo,,,,
player_db1316a601f3,espn_kaggle,Guillermo Davila,Guillermo Davila,,,,
player_7d0f18e779e5,espn_kaggle,Braxton Marquez,Braxton Marquez,,,,
player_8dbcd0edfcbd,espn_kaggle,Perry Moss,Perry Moss,,,,
player_c5f19d6c9d4f,espn_kaggle,Peter Gustafsson,Peter Gustafsson,,,,
player_4cc7d2460c7a,espn_kaggle,John Bloomfield,John Bloomfield,,,,
player_4db48e4be63f,espn_kaggle,Cesar Costilla,Cesar Costilla,,,,
player_b52ca884151f,espn_kaggle,Eric Morales,Eric Morales,,,,
player_4c74d20f865f,espn_kaggle,Julio Santos,Julio Santos,,,,
player_e0307c45141a,espn_kaggle,Byeong Hun An,Byeong Hun An,,,,
player_6534e33fe054,espn_kaggle,Mike Keymont,Mike Keymont,,,,
player_2d5e722daea4,espn_kaggle,Brad Benjamin (a),Brad Benjamin (a),,,,
player_3f370a225522,espn_kaggle,Bud Cauley,Bud Cauley,,,,
player_8aed8ae1e51c,espn_kaggle,Scott Medlin,Scott Medlin,,,,
player_b80c6f327bab,espn_kaggle,Matt Fast,Matt Fast,,,,
player_03d0ec34818d,espn_kaggle,Tyson Shinaut,Tyson Shinaut,,,,
player_a3a78b360b2d,espn_kaggle,Willis Ring,Willis Ring,,,,
player_79f817d5c151,espn_kaggle,Jeff Peck,Jeff Peck,,,,
player_22ed4c160ded,espn_kaggle,Gene Williams,Gene Williams,,,,
player_87d203421896,espn_kaggle,Thomas Kearney,Thomas Kearney,,,,
player_d71bb3083b11,espn_kaggle,John Little II,John Little II,,,,
player_0ffd438ade91,espn_kaggle,Jordan Spieth,Jordan Spieth,,,,
player_b2f0a3cc3954,espn_kaggle,Trevor Fisher Jr,Trevor Fisher Jr,,,,
player_668541db425d,espn_kaggle,Bobby Hutcherson,Bobby Hutcherson,,,,
player_cbe76b244fcf,espn_kaggle,Christopher Brown,Christopher Brown,,,,
player_e51c37c0a8c5,espn_kaggle,S.Y. Noh,S.Y. Noh,,,,
player_0d0d7719c6f2,espn_kaggle,Michael O'Neal,Michael O'Neal,,,,
player_21b0fffa41b1,espn_kaggle,David Schultz,David Schultz,,,,
player_a63c8b422cfe,espn_kaggle,Scott Moran,Scott Moran,,,,
player_1ad2e3ebc9f3,espn_kaggle,Scott Langley,Scott Langley,,,,
player_f819abe89338,espn_kaggle,Russell Henley,Russell Henley,,,,
player_38b9b026dca1,espn_kaggle,Gareth Maybin,Gareth Maybin,,,,
player_121eb02cda41,espn_kaggle,Jason Preeo,Jason Preeo,,,,
player_02cba6182e7f,espn_kaggle,Hudson Swafford,Hudson Swafford,,,,
player_cae3ddd0b9e2,espn_kaggle,Morgan Hoffmann,Morgan Hoffmann,,,,
player_583c89225660,espn_kaggle,Jon Curran,Jon Curran,,,,
player_b70dc54c4234,espn_kaggle,Joseph Bramlett,Joseph Bramlett,,,,
player_b79175b2eba6,espn_kaggle,James Morrison,James Morrison,,,,
player_9ec98de1371a,espn_kaggle,Andrew Putnam,Andrew Putnam,,,,
player_6ac2c651dda7,espn_kaggle,Rikard Karlberg,Rikard Karlberg,,,,
player_41800cd9532a,espn_kaggle,Kevin Phelan (a),Kevin Phelan (a),,,,
player_97609b8c2f72,espn_kaggle,Travis Hampshire,Travis Hampshire,,,,
player_5c680b8ffddc,espn_kaggle,Dan McCarthy,Dan McCarthy,,,,
player_5bbc46e5a274,espn_kaggle,Alex Martin,Alex Martin,,,,
player_73a6efb719fa,espn_kaggle,Mark Silvers,Mark Silvers,,,,
player_327dcea4417d,espn_kaggle,Bennett Blakeman,Bennett Blakeman,,,,
player_339a0462fbbc,espn_kaggle,Dustin Garza,Dustin Garza,,,,
player_dd48459317b2,espn_kaggle,John Bierkan,John Bierkan,,,,
player_b7d64686fdea,espn_kaggle,Judd Gibb,Judd Gibb,,,,
player_3151089857b4,espn_kaggle,Jin Jeong,Jin Jeong,,,,
player_2c4a3ad24bb7,espn_kaggle,Colm Moriarty,Colm Moriarty,,,,
player_3e81036405cb,espn_kaggle,Kyung Kim,Kyung Kim,,,,
player_c76ea860d39e,espn_kaggle,Zane Scotland,Zane Scotland,,,,
player_7bb573df1eda,espn_kaggle,Eric Chun,Eric Chun,,,,
player_baf114ba097c,espn_kaggle,Paul Streeter,Paul Streeter,,,,
player_34ae7da8e450,espn_kaggle,Kurt Barnes,Kurt Barnes,,,,
player_659762b4f73a,espn_kaggle,Shunsuke Sonoda,Shunsuke Sonoda,,,,
player_7623cab14985,espn_kaggle,Jamie Abbott,Jamie Abbott,,,,
player_ab3725265508,espn_kaggle,Victor Dubuisson,Victor Dubuisson,,,,
player_488022f65576,espn_kaggle,Mark Haastrup,Mark Haastrup,,,,
player_8b98f7779d92,espn_kaggle,Tyrrell Hatton,Tyrrell Hatton,,,,
player_061a3a151aba,espn_kaggle,Jae-Bum Park,Jae-Bum Park,,,,
player_2c14650eda55,espn_kaggle,Gary Clark,Gary Clark,,,,
player_6bfed12b4901,espn_kaggle,Laurie Canter,Laurie Canter,,,,
player_e14a9adb07ce,espn_kaggle,Simon Edwards,Simon Edwards,,,,
player_0b13b5398991,espn_kaggle,Daniel Miernicki,Daniel Miernicki,,,,
player_d574c3b552a0,espn_kaggle,John Chin,John Chin,,,,
player_4e8910a6e282,espn_kaggle,Carlos Concha,Carlos Concha,,,,
player_388d76af4214,espn_kaggle,Adam Hadwin,Adam Hadwin,,,,
player_003c7e973484,espn_kaggle,Chris Ross,Chris Ross,,,,
player_0acedca6fa7f,espn_kaggle,Dave Bunker,Dave Bunker,,,,
player_5839ef30a5ed,espn_kaggle,Beon Yeong Lee,Beon Yeong Lee,,,,
player_1be583704e6e,espn_kaggle,Will Wilcox,Will Wilcox,,,,
player_2b1b8660a629,espn_kaggle,Eugene Wong,Eugene Wong,,,,
player_beaabd15af2f,espn_kaggle,Jeff Puska,Jeff Puska,,,,
player_c7cc39f1dbe9,espn_kaggle,Ben Boudreau,Ben Boudreau,,,,
player_9ab9eab0f775,espn_kaggle,Jonathan Bartlett,Jonathan Bartlett,,,,
player_a103caedb29b,espn_kaggle,Michael Jonzon,Michael Jonzon,,,,
player_37125f372b12,espn_kaggle,Gavin Hall,Gavin Hall,,,,
player_f6827389ae9b,espn_kaggle,Danny Balin,Danny Balin,,,,
player_14228483da31,espn_kaggle,Robert McClellan,Robert McClellan,,,,
player_7c4dcbcc18a2,espn_kaggle,Keith Ohr,Keith Ohr,,,,
player_97f5c3c4885f,espn_kaggle,Danny Willett,Danny Willett,,,,
player_5de0ffa6db26,espn_kaggle,"Jerry Richardson, Jr.","Jerry Richardson, Jr.",,,,
player_1371f1d768d1,espn_kaggle,Brendan Gielow,Brendan Gielow,,,,
player_e174c4cfed15,espn_kaggle,Tanner Kesterson,Tanner Kesterson,,,,
player_3e44d9311e07,espn_kaggle,Eric Shriver,Eric Shriver,,,,
player_bc2a271f5c22,espn_kaggle,Rocky Cleland,Rocky Cleland,,,,
player_5c035d6eba8b,espn_kaggle,Daniel Mitchell,Daniel Mitchell,,,,
player_73cc647d527e,espn_kaggle,Jonathan Randolph,Jonathan Randolph,,,,
player_a97507156498,espn_kaggle,Jordan Payne,Jordan Payne,,,,
player_83a5099c59b4,espn_kaggle,Chase Baldwin,Chase Baldwin,,,,
player_22cff3a4c6b6,espn_kaggle,Danny Wax,Danny Wax,,,,
player_14ccfdc94ada,espn_kaggle,Isaac Weintraub,Isaac Weintraub,,,,
player_96d7bb8ce44e,espn_kaggle,Chris Marin,Chris Marin,,,,
player_32a3cb8b63f8,espn_kaggle,Eddie Olson,Eddie Olson,,,,
player_e46454838e38,espn_kaggle,Marty Jertson,Marty Jertson,,,,
player_4b0a66793d6b,espn_kaggle,Siddikur Rahman,Siddikur Rahman,,,,
player_7efb8fe5db9b,espn_kaggle,Kiradech Aphibarnrat,Kiradech Aphibarnrat,,,,
player_7b7f181adade,espn_kaggle,Andrew Dodt,Andrew Dodt,,,,
player_c37d9c4de75d,espn_kaggle,Pariya Junhasavasdikul,Pariya Junhasavasdikul,,,,
player_b4ac99089057,espn_kaggle,Shaaban Hussin,Shaaban Hussin,,,,
player_86595ec0d747,espn_kaggle,Wu Kang-chun,Wu Kang-chun,,,,
player_679ccc26c250,espn_kaggle,Chao Li,Chao Li,,,,
player_2abd58e2b43f,espn_kaggle,Hao Yuan,Hao Yuan,,,,
player_4bb2c50631dc,espn_kaggle,Mike Perez,Mike Perez,,,,
player_23aa09676bae,espn_kaggle,Nate Smith,Nate Smith,,,,
player_91a6d4887781,espn_kaggle,Bio Kim,Bio Kim,,,,
player_ca84589b6410,espn_kaggle,Matt McQuillan,Matt McQuillan,,,,
player_03e7f39a3c0c,espn_kaggle,Will Strickler,Will Strickler,,,,
player_a68b4ddf8d94,espn_kaggle,Seung Ho Lee,Seung Ho Lee,,,,
player_56c24fe70b8e,espn_kaggle,Luke Hickmott,Luke Hickmott,,,,
player_bfdeb907547f,espn_kaggle,David Lingmerth,David Lingmerth,,,,
player_694691695de7,espn_kaggle,Elliot Gealy,Elliot Gealy,,,,
player_04f200e977b8,espn_kaggle,Brett Waldman,Brett Waldman,,,,
player_587f202afb6d,espn_kaggle,Shawn Jasper,Shawn Jasper,,,,
player_6832627c6405,espn_kaggle,James Sacheck,James Sacheck,,,,
player_e05ffa73d16d,espn_kaggle,Blake Parks,Blake Parks,,,,
player_975e4261a3ab,espn_kaggle,Matthew Giles,Matthew Giles,,,,
player_a114735dd6e9,espn_kaggle,Rahil Gangjee,Rahil Gangjee,,,,
player_ed8c8837a359,espn_kaggle,Todd Bailey,Todd Bailey,,,,
player_33f98a10ec79,espn_kaggle,Clayton Rask,Clayton Rask,,,,
player_2c3ec09e7988,espn_kaggle,Casey Crain,Casey Crain,,,,
player_731361b46beb,espn_kaggle,Dawie van der Walt,Dawie van der Walt,,,,
player_d127dad81376,espn_kaggle,Jimmy Brandt,Jimmy Brandt,,,,
player_be2b45998747,espn_kaggle,Michael Hendry,Michael Hendry,,,,
player_b46dab10a130,espn_kaggle,Brett Swedberg,Brett Swedberg,,,,
player_4614420c9a53,espn_kaggle,Chris Epperson,Chris Epperson,,,,
player_7065a328d122,espn_kaggle,Will Claxton,Will Claxton,,,,
player_edc83ec8d25b,espn_kaggle,Chris Baker,Chris Baker,,,,
player_84c061d56ddc,espn_kaggle,Tyler Leon,Tyler Leon,,,,
player_3df8296b2da3,espn_kaggle,Eric Onesi,Eric Onesi,,,,
player_422cf1e7f559,espn_kaggle,Seath Lauer,Seath Lauer,,,,
player_bd19efd8d264,espn_kaggle,Pablo Acuna,Pablo Acuna,,,,
player_7af5df1d0302,espn_kaggle,WC Liang,WC Liang,,,,
player_162eb31d60f1,espn_kaggle,Hideki Matsuyama,Hideki Matsuyama,,,,
player_646ad28f11ba,espn_kaggle,David Saka,David Saka,,,,
player_1e3d1cc085ba,espn_kaggle,Anthony Paolucci,Anthony Paolucci,,,,
player_868f9684f1d5,espn_kaggle,Brandon Smith,Brandon Smith,,,,
player_dce27d7513d7,espn_kaggle,Federico Garcia,Federico Garcia,,,,
player_3ddcb606c749,espn_kaggle,Oscar Serna,Oscar Serna,,,,
player_11f08668b0da,espn_kaggle,Tomas Cocha,Tomas Cocha,,,,
player_d0a5bd45d8b6,espn_kaggle,Jon McLean,Jon McLean,,,,
player_cff939baee6e,espn_kaggle,Drew Stoltz,Drew Stoltz,,,,
player_c20a72418ec9,espn_kaggle,Inigo Urquizu,Inigo Urquizu,,,,
player_61bc30114e89,espn_kaggle,Efren Serna Jr.,Efren Serna Jr.,,,,
player_6bb370777dff,espn_kaggle,Greg O'Mahony,Greg O'Mahony,,,,
player_39f1c7bac860,espn_kaggle,David S. Bradshaw,David S. Bradshaw,,,,
player_9c1c725e10ba,espn_kaggle,Julián Etulain,Julián Etulain,,,,
player_765d97543da6,espn_kaggle,Jason Hrynkiw,Jason Hrynkiw,,,,
player_1844ec51bb84,espn_kaggle,Diego Velasquez,Diego Velasquez,,,,
player_a3f2116b6d58,espn_kaggle,Jason Roets,Jason Roets,,,,
player_4b0679d78c08,espn_kaggle,Federico Cabrera,Federico Cabrera,,,,
player_6efd33cc412b,espn_kaggle,Kevin Messer,Kevin Messer,,,,
player_3789272f14cc,espn_kaggle,Danny Renfro,Danny Renfro,,,,
player_1527c596b02c,espn_kaggle,George Riley (a),George Riley (a),,,,
player_b1f1ef4a48f3,espn_kaggle,Justin Bardgett,Justin Bardgett,,,,
player_be1ed14389c8,espn_kaggle,Javier Cordova,Javier Cordova,,,,
player_7dfd143a5628,espn_kaggle,Mike Norman,Mike Norman,,,,
player_c4c90013421d,espn_kaggle,Russell Knox,Russell Knox,,,,
player_843819758a11,espn_kaggle,Alex Carpenter,Alex Carpenter,,,,
player_a4333cba48d0,espn_kaggle,Lion Kim,Lion Kim,,,,
player_b86ce9112458,espn_kaggle,David Chung,David Chung,,,,
player_7be7eb80500a,espn_kaggle,Parker LaBarge,Parker LaBarge,,,,
player_ab43f4ec55c9,espn_kaggle,Michael Arnaud,Michael Arnaud,,,,
player_4622afd0e2f8,espn_kaggle,Andrew Loupe,Andrew Loupe,,,,
player_fbfb8ef94b76,espn_kaggle,Lanto Griffin,Lanto Griffin,,,,
player_c4084451ad03,espn_kaggle,Bryan Bigley,Bryan Bigley,,,,
player_0133343f5fca,espn_kaggle,Todd Camplin,Todd Camplin,,,,
player_e08d669399dd,espn_kaggle,Sam Smith,Sam Smith,,,,
player_35f8faed8ab2,espn_kaggle,Rick Woodson,Rick Woodson,,,,
player_e542fcd73ffd,espn_kaggle,Joost Luiten,Joost Luiten,,,,
player_ec2fc9d5acf3,espn_kaggle,Bobby Hudson,Bobby Hudson,,,,
player_eb84edd079f8,espn_kaggle,Patrick Reed,Patrick Reed,,,,
player_9acb46c9958c,espn_kaggle,Steve Lee,Steve Lee,,,,
player_ed368177d1fb,espn_kaggle,Clark Richardson,Clark Richardson,,,,
player_cfc2fffdde12,espn_kaggle,Patrick Cantlay,Patrick Cantlay,,,,
player_0496d29a259b,espn_kaggle,Do-Hoon Kim,Do-Hoon Kim,,,,
player_c93f47e7b0eb,espn_kaggle,Christopher Deforest,Christopher Deforest,,,,
player_896e1a414d1b,espn_kaggle,David May,David May,,,,
player_3d1a543a3463,espn_kaggle,Chris Williams,Chris Williams,,,,
player_8625ac3711fc,espn_kaggle,"Michael Tobiason, Jr.","Michael Tobiason, Jr.",,,,
player_1fa66e1148e0,espn_kaggle,Matthew Edwards,Matthew Edwards,,,,
player_be1035253b60,espn_kaggle,Michael Whitehead,Michael Whitehead,,,,
player_1407fadb4a89,espn_kaggle,Zack Byrd,Zack Byrd,,,,
player_84facee41fa7,espn_kaggle,Michael D. Smith,Michael D. Smith,,,,
player_1f5e22cb026c,espn_kaggle,C.T. Pan,C.T. Pan,,,,
player_7175517dd4ef,espn_kaggle,Dae-hyun Kim,Dae-hyun Kim,,,,
player_265836f07d8f,espn_kaggle,Beau Hossler,Beau Hossler,,,,
player_a36b7d6baca3,espn_kaggle,Adam Long,Adam Long,,,,
player_56193486b944,espn_kaggle,Ryan Nelson,Ryan Nelson,,,,
player_8e96bd150a27,espn_kaggle,Brian Locke,Brian Locke,,,,
player_c6bdccd499df,espn_kaggle,Scott Pinckney,Scott Pinckney,,,,
player_fdd9b27690ce,espn_kaggle,Andreas Hartoe,Andreas Hartoe,,,,
player_cd6572014db6,espn_kaggle,Steve Irwin,Steve Irwin,,,,
player_765ffa73ceed,espn_kaggle,Brett Patterson,Brett Patterson,,,,
player_833e3c6a3548,espn_kaggle,Michael Barbosa,Michael Barbosa,,,,
player_9f7df3d584a5,espn_kaggle,Brian Maurer,Brian Maurer,,,,
player_519780dc7bd9,espn_kaggle,George Coetzee,George Coetzee,,,,
player_5e5a0b2450b1,espn_kaggle,Tom Lewis,Tom Lewis,,,,
player_f638da1745b7,espn_kaggle,Floris De Vries,Floris De Vries,,,,
player_4dda78288f2c,espn_kaggle,Richard McEvoy,Richard McEvoy,,,,
player_814ea050392b,espn_kaggle,Matthew Millar,Matthew Millar,,,,
player_b4ae9b4e7334,espn_kaggle,Junggon Hwang,Junggon Hwang,,,,
player_7428b4eeced8,espn_kaggle,Rick Kulacz,Rick Kulacz,,,,
player_3d718920d85e,espn_kaggle,Bryden MacPherson,Bryden MacPherson,,,,
player_d0c52dbaf38d,espn_kaggle,Peter Whiteford,Peter Whiteford,,,,
player_745770be88c8,espn_kaggle,Neil Schietekat,Neil Schietekat,,,,
player_50790c453ebb,espn_kaggle,Martin Maritz,Martin Maritz,,,,
player_97082bb0e92c,espn_kaggle,Thorbjørn Olesen,Thorbjørn Olesen,,,,
player_7ef47817dc77,espn_kaggle,Lee Corfield,Lee Corfield,,,,
player_8b00ebc4b7d1,espn_kaggle,Lucas Bjerregaard,Lucas Bjerregaard,,,,
player_0c68122dc18b,espn_kaggle,Brad Kennedy,Brad Kennedy,,,,
player_d0069635e3d3,espn_kaggle,Mark Laskey,Mark Laskey,,,,
player_25846fd833a5,espn_kaggle,Scott Jamieson,Scott Jamieson,,,,
player_d34ca86e3bec,espn_kaggle,Simon Lilly,Simon Lilly,,,,
player_be26765895d8,espn_kaggle,Tom Shadbolt,Tom Shadbolt,,,,
player_0916251192c8,espn_kaggle,Francis McGuirk,Francis McGuirk,,,,
player_03101c2bde47,espn_kaggle,Andrew Johnston,Andrew Johnston,,,,
player_111d3cc2585c,espn_kaggle,Adam Wootton,Adam Wootton,,,,
player_05f9ade4c83f,espn_kaggle,Andy Smith,Andy Smith,,,,
player_a887bb7242ea,espn_kaggle,Hiroo Kawai,Hiroo Kawai,,,,
player_20fc4414dc87,espn_kaggle,Craig Hinton,Craig Hinton,,,,
player_56f422395ca5,espn_kaggle,Greg Huxman,Greg Huxman,,,,
player_93b63d704fb5,espn_kaggle,Matthew Swan,Matthew Swan,,,,
player_ca2bb205c19d,espn_kaggle,Albin Choi,Albin Choi,,,,
player_edf6c3cd5b2c,espn_kaggle,Joe Panzeri,Joe Panzeri,,,,
player_4b67b085fb9d,espn_kaggle,Benjamin Alvarado,Benjamin Alvarado,,,,
player_203f1679c8ee,espn_kaggle,Tom Hoge,Tom Hoge,,,,
player_218e5c1fab9d,espn_kaggle,Roger Sloan,Roger Sloan,,,,
player_6079986551df,espn_kaggle,Brian Hutton,Brian Hutton,,,,
player_addd37d46f75,espn_kaggle,Mitch Evanecz,Mitch Evanecz,,,,
player_a614f0fa41ca,espn_kaggle,Garrett Frank,Garrett Frank,,,,
player_ab06bd4b1462,espn_kaggle,Christian Brand,Christian Brand,,,,
player_5fd8926823d3,espn_kaggle,Martin Trainer,Martin Trainer,,,,
player_0e3338062f99,espn_kaggle,Creighton Honeck,Creighton Honeck,,,,
player_c5a3ee48357e,espn_kaggle,Jeff Rangel,Jeff Rangel,,,,
player_19ba1a648cd7,espn_kaggle,Scott Smith,Scott Smith,,,,
player_76a5577b35cc,espn_kaggle,Sean Dougherty,Sean Dougherty,,,,
player_9833575fd1b4,espn_kaggle,Faber Jamerson,Faber Jamerson,,,,
player_0c02f38a6b3f,espn_kaggle,Jeff Sorenson,Jeff Sorenson,,,,
player_c05393932a79,espn_kaggle,Scott Erdmann,Scott Erdmann,,,,
player_7307770e5640,espn_kaggle,Olafur Loftsson,Olafur Loftsson,,,,
player_e9a161832297,espn_kaggle,Billy Kennerly,Billy Kennerly,,,,
player_f66e0c4b61a1,espn_kaggle,Nathan Stamey,Nathan Stamey,,,,
player_1f239d65dd2c,espn_kaggle,Nate Olivo,Nate Olivo,,,,
player_b5fd5084ae8a,espn_kaggle,Nyasha Mauchaza,Nyasha Mauchaza,,,,
player_3d156fe7617b,espn_kaggle,Anthony Rodriguez,Anthony Rodriguez,,,,
player_1f47cf493d76,espn_kaggle,Preston Otte,Preston Otte,,,,
player_2432e15e420f,espn_kaggle,Erik Flores,Erik Flores,,,,
player_31ffaf105615,espn_kaggle,Matt Marshall,Matt Marshall,,,,
player_7f8ede139c42,espn_kaggle,Phillip Choi,Phillip Choi,,,,
player_c9fcd2f1e9de,espn_kaggle,Tom Murray,Tom Murray,,,,
player_fe7962318da9,espn_kaggle,Jbe Kruger,Jbe Kruger,,,,
player_9d729f34f507,espn_kaggle,Chinnarat Phadungsil,Chinnarat Phadungsil,,,,
player_d7291a64c073,espn_kaggle,Chan Yih-shin,Chan Yih-shin,,,,
player_631691972fcf,espn_kaggle,Xinjun Zhang,Xinjun Zhang,,,,
player_bdd1464d3d6d,espn_kaggle,Keith Horne,Keith Horne,,,,
player_ccf5a81469da,espn_kaggle,Ashun Wu,Ashun Wu,,,,
player_6fdaf9d4f7d6,espn_kaggle,Harris English,Harris English,,,,
player_2da118107b95,espn_kaggle,John Huh,John Huh,,,,
player_2f739f74c767,espn_kaggle,Ryan Yip,Ryan Yip,,,,
player_7deaee4d26c8,espn_kaggle,Brian Anderson,Brian Anderson,,,,
player_53dbaffea4c7,espn_kaggle,Paul Haley II,Paul Haley II,,,,
player_e96ece563530,espn_kaggle,Corey Nagy,Corey Nagy,,,,
player_3800cccda285,espn_kaggle,Ben Briscoe,Ben Briscoe,,,,
player_d71e1d9931f0,espn_kaggle,Wes Roach,Wes Roach,,,,
player_36dc09b14a87,espn_kaggle,Andy Winings,Andy Winings,,,,
player_5cd980288ffe,espn_kaggle,Robert Streb,Robert Streb,,,,
player_1a5d3eb2b51f,espn_kaggle,Craig Hocknull,Craig Hocknull,,,,
player_8c66deb352cd,espn_kaggle,Brent Witcher,Brent Witcher,,,,
player_c1b9eaebf1d5,espn_kaggle,Andy Pope,Andy Pope,,,,
player_3638488f5b55,espn_kaggle,Jimmy Lytle,Jimmy Lytle,,,,
player_16a97abed890,espn_kaggle,Travis Wadkins,Travis Wadkins,,,,
player_8b178241ccdd,espn_kaggle,Gator Todd,Gator Todd,,,,
player_bfd84b4220b6,espn_kaggle,Jesse Schutte,Jesse Schutte,,,,
player_76720f847dec,espn_kaggle,José Toledo,José Toledo,,,,
player_6720909c97fd,espn_kaggle,Jeff Corr,Jeff Corr,,,,
player_22c1d6c8c3c7,espn_kaggle,Glenn Northcutt,Glenn Northcutt,,,,
player_26f90c1d2ae3,espn_kaggle,Johnny DelPrete,Johnny DelPrete,,,,
player_6d8e235c618d,espn_kaggle,Mitchell Gillis,Mitchell Gillis,,,,
player_045691f45ed0,espn_kaggle,Brian Prouty,Brian Prouty,,,,
player_868c03de50a9,espn_kaggle,Sean Shahi,Sean Shahi,,,,
player_15f1d7c55e61,espn_kaggle,Wade Ballard,Wade Ballard,,,,
player_c036772224c5,espn_kaggle,Richard H. Lee,Richard H. Lee,,,,
player_0e3f8bc183f2,espn_kaggle,Miguel Tabuena,Miguel Tabuena,,,,
player_3c1d0cb0e1aa,espn_kaggle,John Oda,John Oda,,,,
player_dc2d63c50a89,espn_kaggle,Jay Hwang,Jay Hwang,,,,
player_3b109dff8848,espn_kaggle,Paul Imondi,Paul Imondi,,,,
player_b5126ec01417,espn_kaggle,Cody Slover,Cody Slover,,,,
player_bb8ba778ecce,espn_kaggle,Jon Stanley,Jon Stanley,,,,
player_852ec5e850b8,espn_kaggle,John Peterson,John Peterson,,,,
player_e99a4daa14a8,espn_kaggle,Justin Itzen,Justin Itzen,,,,
player_746b06f419a7,espn_kaggle,Andy Walker,Andy Walker,,,,
player_10693c4a5846,espn_kaggle,Tom Gardner,Tom Gardner,,,,
player_0d32161e9fe8,espn_kaggle,Austin Graham,Austin Graham,,,,
player_6c48ab8c03a8,espn_kaggle,Russell Surber,Russell Surber,,,,
player_7b99eb19cb8f,espn_kaggle,Armando Favela,Armando Favela,,,,
player_410015b8bc59,espn_kaggle,Alejandro Munoz,Alejandro Munoz,,,,
player_a34f0064f1ce,espn_kaggle,Alejandro Garmendia,Alejandro Garmendia,,,,
player_ed1c7a326e1a,espn_kaggle,Bo Hoag,Bo Hoag,,,,
player_0a2adde1ea24,espn_kaggle,Emiliano Grillo,Emiliano Grillo,,,,
player_a7ddbaf3cbf2,espn_kaggle,Maximiliano Godoy,Maximiliano Godoy,,,,
player_cca33a38bcd2,espn_kaggle,Edward Figueroa,Edward Figueroa,,,,
player_38051daaac58,espn_kaggle,Nelson Ledesma,Nelson Ledesma,,,,
player_b6905f6b7d97,espn_kaggle,Alvaro Arizabaleta,Alvaro Arizabaleta,,,,
player_c7a63ddd776a,espn_kaggle,Chris Kaufman,Chris Kaufman,,,,
player_2cd61061afbc,espn_kaggle,Joaquin Estevez,Joaquin Estevez,,,,
player_02b25ae189bb,espn_kaggle,Robert Calvesbert,Robert Calvesbert,,,,
player_332897361296,espn_kaggle,Juan Campusano,Juan Campusano,,,,
player_db49bcf353f4,espn_kaggle,Rafa Cabrera Bello,Rafa Cabrera Bello,,,,
player_c27bac3040b7,espn_kaggle,Kelly Kraft,Kelly Kraft,,,,
player_e3be07f54acf,espn_kaggle,David Damesworth,David Damesworth,,,,
player_9f7345bb3942,espn_kaggle,Corbin Mills,Corbin Mills,,,,
player_52177e4541ef,espn_kaggle,Randy Lewis,Randy Lewis,,,,
player_c5e64552ca76,espn_kaggle,William Osborne,William Osborne,,,,
player_a96c296df3b5,espn_kaggle,Paul Norris,Paul Norris,,,,
player_e29a412f1cf9,espn_kaggle,Joey McLister,Joey McLister,,,,
player_f794c358c8a9,espn_kaggle,Phillip Hui,Phillip Hui,,,,
player_06db0cd2c61a,espn_kaggle,David Byrne,David Byrne,,,,
player_d61786bde035,espn_kaggle,Frank Adams III,Frank Adams III,,,,
player_420b769d9585,espn_kaggle,Rick Lewallen,Rick Lewallen,,,,
player_36d5fbb4bdfb,espn_kaggle,Brian Ricketts,Brian Ricketts,,,,
player_b1ac0830a3a9,espn_kaggle,Luke Guthrie,Luke Guthrie,,,,
player_e9182ea60bac,espn_kaggle,Dustin Morris,Dustin Morris,,,,
player_ce1c1e2d783c,espn_kaggle,Jonathan Fly,Jonathan Fly,,,,
player_348a6cc2ceda,espn_kaggle,Cody Proveaux,Cody Proveaux,,,,
player_2ca371827c9d,espn_kaggle,Austin Gutgsell,Austin Gutgsell,,,,
player_1132c4a734ae,espn_kaggle,Audie Johnson,Audie Johnson,,,,
player_208334a7dd70,espn_kaggle,Hunter Hamrick,Hunter Hamrick,,,,
player_1c9d1a81ba55,espn_kaggle,Matthew Baldwin,Matthew Baldwin,,,,
player_737db281cdf7,espn_kaggle,Marc Warren,Marc Warren,,,,
player_8bae6af1cb8f,espn_kaggle,Alberto Sanchez,Alberto Sanchez,,,,
player_6a6d508ca96c,espn_kaggle,Anthony Summers,Anthony Summers,,,,
player_3916f70b274b,espn_kaggle,Sam Osborne,Sam Osborne,,,,
player_957ea2a885dc,espn_kaggle,Brooks Koepka,Brooks Koepka,,,,
player_25760450a300,espn_kaggle,Andy Zhang,Andy Zhang,,,,
player_9a5377b697d9,espn_kaggle,Nick Sherwood,Nick Sherwood,,,,
player_3368e03eaf24,espn_kaggle,Mark McCormick,Mark McCormick,,,,
player_dbd7ffc0bf71,espn_kaggle,Dennis Miller,Dennis Miller,,,,
player_cc746bb81363,espn_kaggle,Cole Howard,Cole Howard,,,,
player_0bd2f43c75a6,espn_kaggle,Cameron Wilson,Cameron Wilson,,,,
player_1e7caff01985,espn_kaggle,Patrick Rodgers,Patrick Rodgers,,,,
player_99273410a30b,espn_kaggle,James Hazen,James Hazen,,,,
player_a687d524b76c,espn_kaggle,Ian Marshall,Ian Marshall,,,,
player_0b4b570d9b9f,espn_kaggle,Michael Maness,Michael Maness,,,,
player_00a54dca149a,espn_kaggle,Jess Ferrell,Jess Ferrell,,,,
player_02de460bfe12,espn_kaggle,Chris Black,Chris Black,,,,
player_5b99936564ed,espn_kaggle,John Hurley,John Hurley,,,,
player_f02b0c8b1cfd,espn_kaggle,Anirban Lahiri,Anirban Lahiri,,,,
player_906f6d303a5a,espn_kaggle,Yoshinori Fujimoto,Yoshinori Fujimoto,,,,
player_f271c3ae7f97,espn_kaggle,Dale Whitnell,Dale Whitnell,,,,
player_b00b9d29554b,espn_kaggle,Nick Cullen,Nick Cullen,,,,
player_dfdb6fd79287,espn_kaggle,Aaron Townsend,Aaron Townsend,,,,
player_fd38d574bafb,espn_kaggle,Morten Ørum Madsen,Morten Ørum Madsen,,,,
player_a22b73ca137e,espn_kaggle,Alan Dunbar,Alan Dunbar,,,,
player_79e5924debd7,espn_kaggle,Steven O'Hara,Steven O'Hara,,,,
player_6adad4458ad7,espn_kaggle,Ash Hall,Ash Hall,,,,
player_7a7ca23770e1,espn_kaggle,Andrew Georgiou,Andrew Georgiou,,,,
player_e4fbcbaa4206,espn_kaggle,Kodai Ichihara,Kodai Ichihara,,,,
player_77b0ba314cf7,espn_kaggle,Grant Veenstra,Grant Veenstra,,,,
player_bb0624534aa6,espn_kaggle,Manuel Trappel,Manuel Trappel,,,,
player_c8211a68c269,espn_kaggle,Ian Keenan,Ian Keenan,,,,
player_6ba52a20b59f,espn_kaggle,Zack Reeves,Zack Reeves,,,,
player_e4b474467b3a,espn_kaggle,Anthony Price,Anthony Price,,,,
player_aab5c69dfbfe,espn_kaggle,Cory Renfrew,Cory Renfrew,,,,
player_b06aa5568a99,espn_kaggle,David Markle,David Markle,,,,
player_c8ce06720ec3,espn_kaggle,Mackenzie Hughes,Mackenzie Hughes,,,,
player_30f3a6e6ebfe,espn_kaggle,Greg Doherty,Greg Doherty,,,,
player_a0bad3b95cce,espn_kaggle,Michael Gligic,Michael Gligic,,,,
player_28b779e28452,espn_kaggle,Rob Couture,Rob Couture,,,,
player_f9b9cd2953e8,espn_kaggle,Bernd Wiesberger,Bernd Wiesberger,,,,
player_5efa30411869,espn_kaggle,Oliver Bekker,Oliver Bekker,,,,
player_af6b4fb69551,espn_kaggle,Matt Dobyns,Matt Dobyns,,,,
player_b8bdc8ee078c,espn_kaggle,Paul Scaletta,Paul Scaletta,,,,
player_5f168ac4036b,espn_kaggle,Corey Prugh,Corey Prugh,,,,
player_a47d95da8b2a,espn_kaggle,Michael Frye,Michael Frye,,,,
player_af98c6e823db,espn_kaggle,Doug Wade,Doug Wade,,,,
player_5636368db7d8,espn_kaggle,Bill Murchison III,Bill Murchison III,,,,
player_0512c71e44de,espn_kaggle,Ben Kohles,Ben Kohles,,,,
player_ad4aad8e217e,espn_kaggle,Chesson Hadley,Chesson Hadley,,,,
player_1b82592ab095,espn_kaggle,Tyler Rody,Tyler Rody,,,,
player_473cdd7803dd,espn_kaggle,Matt NeSmith,Matt NeSmith,,,,
player_a69a312bc1df,espn_kaggle,Gustav Ulrich,Gustav Ulrich,,,,
player_6c98126ea943,espn_kaggle,Vaita Guillaume,Vaita Guillaume,,,,
player_8835501d83d7,espn_kaggle,Dennis Downs,Dennis Downs,,,,
player_a54c6fe1c71e,espn_kaggle,Derek Ernst,Derek Ernst,,,,
player_17189be177c4,espn_kaggle,Chase Wright,Chase Wright,,,,
player_c88073d4fca1,espn_kaggle,Jordan Mitchell,Jordan Mitchell,,,,
player_ec8332abe7e5,espn_kaggle,Masanori Kobayashi,Masanori Kobayashi,,,,
player_3bc0de423c2e,espn_kaggle,David Lipsky,David Lipsky,,,,
player_8b047508b832,espn_kaggle,Ik-Jae Jang,Ik-Jae Jang,,,,
player_ae6001b331ad,espn_kaggle,Julien Quesne,Julien Quesne,,,,
player_ca29c96d0653,espn_kaggle,Hyung-Sung Kim,Hyung-Sung Kim,,,,
player_6ec911d8b5a4,espn_kaggle,Mu Hu,Mu Hu,,,,
player_3b5eb6dbee81,espn_kaggle,Si Woo Kim,Si Woo Kim,,,,
player_c7518e3e733b,espn_kaggle,Henrik Norlander,Henrik Norlander,,,,
player_8ef35e095c6f,espn_kaggle,Donald Constable,Donald Constable,,,,
player_b34bd6fd4dba,espn_kaggle,Vince Covello,Vince Covello,,,,
player_851a5bdedd84,espn_kaggle,Adam Crawford,Adam Crawford,,,,
player_b47b6a738727,espn_kaggle,Whee Kim,Whee Kim,,,,
player_36f0ccc20f41,espn_kaggle,Dusty Fielding,Dusty Fielding,,,,
player_8129e2b6b0c9,espn_kaggle,Bhavik Patel,Bhavik Patel,,,,
player_dc524ea54ee4,espn_kaggle,Phillip Mollica,Phillip Mollica,,,,
player_cb2d25af8674,espn_kaggle,Byron Smith,Byron Smith,,,,
player_3d0f6a78aab4,espn_kaggle,Lee Bedford,Lee Bedford,,,,
player_a6c8d4721638,espn_kaggle,Jonathan Hodge,Jonathan Hodge,,,,
player_0dfbf29974b1,espn_kaggle,Kevin Kim,Kevin Kim,,,,
player_1dd80c435755,espn_kaggle,Tim Kunick,Tim Kunick,,,,
player_72eea1a9008a,espn_kaggle,Connor Arendell,Connor Arendell,,,,
player_44f8ae17fb0a,espn_kaggle,Vince Hatfield,Vince Hatfield,,,,
player_a7b4b6d6b3c7,espn_kaggle,Romain Wattel,Romain Wattel,,,,
player_059d4df279dc,espn_kaggle,Mike Welch,Mike Welch,,,,
player_7f71f69f634e,espn_kaggle,Franklin Corpening,Franklin Corpening,,,,
player_ee227532f5ac,espn_kaggle,Joakim Mikkelsen,Joakim Mikkelsen,,,,
player_678137d09daa,espn_kaggle,Nick Rousey,Nick Rousey,,,,
player_0c95d505d1a4,espn_kaggle,Jeremiah Wooding,Jeremiah Wooding,,,,
player_795d0a8358e2,espn_kaggle,James White,James White,,,,
player_1947e5be6bac,espn_kaggle,K.H. Lee,K.H. Lee,,,,
player_b730e57a8dd3,espn_kaggle,"William Murchison, III","William Murchison, III",,,,
player_c9c04c983191,espn_kaggle,Stephan Jaeger,Stephan Jaeger,,,,
player_66128257c75a,espn_kaggle,Ryan Sullivan,Ryan Sullivan,,,,
player_26ddf5ab94d4,espn_kaggle,Stefan Wiedergruen,Stefan Wiedergruen,,,,
player_5e64078fca4d,espn_kaggle,Brett Bergeron,Brett Bergeron,,,,
player_919c970543a6,espn_kaggle,Josh Persons,Josh Persons,,,,
player_f560d5388019,espn_kaggle,Richard Hattori,Richard Hattori,,,,
player_77ccb05e16d0,espn_kaggle,Mike McCabe,Mike McCabe,,,,
player_b10727dbc774,espn_kaggle,Steven Fox,Steven Fox,,,,
player_c37efd2c967b,espn_kaggle,Mark Baker,Mark Baker,,,,
player_43d4a347e165,espn_kaggle,Glen Griffith,Glen Griffith,,,,
player_9b1957e7dbde,espn_kaggle,Blayne Barber,Blayne Barber,,,,
player_7d5a14432b37,espn_kaggle,Sebastián Vázquez,Sebastián Vázquez,,,,
player_41c377cc9dd7,espn_kaggle,Jorge Garcia,Jorge Garcia,,,,
player_04bc3217d39e,espn_kaggle,Angel Cabrera Jr,Angel Cabrera Jr,,,,
player_8451423f4657,espn_kaggle,John Stoltz,John Stoltz,,,,
player_aa0b287b15a8,espn_kaggle,Peter Williamson,Peter Williamson,,,,
player_8a1656b4b8fa,espn_kaggle,Randy Lowry,Randy Lowry,,,,
player_90ba25c3b42a,espn_kaggle,Clayton Wonnell,Clayton Wonnell,,,,
player_d39e3a230226,espn_kaggle,Todd Baek,Todd Baek,,,,
player_206c95b94c57,espn_kaggle,Zack Fischer,Zack Fischer,,,,
player_bf99dff88f7a,espn_kaggle,Conrad Shindler,Conrad Shindler,,,,
player_cd4e34c990c6,espn_kaggle,Carl Cooper,Carl Cooper,,,,
player_904e7d541b42,espn_kaggle,Guan Tianlang,Guan Tianlang,,,,
player_54d365af22aa,espn_kaggle,Michael Weaver,Michael Weaver,,,,
player_3a40618530fd,espn_kaggle,T.J. Vogel,T.J. Vogel,,,,
player_135edec82e60,espn_kaggle,Daniel Nisbet,Daniel Nisbet,,,,
player_9374512e2c52,espn_kaggle,Matt Bova,Matt Bova,,,,
player_2e2c99bcad41,espn_kaggle,Ken Looper,Ken Looper,,,,
player_7d75a1f346a6,espn_kaggle,Jack Fields,Jack Fields,,,,
player_0d44c230ce49,espn_kaggle,Charles Frost,Charles Frost,,,,
player_b3a014e8c015,espn_kaggle,Charlie Holland,Charlie Holland,,,,
player_7d8eb94de271,espn_kaggle,Bobby Massa (a),Bobby Massa (a),,,,
player_0a99ff9baba1,espn_kaggle,Chase Seiffert,Chase Seiffert,,,,
player_1758e2fd64fd,espn_kaggle,Trent Whitekiller,Trent Whitekiller,,,,
player_bb48dd720f4f,espn_kaggle,Cody Gribble,Cody Gribble,,,,
player_4c115f9bd80b,espn_kaggle,Michael Kim,Michael Kim,,,,
player_b45074e76543,espn_kaggle,John Parry,John Parry,,,,
player_9abdfdf1c21b,espn_kaggle,Chris Doak,Chris Doak,,,,
player_01cf5a9f3c71,espn_kaggle,Max Homa,Max Homa,,,,
player_ca8a62438814,espn_kaggle,John Hahn,John Hahn,,,,
player_189a1870db14,espn_kaggle,Eddie Pepperell,Eddie Pepperell,,,,
player_6913cfd606d1,espn_kaggle,Jesse Smith,Jesse Smith,,,,
player_bbd9de7d338d,espn_kaggle,Harold Varner III,Harold Varner III,,,,
player_2f89d198f251,espn_kaggle,Brandon Crick,Brandon Crick,,,,
player_f682b9266819,espn_kaggle,Cory McElyea,Cory McElyea,,,,
player_a622b038cf51,espn_kaggle,Yui Ueda,Yui Ueda,,,,
player_854ba91dc7c6,espn_kaggle,Grayson Murray,Grayson Murray,,,,
player_5b715e2e69c2,espn_kaggle,Kyle Bilodeau,Kyle Bilodeau,,,,
player_f21f19369b58,espn_kaggle,Dan Obremski,Dan Obremski,,,,
player_8726203c242c,espn_kaggle,Pat Carter,Pat Carter,,,,
player_8286ea8cab85,espn_kaggle,Ryan Zylstra,Ryan Zylstra,,,,
player_1c2b77ef33f3,espn_kaggle,Steven Ihm,Steven Ihm,,,,
player_869ed61f0900,espn_kaggle,Chris Naegel,Chris Naegel,,,,
player_6f6d1f2bac4b,espn_kaggle,Nathaniel Rau,Nathaniel Rau,,,,
player_702a9be6ee92,espn_kaggle,Eduardo De La Riva,Eduardo De La Riva,,,,
player_2352451364ba,espn_kaggle,Matt Fitzpatrick,Matt Fitzpatrick,,,,
player_dfd0b955d51b,espn_kaggle,Gareth Wright,Gareth Wright,,,,
player_61d9020aaa9b,espn_kaggle,Kyung-tae Kim,Kyung-tae Kim,,,,
player_b25063577152,espn_kaggle,Jimmy Mullen,Jimmy Mullen,,,,
player_0a8697f6a009,espn_kaggle,George Murray,George Murray,,,,
player_3a7d8e21795f,espn_kaggle,Justin Harding,Justin Harding,,,,
player_0462776449cf,espn_kaggle,Garrick Porteous,Garrick Porteous,,,,
player_0dacf712aaf7,espn_kaggle,Ben Stow,Ben Stow,,,,
player_01a7665d7373,espn_kaggle,Darryn Lloyd,Darryn Lloyd,,,,
player_6c32e724932b,espn_kaggle,Steven Jeffress,Steven Jeffress,,,,
player_662c3175ab2a,espn_kaggle,Makoto Inoue,Makoto Inoue,,,,
player_73cb23523e5a,espn_kaggle,Grant Forrest,Grant Forrest,,,,
player_6f7a3101f98a,espn_kaggle,Rhys Pugh,Rhys Pugh,,,,
player_b0ed5befb409,espn_kaggle,Satoshi Kodaira,Satoshi Kodaira,,,,
player_8a2dd6481b61,espn_kaggle,Corey Conners,Corey Conners,,,,
player_9468f68da117,espn_kaggle,Adam Svensson,Adam Svensson,,,,
player_207df4da2475,espn_kaggle,Kevin Carrigan,Kevin Carrigan,,,,
player_d0401d9a1789,espn_kaggle,Riley Wheeldon,Riley Wheeldon,,,,
player_c856a5022b3c,espn_kaggle,Eric Banks,Eric Banks,,,,
player_977a0b5f37e3,espn_kaggle,Daniel Popovic,Daniel Popovic,,,,
player_8dace880f671,espn_kaggle,David Muttitt,David Muttitt,,,,
player_6c464bd7560c,espn_kaggle,Kohki Idoki,Kohki Idoki,,,,
player_4c140f1aa55e,espn_kaggle,David McNabb,David McNabb,,,,
player_0283b28b824e,espn_kaggle,Ryan Polzin,Ryan Polzin,,,,
player_a0a37e245ec9,espn_kaggle,Caine Fitzgerald,Caine Fitzgerald,,,,
player_cccb3b4099ea,espn_kaggle,Lee Rhind,Lee Rhind,,,,
player_7aefa7b3ccbd,espn_kaggle,Mark Hubbard,Mark Hubbard,,,,
player_66d7d367f69e,espn_kaggle,Peter Malnati,Peter Malnati,,,,
player_3d9df9f3eec5,espn_kaggle,Kevin Penner,Kevin Penner,,,,
player_835934a53699,espn_kaggle,Don Littrell,Don Littrell,,,,
player_05e4cf623953,espn_kaggle,Berry Henson,Berry Henson,,,,
player_1b499b5b13af,espn_kaggle,Nicholas Fung,Nicholas Fung,,,,
player_c44e1281e03a,espn_kaggle,Rashid Ismail,Rashid Ismail,,,,
player_0923feff543d,espn_kaggle,Seuk-Hyun Baek,Seuk-Hyun Baek,,,,
player_104c26e4889d,espn_kaggle,Tommy Fleetwood,Tommy Fleetwood,,,,
player_506d6b53b1bd,espn_kaggle,Wenyi Huang,Wenyi Huang,,,,
player_8e867b3efadb,espn_kaggle,Haotong Li,Haotong Li,,,,
player_1e15b1a33df8,espn_kaggle,Masahiro Kawamura,Masahiro Kawamura,,,,
player_dbf70007fb05,espn_kaggle,Huang Ming-jie,Huang Ming-jie,,,,
player_0635e02c6ba8,espn_kaggle,Jordi Garcia Pinto,Jordi Garcia Pinto,,,,
player_f6869fac8e3a,espn_kaggle,Roberto Díaz,Roberto Díaz,,,,
player_3d34f98a4736,espn_kaggle,Alan Scheer,Alan Scheer,,,,
player_197e1a862801,espn_kaggle,Kevin Foley,Kevin Foley,,,,
player_2573d3ba12f7,espn_kaggle,Ki Taek Lee,Ki Taek Lee,,,,
player_f38ba50f6780,espn_kaggle,Jason Millard,Jason Millard,,,,
player_4e703e0d4655,espn_kaggle,Brady Watt,Brady Watt,,,,
player_1835bc5764ad,espn_kaggle,Austen Truslow,Austen Truslow,,,,
player_3b6cf90f528f,espn_kaggle,Timothy Puetz,Timothy Puetz,,,,
player_fed185555e78,espn_kaggle,Jay Westerlund,Jay Westerlund,,,,
player_54847c220ede,espn_kaggle,Mark Blakefield,Mark Blakefield,,,,
player_eac551604ab4,espn_kaggle,Michael Hebert,Michael Hebert,,,,
player_b3dc02c16645,espn_kaggle,Zachary Olsen (a),Zachary Olsen (a),,,,
player_0ef2d73b7b0c,espn_kaggle,Hunter Brown,Hunter Brown,,,,
player_bec70569cee0,espn_kaggle,Michael Miller,Michael Miller,,,,
player_1cccc9af81d1,espn_kaggle,David von Hoffmann,David von Hoffmann,,,,
player_55cca409db11,espn_kaggle,David von Hoffman,David von Hoffman,,,,
player_700c7a5422c0,espn_kaggle,Oliver Goss,Oliver Goss,,,,
player_a1fc301a713d,espn_kaggle,Chang-woo Lee,Chang-woo Lee,,,,
player_8bda888a313b,espn_kaggle,Jordan Niebrugge,Jordan Niebrugge,,,,
player_eecafb94db68,espn_kaggle,Michael McCoy,Michael McCoy,,,,
player_86a3a84acd3e,espn_kaggle,Hunter Stewart,Hunter Stewart,,,,
player_5447f077366f,espn_kaggle,Neal Ajubita,Neal Ajubita,,,,
player_b5b462526d2b,espn_kaggle,Fielding Brewbaker,Fielding Brewbaker,,,,
player_3e99d446f153,espn_kaggle,Dustin Bray,Dustin Bray,,,,
player_1a308661e4ec,espn_kaggle,Hunter Green,Hunter Green,,,,
player_a7fd97f2d272,espn_kaggle,Scottie Scheffler,Scottie Scheffler,,,,
player_669c181e9c6f,espn_kaggle,Chris Thompson,Chris Thompson,,,,
player_f61fc0a07dbc,espn_kaggle,Case Cochran,Case Cochran,,,,
player_dfd657a9fb44,espn_kaggle,Julien Brun,Julien Brun,,,,
player_d4c21519cf3f,espn_kaggle,Carlos Ortiz,Carlos Ortiz,,,,
player_b57e1d638cfb,espn_kaggle,Justin Lower,Justin Lower,,,,
player_36e92b9ec814,espn_kaggle,Austin Cook,Austin Cook,,,,
player_a4f88ce18a47,espn_kaggle,Talor Gooch,Talor Gooch,,,,
player_d1859fa62bc6,espn_kaggle,Isaac Sanchez,Isaac Sanchez,,,,
player_c9119c5b598f,espn_kaggle,Daniel Berger,Daniel Berger,,,,
player_8fc663ee83bc,espn_kaggle,Zac Blair,Zac Blair,,,,
player_652a38e3addb,espn_kaggle,Nicholas Lindheim,Nicholas Lindheim,,,,
player_a0dfdca81b49,espn_kaggle,Cory Whitsett,Cory Whitsett,,,,
player_b19f17b00b4e,espn_kaggle,Brian Campbell,Brian Campbell,,,,
player_6dff12b5ea55,espn_kaggle,Andres Echavarria,Andres Echavarria,,,,
player_1bb6f8d9c47b,espn_kaggle,Andrea Pavan,Andrea Pavan,,,,
player_4300ac250321,espn_kaggle,Sam Love,Sam Love,,,,
player_e2f8e83e3e47,espn_kaggle,Smylie Kaufman,Smylie Kaufman,,,,
player_b4215ed263f4,espn_kaggle,Anthony Broussard,Anthony Broussard,,,,
player_a5c530f2012c,espn_kaggle,Maximilian Kieffer,Maximilian Kieffer,,,,
player_c9344a45c65b,espn_kaggle,Maverick McNealy,Maverick McNealy,,,,
player_e00343c50953,espn_kaggle,Simon Griffiths,Simon Griffiths,,,,
player_9d47c908c967,espn_kaggle,Robby Shelton,Robby Shelton,,,,
player_21c8ccc88f51,espn_kaggle,Brandon McIver,Brandon McIver,,,,
player_e998a7407f47,espn_kaggle,Will Grimmer,Will Grimmer,,,,
player_d061e458f7ba,espn_kaggle,Andrew Dorn,Andrew Dorn,,,,
player_54c0d235b164,espn_kaggle,Bobby Wyatt,Bobby Wyatt,,,,
player_60e007dbe603,espn_kaggle,Joey Garber,Joey Garber,,,,
player_40e45bae672a,espn_kaggle,Adam Rainaud,Adam Rainaud,,,,
player_7bce6be05e53,espn_kaggle,Sebastian Saavedra,Sebastian Saavedra,,,,
player_2fea0eb46a36,espn_kaggle,Brian Agee,Brian Agee,,,,
player_51a34607cfd6,espn_kaggle,Brian Anania (a),Brian Anania (a),,,,
player_0f85b465e037,espn_kaggle,Mikey Moyers,Mikey Moyers,,,,
player_800fc396b3d8,espn_kaggle,Armando Villarreal,Armando Villarreal,,,,
player_c7c9b7d468d6,espn_kaggle,Raymond Knoll,Raymond Knoll,,,,
player_cb92136c06f3,espn_kaggle,Ryan Lenahan,Ryan Lenahan,,,,
player_b65fb21c09be,espn_kaggle,Kristoffer Broberg,Kristoffer Broberg,,,,
player_a66074e2e84d,espn_kaggle,Jamie McLeary,Jamie McLeary,,,,
player_f10d59e5560b,espn_kaggle,Chris Rodgers,Chris Rodgers,,,,
player_77a7f4629069,espn_kaggle,Rhein Gibson,Rhein Gibson,,,,
player_b0f9e778f8ea,espn_kaggle,Paul McKechnie,Paul McKechnie,,,,
player_20e5869cbaed,espn_kaggle,Ashley Chesters,Ashley Chesters,,,,
player_14922de9230b,espn_kaggle,John Singleton,John Singleton,,,,
player_52b80d3c5cd5,espn_kaggle,Hyung-Tae Kim,Hyung-Tae Kim,,,,
player_da152110944b,espn_kaggle,Paul Dunne,Paul Dunne,,,,
player_80a78e54405c,espn_kaggle,Rhys Enoch,Rhys Enoch,,,,
player_d073a34837c5,espn_kaggle,Victor Riu,Victor Riu,,,,
player_d5dce8174514,espn_kaggle,Christopher Hanson,Christopher Hanson,,,,
player_5fce2d5a8416,espn_kaggle,Bradley Neil,Bradley Neil,,,,
player_ac4e7f0070d0,espn_kaggle,Matthew Southgate,Matthew Southgate,,,,
player_d1e3e405012b,espn_kaggle,Dong-Kyu Jang,Dong-Kyu Jang,,,,
player_38d6dbe91458,espn_kaggle,Taylor Pendrith,Taylor Pendrith,,,,
player_5da38bc9f148,espn_kaggle,Joel Dahmen,Joel Dahmen,,,,
player_8486ecc783bf,espn_kaggle,Timothy Madigan,Timothy Madigan,,,,
player_7591be4794ec,espn_kaggle,Robbie Greenwell,Robbie Greenwell,,,,
player_dc52e717f1bb,espn_kaggle,Dave Levesque,Dave Levesque,,,,
player_023d400bdf88,espn_kaggle,Ben Silverman,Ben Silverman,,,,
player_ca44b001bae3,espn_kaggle,Eli Cole,Eli Cole,,,,
player_a44facf943c0,espn_kaggle,Bill Walsh,Bill Walsh,,,,
player_16d14c0f5dd0,espn_kaggle,Chris Hemmerich,Chris Hemmerich,,,,
player_7955b784bbe7,espn_kaggle,Kevin Stinson,Kevin Stinson,,,,
player_9482bbda1c06,espn_kaggle,Alexander Levy,Alexander Levy,,,,
player_340c67680d8d,espn_kaggle,Yoshitaka Takeya,Yoshitaka Takeya,,,,
player_88294a35dfd4,espn_kaggle,Johan Kok,Johan Kok,,,,
player_78fef113fc02,espn_kaggle,Jamie Broce,Jamie Broce,,,,
player_3a76771eb642,espn_kaggle,Eric Williamson,Eric Williamson,,,,
player_a1dfbb8d187c,espn_kaggle,Brian Norman,Brian Norman,,,,
player_90d43ee5fedd,espn_kaggle,Rob Corcoran,Rob Corcoran,,,,
player_6194b71e594b,espn_kaggle,David Hronek,David Hronek,,,,
player_be1e8d393b9a,espn_kaggle,Frank Esposito,Frank Esposito,,,,
player_65032ed3492d,espn_kaggle,Dustin Volk,Dustin Volk,,,,
player_9719a5b03b5c,espn_kaggle,Matt Pesta,Matt Pesta,,,,
player_cdc7e80e705b,espn_kaggle,Wes Homan,Wes Homan,,,,
player_3b7c50980a0a,espn_kaggle,Nigel Spence,Nigel Spence,,,,
player_003bd78d9cb4,espn_kaggle,Mark Baldwin,Mark Baldwin,,,,
player_3c7b1f0b25d2,espn_kaggle,Sung Joon Park,Sung Joon Park,,,,
player_45d15ddf24d6,espn_kaggle,Patrick Newcomb,Patrick Newcomb,,,,
player_c748d9375f10,espn_kaggle,Carlos Sainz Jr.,Carlos Sainz Jr.,,,,
player_b952e5d4864d,espn_kaggle,Cameron Smith,Cameron Smith,,,,
player_52cf02f100f0,espn_kaggle,Steve Lewton,Steve Lewton,,,,
player_93a57441a5fc,espn_kaggle,Antonio Lascuna,Antonio Lascuna,,,,
player_6326a72725a2,espn_kaggle,Zecheng Dou,Zecheng Dou,,,,
player_edcdec565cbb,espn_kaggle,Brody Ninyette,Brody Ninyette,,,,
player_5482459c5d77,espn_kaggle,Sebastian Cappelen,Sebastian Cappelen,,,,
player_f0caa13f3510,espn_kaggle,Camden Backel,Camden Backel,,,,
player_63a8b718a15a,espn_kaggle,Jon Rahm,Jon Rahm,,,,
player_5d5d4243b4d2,espn_kaggle,Gerardo Ruiz,Gerardo Ruiz,,,,
player_1680e3ee1edd,espn_kaggle,Rodolfo Cazaubòn,Rodolfo Cazaubòn,,,,
player_e46f5ed94e34,espn_kaggle,Kyle Suppa,Kyle Suppa,,,,
player_8446f4816d0b,espn_kaggle,Trey Mullinax,Trey Mullinax,,,,
player_2b4916914b2e,espn_kaggle,Curtis Thompson,Curtis Thompson,,,,
player_c2160a0c5520,espn_kaggle,Yan Liu,Yan Liu,,,,
player_ef112b8dac1e,espn_kaggle,Garrett Okamura,Garrett Okamura,,,,
player_a9d8868095b5,espn_kaggle,Brandon Hagy,Brandon Hagy,,,,
player_f36c89e32f56,espn_kaggle,Ryan Kennedy,Ryan Kennedy,,,,
player_f6a73afa20c7,espn_kaggle,Michael Hopper,Michael Hopper,,,,
player_6a0bc453a7dd,espn_kaggle,Jake Knapp,Jake Knapp,,,,
player_6cc59fefea30,espn_kaggle,Gunn Yang,Gunn Yang,,,,
player_23c679e79b01,espn_kaggle,Chris Gilley,Chris Gilley,,,,
player_434a0b1c2d13,espn_kaggle,Will Zalatoris,Will Zalatoris,,,,
player_700095584f61,espn_kaggle,Chad Sorensen,Chad Sorensen,,,,
player_aab4ad983304,espn_kaggle,Jhared Hack,Jhared Hack,,,,
player_c1e1bf10ad75,espn_kaggle,Alex Kang,Alex Kang,,,,
player_e87508ea3d6c,espn_kaggle,Tyler Dunlap,Tyler Dunlap,,,,
player_0ba907b0e44b,espn_kaggle,Andrew Kozan,Andrew Kozan,,,,
player_68807332536f,espn_kaggle,Jeronimo Esteve (a),Jeronimo Esteve (a),,,,
player_0dcacb79bfa4,espn_kaggle,Daniel van Tonder,Daniel van Tonder,,,,
player_8cd7b98f6d39,espn_kaggle,Gary Stal,Gary Stal,,,,
player_38f2b2d49314,espn_kaggle,Ollie Schniederjans,Ollie Schniederjans,,,,
player_4e56c464afd7,espn_kaggle,Michael Kinkopf,Michael Kinkopf,,,,
player_40529a34db40,espn_kaggle,MJ Maguire,MJ Maguire,,,,
player_c6d32a9bc5a7,espn_kaggle,Thomas Birdsey,Thomas Birdsey,,,,
player_6434286cdc55,espn_kaggle,Lance Lopez,Lance Lopez,,,,
player_5d252ddfe7c7,espn_kaggle,Sam Burns,Sam Burns,,,,
player_b05c20b2b2bd,espn_kaggle,Kelvin Day,Kelvin Day,,,,
player_31a24acfdc5d,espn_kaggle,Andrew Landry,Andrew Landry,,,,
player_59f48ac53705,espn_kaggle,Byron Meth,Byron Meth,,,,
player_f574daad9009,espn_kaggle,Antonio Murdaca,Antonio Murdaca,,,,
player_ffd0a5a9e234,espn_kaggle,Matias Dominguez,Matias Dominguez,,,,
player_506e3d486a24,espn_kaggle,Scott Harvey,Scott Harvey,,,,
player_c37bd5c264d6,espn_kaggle,Scott Vincent,Scott Vincent,,,,
player_413a2710d21e,espn_kaggle,John Faidley,John Faidley,,,,
player_2725b798a14c,espn_kaggle,Zechariah Potter,Zechariah Potter,,,,
player_6cf8528a33f2,espn_kaggle,Matt Thompson,Matt Thompson,,,,
player_525122419884,espn_kaggle,Travis Howe,Travis Howe,,,,
player_cf54e73dc8c5,espn_kaggle,Thomas Lim,Thomas Lim,,,,
player_92f1f55e276d,espn_kaggle,Austin Connelly,Austin Connelly,,,,
player_ec6b0260d094,espn_kaggle,Kevin Golding,Kevin Golding,,,,
player_9ed4536d7819,espn_kaggle,Andy Sullivan,Andy Sullivan,,,,
player_103269239f0c,espn_kaggle,Timothy Crouch,Timothy Crouch,,,,
player_f4aa74aaad0e,espn_kaggle,Bryson DeChambeau,Bryson DeChambeau,,,,
player_c987a7bf4538,espn_kaggle,Chad Ramey,Chad Ramey,,,,
player_6b718773eb83,espn_kaggle,David Holmes,David Holmes,,,,
player_6fc2433eb801,espn_kaggle,Clay Myers II,Clay Myers II,,,,
player_5cf35dd72029,espn_kaggle,Jimmy Gunn,Jimmy Gunn,,,,
player_b6084b28a05a,espn_kaggle,Denny McCarthy,Denny McCarthy,,,,
player_09975d20f2b1,espn_kaggle,Nick Hardy,Nick Hardy,,,,
player_cc897eb97d50,espn_kaggle,Jack Maguire,Jack Maguire,,,,
player_6681d2ddd2bb,espn_kaggle,Kevin Lucas,Kevin Lucas,,,,
player_b5472ebdfdc7,espn_kaggle,Matt Mabrey,Matt Mabrey,,,,
player_d8461c5b1700,espn_kaggle,Lee McCoy,Lee McCoy,,,,
player_6e75c8277488,espn_kaggle,Jason Palmer,Jason Palmer,,,,
player_857c2dc2a545,espn_kaggle,Tyler Duncan,Tyler Duncan,,,,
player_5d85d8b7ba36,espn_kaggle,Jared Becher,Jared Becher,,,,
player_7ed56856542a,espn_kaggle,Kyle Jones,Kyle Jones,,,,
player_b16fcf37ddc8,espn_kaggle,Oliver Farr,Oliver Farr,,,,
player_f588f13240b2,espn_kaggle,Sam Horsfield,Sam Horsfield,,,,
player_5bce21e34f23,espn_kaggle,Michael Davan,Michael Davan,,,,
player_3ae027fb3466,espn_kaggle,Davis Riley,Davis Riley,,,,
player_991509758e29,espn_kaggle,Rich Berberian Jr.,Rich Berberian Jr.,,,,
player_faebb7d406f5,espn_kaggle,Pat Wilson,Pat Wilson,,,,
player_ded45108a28b,espn_kaggle,Cole Hammer,Cole Hammer,,,,
player_c45ca7d2ea88,espn_kaggle,Alex Kim,Alex Kim,,,,
player_adaf78112644,espn_kaggle,David Pastore,David Pastore,,,,
player_d39102f13fd2,espn_kaggle,Jean-Philip Cornellier,Jean-Philip Cornellier,,,,
player_f3e0c28615b0,espn_kaggle,Jun Hak Lee,Jun Hak Lee,,,,
player_cd972cb14222,espn_kaggle,Sam O'Dell,Sam O'Dell,,,,
player_1a92e0bc451d,espn_kaggle,Garland Green,Garland Green,,,,
player_43e634eb566b,espn_kaggle,Joseph Juszczyk,Joseph Juszczyk,,,,
player_a34f6317d981,espn_kaggle,Zack Vervaecke,Zack Vervaecke,,,,
player_412ac273535d,espn_kaggle,Carson Schaake,Carson Schaake,,,,
player_c42081289f9d,espn_kaggle,Zach Steffen,Zach Steffen,,,,
player_f80352ac445e,espn_kaggle,Scott Arnold,Scott Arnold,,,,
player_1d78020022ea,espn_kaggle,Ryan Fox,Ryan Fox,,,,
player_f477d391ade1,espn_kaggle,Romain Langasque,Romain Langasque,,,,
player_efb94a641022,espn_kaggle,Paul Kinnear,Paul Kinnear,,,,
player_a0017f2ace67,espn_kaggle,Shinji Tomimura,Shinji Tomimura,,,,
player_767dbbb10c39,espn_kaggle,Mark Young,Mark Young,,,,
player_09a8a5c5c3c2,espn_kaggle,Daniel Brooks,Daniel Brooks,,,,
player_886187dc3b4c,espn_kaggle,Alister Balcombe,Alister Balcombe,,,,
player_90867f98b938,espn_kaggle,Ben Taylor,Ben Taylor,,,,
player_d205e533f872,espn_kaggle,Gonzalo Fernandez-Castano,Gonzalo Fernandez-Castano,,,,
player_74a620c0d7be,espn_kaggle,Richy Werenski,Richy Werenski,,,,
player_557c79800e4d,espn_kaggle,J.J. Spaun,J.J. Spaun,,,,
player_9877950b79f8,espn_kaggle,Blair Hamilton,Blair Hamilton,,,,
player_cd5afa974d5f,espn_kaggle,Ryan Ruffels,Ryan Ruffels,,,,
player_b6cd5ffed22e,espn_kaggle,Marcelo Rozo,Marcelo Rozo,,,,
player_695657576135,espn_kaggle,Justin Shin,Justin Shin,,,,
player_98538c48d181,espn_kaggle,Richard Jung,Richard Jung,,,,
player_dcf4dd8470c3,espn_kaggle,James Beale,James Beale,,,,
player_31d53c99b600,espn_kaggle,Garrett Rank (a),Garrett Rank (a),,,,
player_796674d7fcd8,espn_kaggle,Ben Polland,Ben Polland,,,,
player_2ef3235f96f0,espn_kaggle,Brett Jones,Brett Jones,,,,
player_15ea28ee94ec,espn_kaggle,Brent Snyder,Brent Snyder,,,,
player_034d6fd23ae9,espn_kaggle,Steven Young,Steven Young,,,,
player_8ecab68214bb,espn_kaggle,Jeff Olson,Jeff Olson,,,,
player_16c4ca8cccaa,espn_kaggle,Austin Peters,Austin Peters,,,,
player_274bf8f52133,espn_kaggle,Daniel Venezio,Daniel Venezio,,,,
player_2e7b2dc39893,espn_kaggle,Brad Miller,Brad Miller,,,,
player_22f628185f1c,espn_kaggle,Dalton Ward,Dalton Ward,,,,
player_f0719b877b88,espn_kaggle,Ben Geyer,Ben Geyer,,,,
player_ee11e2bbb44d,espn_kaggle,Abraham Ancer,Abraham Ancer,,,,
player_61d981a868f6,espn_kaggle,David Solomon,David Solomon,,,,
player_1f12f8313273,espn_kaggle,Eric Hallberg,Eric Hallberg,,,,
player_ce96354f026d,espn_kaggle,Michael Schoolcraft,Michael Schoolcraft,,,,
player_4667fea988e7,espn_kaggle,Paul Peterson,Paul Peterson,,,,
player_c9bb2832a0b3,espn_kaggle,Ben Leong,Ben Leong,,,,
player_b5db110d64b0,espn_kaggle,Arie Irawan,Arie Irawan,,,,
player_2db258b0d474,espn_kaggle,Thomas Pieters,Thomas Pieters,,,,
player_6795e67e7c80,espn_kaggle,Yi Cao,Yi Cao,,,,
player_299086ce27b3,espn_kaggle,Cory Cooper,Cory Cooper,,,,
player_50deaf93422c,espn_kaggle,Nacho Elvira,Nacho Elvira,,,,
player_e8b416f59068,espn_kaggle,Yoshio Yamamoto,Yoshio Yamamoto,,,,
player_d1c4b80a1ae8,espn_kaggle,Domenico Geminiani,Domenico Geminiani,,,,
player_a547c006d232,espn_kaggle,Matt Atkins,Matt Atkins,,,,
player_d8fb5892d526,espn_kaggle,Scott Wolfes,Scott Wolfes,,,,
player_0d547c4529b2,espn_kaggle,Dru Love,Dru Love,,,,
player_05d99b165396,espn_kaggle,Daisuke Kataoka,Daisuke Kataoka,,,,
player_77c2a158865d,espn_kaggle,Nick Killpack,Nick Killpack,,,,
player_3f69fc69d78e,espn_kaggle,Shawn Lu,Shawn Lu,,,,
player_b29c66216750,espn_kaggle,Xander Schauffele,Xander Schauffele,,,,
player_d3b782a52f1d,espn_kaggle,Jeff Karlsson,Jeff Karlsson,,,,
player_147be762bee9,espn_kaggle,Joël Stalter,Joël Stalter,,,,
player_e2bd6eee565d,espn_kaggle,Charlie Danielson,Charlie Danielson,,,,
player_660e0a99dec4,espn_kaggle,Nathan Holman,Nathan Holman,,,,
player_9ccfcb918e37,espn_kaggle,Jordan Zunic,Jordan Zunic,,,,
player_ebc38851cce4,espn_kaggle,Greg Yates,Greg Yates,,,,
player_715265b3ba85,espn_kaggle,Vince India,Vince India,,,,
player_1aa8a3605a91,espn_kaggle,Ricardo Gouveia,Ricardo Gouveia,,,,
player_446316d7afca,espn_kaggle,Dean Burmester,Dean Burmester,,,,
player_46018af705de,espn_kaggle,Jorge Fernández Valdés,Jorge Fernández Valdés,,,,
player_73be00fe0540,espn_kaggle,Frankie Capan III,Frankie Capan III,,,,
player_52d520157231,espn_kaggle,Renato Paratore,Renato Paratore,,,,
player_d597608b3403,espn_kaggle,Wil Bateman,Wil Bateman,,,,
player_f6be2d796e02,espn_kaggle,Jacob Eggers,Jacob Eggers,,,,
player_56be7af80cb7,espn_kaggle,Kramer Hickok,Kramer Hickok,,,,
player_13bdc5beb6ea,espn_kaggle,Nicholas Cochran,Nicholas Cochran,,,,
player_f8847e5ea5f9,espn_kaggle,Paul McConnell,Paul McConnell,,,,
player_342c62f90b09,espn_kaggle,Derek Bard,Derek Bard,,,,
player_4c3b5f281c3d,espn_kaggle,Sammy Schmitz,Sammy Schmitz,,,,
player_ba3c88d210d6,espn_kaggle,Jin Cheng,Jin Cheng,,,,
player_262623f6f8ef,espn_kaggle,Paul Chaplet,Paul Chaplet,,,,
player_6c4d650e89fd,espn_kaggle,Curtis Reed,Curtis Reed,,,,
player_549b7dbb72f8,espn_kaggle,Robby Ormand,Robby Ormand,,,,
player_063704294528,espn_kaggle,Brad Dalke (a),Brad Dalke (a),,,,
player_3f99c41c4554,espn_kaggle,Zach Wright,Zach Wright,,,,
player_a9f6e46c71b2,espn_kaggle,Tim Yelverton,Tim Yelverton,,,,
player_a488be0875df,espn_kaggle,Ethan Tracy,Ethan Tracy,,,,
player_af20866d800d,espn_kaggle,Blake Olson,Blake Olson,,,,
player_8d7aeb64bd26,espn_kaggle,Kyle Robbins,Kyle Robbins,,,,
player_2158231de160,espn_kaggle,Alex Moon,Alex Moon,,,,
player_0478359eef2b,espn_kaggle,Wesley Bryan,Wesley Bryan,,,,
player_cff284d1db8a,espn_kaggle,Philip Barbaree,Philip Barbaree,,,,
player_a7b4d2a2f23c,espn_kaggle,Hayden Springer,Hayden Springer,,,,
player_1fd3e83cd42c,espn_kaggle,Frederick Janneck,Frederick Janneck,,,,
player_e459569c6c59,espn_kaggle,Brandon Harkins,Brandon Harkins,,,,
player_a8ec04a33c0c,espn_kaggle,Chase Parker,Chase Parker,,,,
player_e8d38b28ee32,espn_kaggle,Sebastian Söderberg,Sebastian Söderberg,,,,
player_18ec6811258f,espn_kaggle,Justin Suh,Justin Suh,,,,
player_0820bbf2617a,espn_kaggle,Mikael Lundberg,Mikael Lundberg,,,,
player_02e4e8ef417e,espn_kaggle,Patrick Wilkes-Krier,Patrick Wilkes-Krier,,,,
player_52643630f8a8,espn_kaggle,Kyle Mueller,Kyle Mueller,,,,
player_3ae1f6cd0ea9,espn_kaggle,Kent Bulle,Kent Bulle,,,,
player_dafd1623d570,espn_kaggle,Aaron Wise,Aaron Wise,,,,
player_f3aa5eb10882,espn_kaggle,Mark Anguiano,Mark Anguiano,,,,
player_495c35c24539,espn_kaggle,Tyler Raber,Tyler Raber,,,,
player_c954fd4cec2f,espn_kaggle,Chris Crawford,Chris Crawford,,,,
player_2ce8ba315843,espn_kaggle,Thitiphun Chuayprakong,Thitiphun Chuayprakong,,,,
player_572aea981260,espn_kaggle,Richie Schembechler,Richie Schembechler,,,,
player_ca0d7a5eb5f8,espn_kaggle,Derek Chang,Derek Chang,,,,
player_8c6ec480ccf6,espn_kaggle,Austin Jordan,Austin Jordan,,,,
player_ab4c2f578e7d,espn_kaggle,Ryan Stachler,Ryan Stachler,,,,
player_eb2ab5397612,espn_kaggle,Zach Edmondson,Zach Edmondson,,,,
player_4ccddee545bc,espn_kaggle,Young-han Song,Young-han Song,,,,
player_4475c8471f5c,espn_kaggle,Yosuke Tsukada,Yosuke Tsukada,,,,
player_f767062b8848,espn_kaggle,Michael Johnson,Michael Johnson,,,,
player_879304b0e544,espn_kaggle,Matt Gilchrest,Matt Gilchrest,,,,
player_dfccdc16ca11,espn_kaggle,Adam Hart,Adam Hart,,,,
player_4c261ee39a44,espn_kaggle,Alex Redfield,Alex Redfield,,,,
player_9078e0a02b4f,espn_kaggle,Steve Cutler,Steve Cutler,,,,
player_b717afcf5aaf,espn_kaggle,Haydn Porteous,Haydn Porteous,,,,
player_df782147b78d,espn_kaggle,Ryan Evans,Ryan Evans,,,,
player_fadd1b835abc,espn_kaggle,Zander Lombard,Zander Lombard,,,,
player_7473c58d1461,espn_kaggle,Soo-min Lee,Soo-min Lee,,,,
player_5e09cc41f5ee,espn_kaggle,Shugo Imahira,Shugo Imahira,,,,
player_5eeb2c737f72,espn_kaggle,Callum Shinkwin,Callum Shinkwin,,,,
player_2c30663eb91d,espn_kaggle,Sanghee Lee,Sanghee Lee,,,,
player_f3b13f11b4de,espn_kaggle,Clément Sordet,Clément Sordet,,,,
player_2a4dca7d91cb,espn_kaggle,Scott Gregory,Scott Gregory,,,,
player_5498ef6d169d,espn_kaggle,Brandon Stone,Brandon Stone,,,,
player_a6b6f458b29d,espn_kaggle,Jack Senior,Jack Senior,,,,
player_0c88cf671d62,espn_kaggle,James Heath,James Heath,,,,
player_9f05de5c2332,espn_kaggle,Scott Fernandez,Scott Fernandez,,,,
player_6b1da8a28a27,espn_kaggle,Phachara Khongwatmai,Phachara Khongwatmai,,,,
player_6e913e3a355f,espn_kaggle,Lasse Jensen,Lasse Jensen,,,,
player_7252c3ef8ece,espn_kaggle,Stefano Mazzoli,Stefano Mazzoli,,,,
player_4971fcd36e74,espn_kaggle,Paul Howard,Paul Howard,,,,
player_25624962cbf5,espn_kaggle,Oskar Arvidsson,Oskar Arvidsson,,,,
player_9916b183964a,espn_kaggle,Jeunghun Wang,Jeunghun Wang,,,,
player_3660689d86a5,espn_kaggle,Jared du Toit,Jared du Toit,,,,
player_b11b7840c6d5,espn_kaggle,Adam Cornelson,Adam Cornelson,,,,
player_2a27bee52833,espn_kaggle,Branson Ferrier,Branson Ferrier,,,,
player_d6f45703905f,espn_kaggle,Taylor Moore,Taylor Moore,,,,
player_f40a3f03c52c,espn_kaggle,Hugo Bernard,Hugo Bernard,,,,
player_c8118f611670,espn_kaggle,Josh Speight,Josh Speight,,,,
player_32eb3bc14a1b,espn_kaggle,Tommy Sharp,Tommy Sharp,,,,
player_527f70c2f57b,espn_kaggle,Brad Ott,Brad Ott,,,,
player_03d66dcf1e73,espn_kaggle,Wyatt Worthington II,Wyatt Worthington II,,,,
player_c81e6395a88b,espn_kaggle,Ryan McClintock,Ryan McClintock,,,,
player_76b76e9e6356,espn_kaggle,Brian Bullington,Brian Bullington,,,,
player_33956b9d320e,espn_kaggle,Brett Drewitt,Brett Drewitt,,,,
player_f96b31a9161c,espn_kaggle,Dominic Bozzelli,Dominic Bozzelli,,,,
player_b9ce0cb0c031,espn_kaggle,J.T. Poston,J.T. Poston,,,,
player_4d5008fab638,espn_kaggle,Séamus Power,Séamus Power,,,,
player_21c977d7840c,espn_kaggle,Collin Morikawa,Collin Morikawa,,,,
player_10c3570b6650,espn_kaggle,Rick Lamb,Rick Lamb,,,,
player_6247c4a798fc,espn_kaggle,Gavin Green,Gavin Green,,,,
player_de6fee39131e,espn_kaggle,Jacques Blaauw,Jacques Blaauw,,,,
player_c5bc54cccdba,espn_kaggle,Huilin Zhang,Huilin Zhang,,,,
player_890baa82c625,espn_kaggle,Shih-chang Chan,Shih-chang Chan,,,,
player_6bdd7e3eac33,espn_kaggle,Hui-lin Zhang,Hui-lin Zhang,,,,
player_2f38c06b5c2b,espn_kaggle,Sebastián Muñoz,Sebastián Muñoz,,,,
player_e77c263f5a2e,espn_kaggle,Drew Goff,Drew Goff,,,,
player_88d7504f1ece,espn_kaggle,Kurt Kitayama,Kurt Kitayama,,,,
player_df505ba456d4,espn_kaggle,Sihwan Kim,Sihwan Kim,,,,
player_0a07a1360b36,espn_kaggle,Cam Davis,Cam Davis,,,,
player_18d17393bc51,espn_kaggle,Jonathan Garrick,Jonathan Garrick,,,,
player_b51a23a1305b,espn_kaggle,Anders Albertson,Anders Albertson,,,,
player_e8e74361edfc,espn_kaggle,Jared Sawada,Jared Sawada,,,,
player_9b1f1205edc9,espn_kaggle,Brent Grant,Brent Grant,,,,
player_ed4b73236352,espn_kaggle,Kenny Pigman,Kenny Pigman,,,,
player_5ba265f33640,espn_kaggle,Chris Evans,Chris Evans,,,,
player_41ed11ac1878,espn_kaggle,Maximilian Rottluff,Maximilian Rottluff,,,,
player_65436e520489,espn_kaggle,Jim Knous,Jim Knous,,,,
player_8f406830b518,espn_kaggle,Brett Coletta,Brett Coletta,,,,
player_b0d6c63d62de,espn_kaggle,Ray Otis,Ray Otis,,,,
player_b1c8751e5664,espn_kaggle,Sahith Theegala,Sahith Theegala,,,,
player_34bf2da0e82a,espn_kaggle,Kevin Dougherty,Kevin Dougherty,,,,
player_8100f11c1c00,espn_kaggle,Jinho Choi,Jinho Choi,,,,
player_996c815855a5,espn_kaggle,Sam Brazel,Sam Brazel,,,,
player_4e6b291b231d,espn_kaggle,Matthew Griffin,Matthew Griffin,,,,
player_24550d275683,espn_kaggle,Keith Mitchell,Keith Mitchell,,,,
player_086827426f19,espn_kaggle,Jimmy Stanger,Jimmy Stanger,,,,
player_735a0144d42b,espn_kaggle,Curtis Luck,Curtis Luck,,,,
player_d7a14b563ec7,espn_kaggle,Matthias Schwab,Matthias Schwab,,,,
player_6176aad512a0,espn_kaggle,Cyril Bouniol,Cyril Bouniol,,,,
player_7c7f6dd9ec6b,espn_kaggle,Will Cannon,Will Cannon,,,,
player_fa175d529366,espn_kaggle,Wade Binfield,Wade Binfield,,,,
player_d06cb483cec0,espn_kaggle,Ryan McCormick,Ryan McCormick,,,,
player_5a45d0b4430b,espn_kaggle,Chris Nido,Chris Nido,,,,
player_416474589724,espn_kaggle,Neil Johnson,Neil Johnson,,,,
player_8e13b4757e60,espn_kaggle,Colin Monagle,Colin Monagle,,,,
player_3aa981b9473c,espn_kaggle,Wesley McClain,Wesley McClain,,,,
player_bcb12cc4d5f2,espn_kaggle,Riley Arp,Riley Arp,,,,
player_95a7abb38773,espn_kaggle,Stewart Hagestad (a),Stewart Hagestad (a),,,,
player_f8e3e82bb112,espn_kaggle,Toto Gana,Toto Gana,,,,
player_a11d805e690b,espn_kaggle,Brooks Blackburn,Brooks Blackburn,,,,
player_6789f2d788bd,espn_kaggle,Casey Russell,Casey Russell,,,,
player_093730a4956e,espn_kaggle,Zach Cabra,Zach Cabra,,,,
player_9e676e9ac93f,espn_kaggle,Chase Koepka,Chase Koepka,,,,
player_c0493ccc6357,espn_kaggle,Carter Jenkins,Carter Jenkins,,,,
player_0bf0e4055088,espn_kaggle,Blake Kennedy,Blake Kennedy,,,,
player_422beb8a1663,espn_kaggle,Sean Kelly,Sean Kelly,,,,
player_59d802ba1c92,espn_kaggle,Austin Smotherman,Austin Smotherman,,,,
player_d2784eed1255,espn_kaggle,Jazz Janewattananond,Jazz Janewattananond,,,,
player_81a5f4eaa0c2,espn_kaggle,Jamie Sadlowski,Jamie Sadlowski,,,,
player_3c3ac2984dee,espn_kaggle,Braden Thornberry,Braden Thornberry,,,,
player_0349e2a08714,espn_kaggle,Jordan Russell,Jordan Russell,,,,
player_57707f61ad50,espn_kaggle,Oliver Peacock,Oliver Peacock,,,,
player_b700af2ed64e,espn_kaggle,Cameron Champ,Cameron Champ,,,,
player_caf1a7029fcf,espn_kaggle,Tyler Light,Tyler Light,,,,
player_40490a634ff4,espn_kaggle,Mason Andersen,Mason Andersen,,,,
player_8fa142d5d3f9,espn_kaggle,Alex Smalley,Alex Smalley,,,,
player_1ba6c15ce369,espn_kaggle,Sam Ryder,Sam Ryder,,,,
player_88180619ff60,espn_kaggle,Max Greyserman,Max Greyserman,,,,
player_9150a9d58b76,espn_kaggle,Joaquín Niemann,Joaquín Niemann,,,,
player_7c1b9eec6821,espn_kaggle,Chan Kim,Chan Kim,,,,
player_777b4b72b54c,espn_kaggle,Matt Wallace,Matt Wallace,,,,
player_e5b043187d0b,espn_kaggle,Aaron Rai,Aaron Rai,,,,
player_fb44196ae401,espn_kaggle,Derek Barron,Derek Barron,,,,
player_059a682110f2,espn_kaggle,Roman Robledo,Roman Robledo,,,,
player_0e1cb35c1eb5,espn_kaggle,Matthew Campbell,Matthew Campbell,,,,
player_affe65259188,espn_kaggle,Walker Lee,Walker Lee,,,,
player_b5dee752397c,espn_kaggle,Zach Zaback,Zach Zaback,,,,
player_a6a3592da6ad,espn_kaggle,Wyndham Clark,Wyndham Clark,,,,
player_06232713589e,espn_kaggle,Clayton Portz,Clayton Portz,,,,
player_71f64d000fdc,espn_kaggle,Alan Cooke,Alan Cooke,,,,
player_05b9cb9d0164,espn_kaggle,David Lawrence,David Lawrence,,,,
player_21c8c1b16871,espn_kaggle,Dylan Meyer,Dylan Meyer,,,,
player_31c98dba6476,espn_kaggle,Kurt Slattery,Kurt Slattery,,,,
player_23a65ae3b009,espn_kaggle,Darin Fisher,Darin Fisher,,,,
player_522054e3a32a,espn_kaggle,Matt Lee,Matt Lee,,,,
player_5008cbb967dc,espn_kaggle,S.M. Lee,S.M. Lee,,,,
player_2c2a2a6df035,espn_kaggle,Derek Rende,Derek Rende,,,,
player_45190e5416a1,espn_kaggle,Mookie DeMoss,Mookie DeMoss,,,,
player_0064841e3604,espn_kaggle,Mike Genovese,Mike Genovese,,,,
player_ff3612e699ba,espn_kaggle,Trace Crowe,Trace Crowe,,,,
player_1605ec7ba9a6,espn_kaggle,Brad Sill,Brad Sill,,,,
player_da058afb8d88,espn_kaggle,Yikeun Chang,Yikeun Chang,,,,
player_4c0585e3c9cf,espn_kaggle,Toby Tree,Toby Tree,,,,
player_cd72b2291925,espn_kaggle,Mike Lorenzo-Vera,Mike Lorenzo-Vera,,,,
player_54c626533533,espn_kaggle,Alfie Plant,Alfie Plant,,,,
player_b72b9232e9ff,espn_kaggle,Shaun Norris,Shaun Norris,,,,
player_7f536055b5ca,espn_kaggle,Joe Dean,Joe Dean,,,,
player_cbdb723965fb,espn_kaggle,Julian Suri,Julian Suri,,,,
player_83f283aae74b,espn_kaggle,Ryan McCarthy,Ryan McCarthy,,,,
player_e379f45cda46,espn_kaggle,Alexander Björk,Alexander Björk,,,,
player_4621422cacd9,espn_kaggle,Gi-Whan Kim,Gi-Whan Kim,,,,
player_c2180f05c494,espn_kaggle,Haydn McCullen,Haydn McCullen,,,,
player_8f755c6ee503,espn_kaggle,Dylan Frittelli,Dylan Frittelli,,,,
player_68813a0727d7,espn_kaggle,Ashley Hall,Ashley Hall,,,,
player_4c3d1abfa20b,espn_kaggle,Connor Syme,Connor Syme,,,,
player_61c973a73e91,espn_kaggle,Stuart Manley,Stuart Manley,,,,
player_fa36bcf60072,espn_kaggle,Luca Cianchetti,Luca Cianchetti,,,,
player_fad9fff29f08,espn_kaggle,Nick McCarthy,Nick McCarthy,,,,
player_53f55ab5f441,espn_kaggle,Harry Ellis,Harry Ellis,,,,
player_6eab2df2427b,espn_kaggle,Matthieu Pavon,Matthieu Pavon,,,,
player_18c9089ef188,espn_kaggle,Adam Hodkinson,Adam Hodkinson,,,,
player_df75357e6f63,espn_kaggle,Drew Nesbitt,Drew Nesbitt,,,,
player_9928757507a2,espn_kaggle,Johnny Ruiz,Johnny Ruiz,,,,
player_c43ff98c2888,espn_kaggle,Austin James,Austin James,,,,
player_cfe07914b7c6,espn_kaggle,Daniel Kim,Daniel Kim,,,,
player_103fcf8a3d50,espn_kaggle,Ryan Williams,Ryan Williams,,,,
player_2b9385900ddc,espn_kaggle,Jordan Smith,Jordan Smith,,,,
player_ec793dfb95c2,espn_kaggle,Jaysen Hansen,Jaysen Hansen,,,,
player_464bbe0f71f9,espn_kaggle,JJ Wood,JJ Wood,,,,
player_ed62418dec9e,espn_kaggle,Chris Moody,Chris Moody,,,,
player_2a3378ab8834,espn_kaggle,Alex Beach,Alex Beach,,,,
player_1d27672b079e,espn_kaggle,Ryan Vermeer,Ryan Vermeer,,,,
player_160f1aa70dba,espn_kaggle,Jason Widener,Jason Widener,,,,
player_3666e406179a,espn_kaggle,Tom Lovelady,Tom Lovelady,,,,
player_296a35376c89,espn_kaggle,Andrew Yun,Andrew Yun,,,,
player_e0008b7ad996,espn_kaggle,Adam Schenk,Adam Schenk,,,,
player_08434d4d960d,espn_kaggle,Dino Giacomazzi,Dino Giacomazzi,,,,
player_da1b890c67e4,espn_kaggle,Poom Saksansin,Poom Saksansin,,,,
player_db7dbc05cf06,espn_kaggle,Seunghyuk Kim,Seunghyuk Kim,,,,
player_5fff1685405c,espn_kaggle,Hyungjoon Lee,Hyungjoon Lee,,,,
player_37aeeda02a56,espn_kaggle,Junghwan Lee,Junghwan Lee,,,,
player_51f55fdba9d4,espn_kaggle,Min Lee,Min Lee,,,,
player_0a40a8056ba9,espn_kaggle,Hyun-woo Ryu,Hyun-woo Ryu,,,,
player_a556598df606,espn_kaggle,Yan-wei Liu,Yan-wei Liu,,,,
player_8adcedc502fb,espn_kaggle,Scott Strohmeyer,Scott Strohmeyer,,,,
player_c72b550fb597,espn_kaggle,Grady Brame Jr.,Grady Brame Jr.,,,,
player_88e97548dcd3,espn_kaggle,Ben Wolcott,Ben Wolcott,,,,
player_dbf271377f91,espn_kaggle,Ross Bell,Ross Bell,,,,
player_190b99ee4cd8,espn_kaggle,A.J. McInerney,A.J. McInerney,,,,
player_4306e9fd38d8,espn_kaggle,Tom Whitney,Tom Whitney,,,,
player_8e447d94d32b,espn_kaggle,Javier Colomo,Javier Colomo,,,,
player_11b6a449e551,espn_kaggle,Sean Jacklin,Sean Jacklin,,,,
player_1e492376be6d,espn_kaggle,Greyson Sigg,Greyson Sigg,,,,
player_41e986d459a0,espn_kaggle,Andrew Novak,Andrew Novak,,,,
player_d4e6a4a9a810,espn_kaggle,Kyle Owen,Kyle Owen,,,,
player_a9098e33164c,espn_kaggle,Tatsuya Kodai,Tatsuya Kodai,,,,
player_8f809015a592,espn_kaggle,Tyler Ota,Tyler Ota,,,,
player_097641736eea,espn_kaggle,Charles Reiter (a),Charles Reiter (a),,,,
player_cb492aa83d07,espn_kaggle,Norman Xiong,Norman Xiong,,,,
player_46cde10dd447,espn_kaggle,Tyler Torano,Tyler Torano,,,,
player_f4c7b547bbef,espn_kaggle,Andrew Filbert,Andrew Filbert,,,,
player_723f42e50fc4,espn_kaggle,Shubhankar Sharma,Shubhankar Sharma,,,,
player_30b3bbe38622,espn_kaggle,Chris Paisley,Chris Paisley,,,,
player_c78d3d768f8f,espn_kaggle,Tyler Strafaci,Tyler Strafaci,,,,
player_764cb060ac80,espn_kaggle,Doc Redman,Doc Redman,,,,
player_4818527462ee,espn_kaggle,Donny Lee,Donny Lee,,,,
player_6efc99ce8b31,espn_kaggle,Tyler McCumber,Tyler McCumber,,,,
player_b7026003acec,espn_kaggle,Santiago Rivas,Santiago Rivas,,,,
player_ae164407de86,espn_kaggle,Augusto Núñez,Augusto Núñez,,,,
player_67b8a1e8582a,espn_kaggle,Hiram Silfa,Hiram Silfa,,,,
player_c48a68ca8a78,espn_kaggle,Willy Pumarol,Willy Pumarol,,,,
player_83c07c406543,espn_kaggle,Rhadames Pena (a),Rhadames Pena (a),,,,
player_da8e54a61fdc,espn_kaggle,Tony Romo (a),Tony Romo (a),,,,
player_e6625fee0587,espn_kaggle,Doug Ghim,Doug Ghim,,,,
player_45d3809739f8,espn_kaggle,Yuxin Lin,Yuxin Lin,,,,
player_4cb516e0ccc6,espn_kaggle,Matt Parziale (a),Matt Parziale (a),,,,
player_e591d47fcbe3,espn_kaggle,Philip Knowles,Philip Knowles,,,,
player_47ea9dd6ee9e,espn_kaggle,Joshua Creel,Joshua Creel,,,,
player_d1d07e8b0141,espn_kaggle,Jesse Droemer,Jesse Droemer,,,,
player_8d5579856e66,espn_kaggle,J.T. Griffin,J.T. Griffin,,,,
player_694f36aafb44,espn_kaggle,Mito Pereira,Mito Pereira,,,,
player_891955c57bc7,espn_kaggle,Noah Goodwin,Noah Goodwin,,,,
player_f15b843fb158,espn_kaggle,Grant Hirschman,Grant Hirschman,,,,
player_534f6f6d7444,espn_kaggle,Ben Crancer,Ben Crancer,,,,
player_18a15f421601,espn_kaggle,Dawson Armstrong,Dawson Armstrong,,,,
player_7c78382af69f,espn_kaggle,Luis Gagne,Luis Gagne,,,,
player_a6ca6e8e7daf,espn_kaggle,Mickey DeMorat,Mickey DeMorat,,,,
player_9e178387316c,espn_kaggle,Calum Hill,Calum Hill,,,,
player_eeff4ed7e347,espn_kaggle,Jason Scrivener,Jason Scrivener,,,,
player_b3cc186a7507,espn_kaggle,Sungjae Im,Sungjae Im,,,,
player_9bed8181a03e,espn_kaggle,Cole Miller,Cole Miller,,,,
player_77c878ac520f,espn_kaggle,David Bransdon,David Bransdon,,,,
player_a2e6d344c695,espn_kaggle,Rhett Rasmussen,Rhett Rasmussen,,,,
player_38f7ea918ded,espn_kaggle,Chris Andrew Babcock,Chris Andrew Babcock,,,,
player_10cf82b96f21,espn_kaggle,Theo Humphrey,Theo Humphrey,,,,
player_817b5d92cf16,espn_kaggle,Jacob Bergeron,Jacob Bergeron,,,,
player_e0c532e6f053,espn_kaggle,Lucas Herbert,Lucas Herbert,,,,
player_57144ee202ab,espn_kaggle,Kevin Yu,Kevin Yu,,,,
player_84637251ab72,espn_kaggle,David Gazzolo,David Gazzolo,,,,
player_17e1141d7bff,espn_kaggle,Timothy Wiseman (a),Timothy Wiseman (a),,,,
player_047b201b769d,espn_kaggle,Ryan Lumsden,Ryan Lumsden,,,,
player_f00c666a1b8c,espn_kaggle,Franklin Huang,Franklin Huang,,,,
player_0aec52c47579,espn_kaggle,Kristoffer Reitan,Kristoffer Reitan,,,,
player_d794ff066336,espn_kaggle,Rikuya Hoshino,Rikuya Hoshino,,,,
player_012d850b6873,espn_kaggle,Shota Akiyoshi,Shota Akiyoshi,,,,
player_55ce3cc740d0,espn_kaggle,Sulman Raza,Sulman Raza,,,,
player_004cad787f3c,espn_kaggle,Shintaro Ban,Shintaro Ban,,,,
player_d6b35c788318,espn_kaggle,Adam D'Amario,Adam D'Amario,,,,
player_501126743291,espn_kaggle,Kris Ventura,Kris Ventura,,,,
player_4bdd27f22540,espn_kaggle,Blake Taylor,Blake Taylor,,,,
player_4f2e118278de,espn_kaggle,Logan Lagodich,Logan Lagodich,,,,
player_12305c95d8dd,espn_kaggle,Davey Jude,Davey Jude,,,,
player_2293c54b58d2,espn_kaggle,Devin Gee,Devin Gee,,,,
player_91cf95509942,espn_kaggle,Manav Shah,Manav Shah,,,,
player_449358255372,espn_kaggle,Broc Everett,Broc Everett,,,,
player_5d0e243fa822,espn_kaggle,John VanDerLaan,John VanDerLaan,,,,
player_e7e8b2a79566,espn_kaggle,Cooper Musselman,Cooper Musselman,,,,
player_11c22d8d473b,espn_kaggle,Chip McDaniel,Chip McDaniel,,,,
player_730f1e50ac01,espn_kaggle,Grover Justice,Grover Justice,,,,
player_c4f2cea1ae0a,espn_kaggle,Ryan Michael Wenzler,Ryan Michael Wenzler,,,,
player_bc9a6b0c2f52,espn_kaggle,Brittany Lincicome,Brittany Lincicome,,,,
player_2c6686876d5b,espn_kaggle,Erik van Rooyen,Erik van Rooyen,,,,
player_89c18bd970d7,espn_kaggle,Sean Crocker,Sean Crocker,,,,
player_9c21f6960085,espn_kaggle,Marcus Kinhult,Marcus Kinhult,,,,
player_4abbb4a60701,espn_kaggle,Sam Locke,Sam Locke,,,,
player_58b5335f4b34,espn_kaggle,Nicolai Højgaard,Nicolai Højgaard,,,,
player_3d5ebd3b6c13,espn_kaggle,Marcus Armitage,Marcus Armitage,,,,
player_0130343fbd2c,espn_kaggle,Sungkug Park,Sungkug Park,,,,
player_657896e42b71,espn_kaggle,Ryuko Tokimatsu,Ryuko Tokimatsu,,,,
player_0c333c662d95,espn_kaggle,Thomas Curtis,Thomas Curtis,,,,
player_8220a728e546,espn_kaggle,Haraldur Magnus,Haraldur Magnus,,,,
player_dfec5187a270,espn_kaggle,Danthai Boonma,Danthai Boonma,,,,
player_90361e6821bf,espn_kaggle,Minchel Choi,Minchel Choi,,,,
player_a10715b35d8a,espn_kaggle,Ashton Turner,Ashton Turner,,,,
player_dfe8e8432ac7,espn_kaggle,James Robinson,James Robinson,,,,
player_09444fff9f35,espn_kaggle,Jovan Rebula,Jovan Rebula,,,,
player_20d585baf065,espn_kaggle,Jens Dantorp,Jens Dantorp,,,,
player_db0ad34d2990,espn_kaggle,George Cunningham,George Cunningham,,,,
player_13ea0f113bd9,espn_kaggle,Chris Crisologo,Chris Crisologo,,,,
player_925a066a91e8,espn_kaggle,Joey Savoie,Joey Savoie,,,,
player_5e179029d2cc,espn_kaggle,Russell Budd,Russell Budd,,,,
player_fc7ae493fb5f,espn_kaggle,Zach Bauchou,Zach Bauchou,,,,
player_9ae1238c6631,espn_kaggle,Sam Fidone,Sam Fidone,,,,
player_097be3c6551d,espn_kaggle,Marc-Étienne Bussières,Marc-Étienne Bussières,,,,
player_6c42cbd42ca8,espn_kaggle,Mitchell Sutton,Mitchell Sutton,,,,
player_6c00b8c13954,espn_kaggle,Justin YW Kim,Justin YW Kim,,,,
player_bc423e33f45d,espn_kaggle,Ben Kern,Ben Kern,,,,
player_a61379468c42,espn_kaggle,Adrian Otaegui,Adrian Otaegui,,,,
player_4c362866f700,espn_kaggle,Mikko Korhonen,Mikko Korhonen,,,,
player_286ea461e9e9,espn_kaggle,Zach J. Johnson,Zach J. Johnson,,,,
player_9b38392c5524,espn_kaggle,Shawn Warren,Shawn Warren,,,,
player_d2977a1b8942,espn_kaggle,Stewart Jolly,Stewart Jolly,,,,
player_cdcedcec0aa7,espn_kaggle,Sepp Straka,Sepp Straka,,,,
player_776c0b078605,espn_kaggle,Seth Reeves,Seth Reeves,,,,
player_90133d7a719d,espn_kaggle,Hank Lebioda,Hank Lebioda,,,,
player_ebc05f597291,espn_kaggle,Mark Mulder,Mark Mulder,,,,
player_ccfbcf0baf99,espn_kaggle,John Catlin,John Catlin,,,,
player_728a0ae1c48d,espn_kaggle,Sanghyun Park,Sanghyun Park,,,,
player_183b786e71ff,espn_kaggle,Leun-Kwang Kim,Leun-Kwang Kim,,,,
player_1ebd3168c580,espn_kaggle,Dongseop Maeng,Dongseop Maeng,,,,
player_817c8eee4110,espn_kaggle,Taehee Lee,Taehee Lee,,,,
player_39ebf5901a57,espn_kaggle,Doyeob Mun,Doyeob Mun,,,,
player_a771be0812fa,espn_kaggle,Carl Yuan,Carl Yuan,,,,
player_70facded660f,espn_kaggle,Jason Norris,Jason Norris,,,,
player_1330127db9e8,espn_kaggle,Yuki Inamori,Yuki Inamori,,,,
player_235ab0dfc571,espn_kaggle,JC Ritchie,JC Ritchie,,,,
player_4bdc0af30439,espn_kaggle,Bowen Xiao,Bowen Xiao,,,,
player_1ad1cb8b053d,espn_kaggle,Hayden Buckley,Hayden Buckley,,,,
player_2237471adf2a,espn_kaggle,Wilson Furr,Wilson Furr,,,,
player_8d7d72b67048,espn_kaggle,Kyle Ramey,Kyle Ramey,,,,
player_6ec1ddb85577,espn_kaggle,Cole Nygren,Cole Nygren,,,,
player_b08882973b89,espn_kaggle,Viktor Hovland,Viktor Hovland,,,,
player_d1ef5b86f914,espn_kaggle,Adri Arnaus,Adri Arnaus,,,,
player_68d5b543b865,espn_kaggle,Matt Hutchins,Matt Hutchins,,,,
player_ff95fbd74f4e,espn_kaggle,Lee Hodges,Lee Hodges,,,,
player_4473d1efb3ea,espn_kaggle,Garrett Barber,Garrett Barber,,,,
player_2b8f247d6b34,espn_kaggle,Blake Morris,Blake Morris,,,,
player_3ad1aa563909,espn_kaggle,Ben Griffin,Ben Griffin,,,,
player_0d8ba5bd851c,espn_kaggle,Peter Jones,Peter Jones,,,,
player_aabbaab753db,espn_kaggle,Takumi Kanaya,Takumi Kanaya,,,,
player_87e00bf7f054,espn_kaggle,Peter Jung (a),Peter Jung (a),,,,
player_6f68009c4905,espn_kaggle,BJ Doucett,BJ Doucett,,,,
player_7430dfeabb12,espn_kaggle,Matthew Wolff,Matthew Wolff,,,,
player_e8c6017ee35c,espn_kaggle,Ho Sung Choi,Ho Sung Choi,,,,
player_b8b7ad6f5258,espn_kaggle,Lukas Euler,Lukas Euler,,,,
player_bf0ad690f73e,espn_kaggle,Bryson Nimmer,Bryson Nimmer,,,,
player_99117afae7b0,espn_kaggle,Nick Heinen,Nick Heinen,,,,
player_1d4b701dc5d5,espn_kaggle,Yuwa Kosaihira,Yuwa Kosaihira,,,,
player_f93d3376a398,espn_kaggle,Kyle Sanders,Kyle Sanders,,,,
player_5c7c5cdcb31f,espn_kaggle,Alexander Hicks,Alexander Hicks,,,,
player_acbf5971b412,espn_kaggle,Jake McLeod,Jake McLeod,,,,
player_6c6fec01f2ef,espn_kaggle,Akshay Bhatia,Akshay Bhatia,,,,
player_384d026bace4,espn_kaggle,Thomas Detry,Thomas Detry,,,,
player_f24ef448babd,espn_kaggle,Juan Cayro Delgado,Juan Cayro Delgado,,,,
player_cc9552d4f85a,espn_kaggle,Justin Bertsch,Justin Bertsch,,,,
player_1c62d14f6d7f,espn_kaggle,Mike Ballo,Mike Ballo,,,,
player_4435eb5fe887,espn_kaggle,Paul Barjon,Paul Barjon,,,,
player_f83c6a672705,espn_kaggle,Rufus Brijalba,Rufus Brijalba,,,,
player_1b4c9327bbab,espn_kaggle,Alvaro Ortiz,Alvaro Ortiz,,,,
player_95777a973499,espn_kaggle,Devon Bling,Devon Bling,,,,
player_41b77cd4aa8f,espn_kaggle,Kevin O'Connell (a),Kevin O'Connell (a),,,,
player_6fe6f517998c,espn_kaggle,John Augenstein,John Augenstein,,,,
player_d8d86b467af6,espn_kaggle,Ray Franz Jr.,Ray Franz Jr.,,,,
player_6dd303defe71,espn_kaggle,Matthew Short,Matthew Short,,,,
player_4795aee45c82,espn_kaggle,Derek Oland,Derek Oland,,,,
player_e7e952428836,espn_kaggle,Todd Balkin,Todd Balkin,,,,
player_65a50f6a1760,espn_kaggle,Ben Cook,Ben Cook,,,,
player_a6d625ab77cf,espn_kaggle,Brian Mackey,Brian Mackey,,,,
player_74ed99d79a7c,espn_kaggle,Tucker Wadkins,Tucker Wadkins,,,,
player_4b0c044c8927,espn_kaggle,James Allenby,James Allenby,,,,
player_4ee4c5e85c94,espn_kaggle,Etienne Brault,Etienne Brault,,,,
player_3c89f0584d85,espn_kaggle,JC Deacon,JC Deacon,,,,
player_ecb3153016be,espn_kaggle,Joseph Deraney,Joseph Deraney,,,,
player_408b2c6e9809,espn_kaggle,Thomas DeMarco,Thomas DeMarco,,,,
player_7432892e2f42,espn_kaggle,Matthew Anderson,Matthew Anderson,,,,
player_cea29b2b22c2,espn_kaggle,Josh Whalen,Josh Whalen,,,,
player_437581eed486,espn_kaggle,Michael Blair,Michael Blair,,,,
player_16baeab923a3,espn_kaggle,Brandon Wu,Brandon Wu,,,,
player_426efca9468a,espn_kaggle,Chandler Eaton,Chandler Eaton,,,,
player_85e9a2134b28,espn_kaggle,Michael Thorbjornsen (a),Michael Thorbjornsen (a),,,,
player_d3fb23320ff3,espn_kaggle,Spencer Tibbits (a),Spencer Tibbits (a),,,,
player_a4e522d44a4d,espn_kaggle,Hayden Shieh,Hayden Shieh,,,,
player_0592a9a4889f,espn_kaggle,Austin Eckroat,Austin Eckroat,,,,
player_bfc1bbc1dc98,espn_kaggle,Mikumu Horikawa,Mikumu Horikawa,,,,
player_132bd727a463,espn_kaggle,Callum Tarren,Callum Tarren,,,,
player_953d6fa1c8d1,espn_kaggle,Daniel Hillier,Daniel Hillier,,,,
player_69948a08ac9e,espn_kaggle,Cameron Young,Cameron Young,,,,
player_16734d8afb2e,espn_kaggle,Matt Naumec,Matt Naumec,,,,
player_9619faba702e,espn_kaggle,Noah Norton (a),Noah Norton (a),,,,
player_70acf08a01d6,espn_kaggle,Andreas Halvorsen,Andreas Halvorsen,,,,
player_d39490c83fa0,espn_kaggle,Merrick Bremner,Merrick Bremner,,,,
player_1aea5876c8f6,espn_kaggle,Eric Dietrich,Eric Dietrich,,,,
player_290fbea2bd6e,espn_kaggle,Chris Tallman,Chris Tallman,,,,
player_06fff9021e45,espn_kaggle,Lee Houtteman,Lee Houtteman,,,,
player_f15244910a64,espn_kaggle,Brian Dwyer,Brian Dwyer,,,,
player_c2aa12c3d480,espn_kaggle,Craig Brischke,Craig Brischke,,,,
player_3a3cd6b6bd10,espn_kaggle,Robert MacIntyre,Robert MacIntyre,,,,
player_b3eb7a29de05,espn_kaggle,Andrew Wilson,Andrew Wilson,,,,
player_f0501cfb79a8,espn_kaggle,Innchoon Hwang,Innchoon Hwang,,,,
player_cacab8b25b39,espn_kaggle,Yosuke Asaji,Yosuke Asaji,,,,
player_2b92c101fe6f,espn_kaggle,Nino Bertasio,Nino Bertasio,,,,
player_80c67368af92,espn_kaggle,James Sugrue,James Sugrue,,,,
player_61318b07bba1,espn_kaggle,Christiaan Bezuidenhout,Christiaan Bezuidenhout,,,,
player_eb36ec451738,espn_kaggle,Matti Schmid,Matti Schmid,,,,
player_900be8cd2a80,espn_kaggle,Isidro Benitez,Isidro Benitez,,,,
player_e0a30ef5cff8,espn_kaggle,Gunn Charoenkul,Gunn Charoenkul,,,,
player_b887bc67f6c8,espn_kaggle,Curtis Knipes,Curtis Knipes,,,,
player_a9a8c007c3af,espn_kaggle,Dimi Papadatos,Dimi Papadatos,,,,
player_731a7bf75d02,espn_kaggle,Thomas Thurloway,Thomas Thurloway,,,,
player_e74c37d5c6bb,espn_kaggle,Stephen Stallings Jr.,Stephen Stallings Jr.,,,,
player_8d5e746d0ae9,espn_kaggle,Cullan Brown,Cullan Brown,,,,
player_9dacaea7c97b,espn_kaggle,Callum Bruce,Callum Bruce,,,,
player_7894f9d0f50b,espn_kaggle,Hunter Richardson,Hunter Richardson,,,,
player_ae373314e4c0,espn_kaggle,Marcos Montenegro,Marcos Montenegro,,,,
player_2e6902fdf0e0,espn_kaggle,Philip Eriksson,Philip Eriksson,,,,
player_528b48df49b2,espn_kaggle,Carter Grayson Page,Carter Grayson Page,,,,
player_ac426ec9f7e6,espn_kaggle,John Lyras,John Lyras,,,,
player_9dadad03d71c,espn_kaggle,Harry Higgs,Harry Higgs,,,,
player_f9dc76c3a7a8,espn_kaggle,Kyle Westmoreland,Kyle Westmoreland,,,,
player_59cd008ea17f,espn_kaggle,Vince Whaley,Vince Whaley,,,,
player_a2a65d91a2db,espn_kaggle,Michael Gellerman,Michael Gellerman,,,,
player_f3c03a9d6b24,espn_kaggle,Mason Williams,Mason Williams,,,,
player_2bd5297f7821,espn_kaggle,Joe Boros,Joe Boros,,,,
player_8b07acd249a9,espn_kaggle,Chandler Phillips,Chandler Phillips,,,,
player_edadc579f782,espn_kaggle,Will Gordon,Will Gordon,,,,
player_d2e20142915d,espn_kaggle,Isaiah Salinda,Isaiah Salinda,,,,
player_43ce6ef35c16,espn_kaggle,Henry Chung,Henry Chung,,,,
player_3fd07fef3fb6,espn_kaggle,Jack Trent (a),Jack Trent (a),,,,
player_1557a0392ccd,espn_kaggle,Dylan Wu,Dylan Wu,,,,
player_30b74f82cf7c,espn_kaggle,Braden Bailey,Braden Bailey,,,,
player_712b1ec545e1,espn_kaggle,Jeremy Gandon,Jeremy Gandon,,,,
player_fa0cdb388c43,espn_kaggle,Logan McCracken,Logan McCracken,,,,
player_5690b1d76ae3,espn_kaggle,Michael Perras,Michael Perras,,,,
player_6f84f32c7bff,espn_kaggle,Kyongjun Moon,Kyongjun Moon,,,,
player_e9f480ae3906,espn_kaggle,Wonjoon Lee,Wonjoon Lee,,,,
player_3484fa3a6694,espn_kaggle,Jeong-Woo Ham,Jeong-Woo Ham,,,,
player_2eb2124d2a78,espn_kaggle,Yongjun Bae,Yongjun Bae,,,,
player_7948f4cbbb41,espn_kaggle,Tomoharu Otsuki,Tomoharu Otsuki,,,,
player_7e26bb93cad3,espn_kaggle,Jinichiro Kozuma,Jinichiro Kozuma,,,,
player_f203e4dae90f,espn_kaggle,Victor Perez,Victor Perez,,,,
player_fba6a4381b2b,espn_kaggle,Bryce Easton,Bryce Easton,,,,
player_bd276f18c7d3,espn_kaggle,Zheng-kai Bai,Zheng-kai Bai,,,,
player_55fed4579614,espn_kaggle,Patrick Fishburn,Patrick Fishburn,,,,
player_3d651c8ba0e6,espn_kaggle,Daniel Augustus IV,Daniel Augustus IV,,,,
player_5c9649ae2a0c,espn_kaggle,Jarryd Dillas (a),Jarryd Dillas (a),,,,
player_bb04ed028778,espn_kaggle,Taylor Funk,Taylor Funk,,,,
player_f7f2ef3d9462,espn_kaggle,Kenny Leseur,Kenny Leseur,,,,
player_2302ce9c7273,espn_kaggle,Dwayne Pearman,Dwayne Pearman,,,,
player_5eca0546f7cd,espn_kaggle,Eugenio Lopez-Chacarra,Eugenio Lopez-Chacarra,,,,
player_1978233bc5a6,espn_kaggle,Davis Thompson,Davis Thompson,,,,
player_6542d2a14e7d,espn_kaggle,Rico Hoey,Rico Hoey,,,,
player_1b94754ce864,espn_kaggle,Kazuki Higa,Kazuki Higa,,,,
player_72b5918932cb,espn_kaggle,Tomoyo Ikemura,Tomoyo Ikemura,,,,
player_b39185807456,espn_kaggle,Toru Nakajima,Toru Nakajima,,,,
player_2138cccacc62,espn_kaggle,KK Limbhasut,KK Limbhasut,,,,
player_c9f4b47aff7d,espn_kaggle,Harry Hall,Harry Hall,,,,
player_d74b79fac0e9,espn_kaggle,Patrick Martin,Patrick Martin,,,,
player_953be3930d71,espn_kaggle,Patrick Flavin,Patrick Flavin,,,,
player_f5b7bad58b18,espn_kaggle,Scott de Borba,Scott de Borba,,,,
player_a73cae011bca,espn_kaggle,Sean Yu,Sean Yu,,,,
player_1476588ddd21,espn_kaggle,MJ Daffue,MJ Daffue,,,,
player_6a555ed02ae2,espn_kaggle,Justin Doeden,Justin Doeden,,,,
player_530812a57bf5,espn_kaggle,Parker Gillam,Parker Gillam,,,,
player_9e15570f256d,espn_kaggle,Zach Murray,Zach Murray,,,,
player_97b3d91a7b04,espn_kaggle,Daniel Wetterich,Daniel Wetterich,,,,
player_4a125b262350,espn_kaggle,Andrew McCain,Andrew McCain,,,,
player_f7a22ba1c837,espn_kaggle,Brandon Matthews,Brandon Matthews,,,,
player_296fe79cd4f5,espn_kaggle,Andy Ogletree,Andy Ogletree,,,,
player_1a2d0d6cabfb,espn_kaggle,Spencer Ralston,Spencer Ralston,,,,
player_408920a16055,espn_kaggle,Peter Kuest,Peter Kuest,,,,
player_5f11dc6d9e89,espn_kaggle,James Nicholas,James Nicholas,,,,
player_0c582b37644f,espn_kaggle,Donnie Trosper,Donnie Trosper,,,,
player_553e9827abf0,espn_kaggle,Aaron Thomas Crawford,Aaron Thomas Crawford,,,,
player_c03fac1a35d4,espn_kaggle,Angus Flanagan,Angus Flanagan,,,,
player_efb7a51d5f2f,espn_kaggle,Jake Kneen,Jake Kneen,,,,
player_15fb4c4b69a0,espn_kaggle,Tom Kim,Tom Kim,,,,
player_9fd3fd3d599b,espn_kaggle,Michael Auterson,Michael Auterson,,,,
player_8bd6fef1e144,espn_kaggle,Alex Knoll,Alex Knoll,,,,
player_06d61e231451,espn_kaggle,Brinson Paolini,Brinson Paolini,,,,
player_5f7f447ee576,espn_kaggle,Jake Shuman,Jake Shuman,,,,
player_787241ad2106,espn_kaggle,Luke Schniederjans,Luke Schniederjans,,,,
player_ee943e317b34,espn_kaggle,"Steve Watanabe, Jr","Steve Watanabe, Jr",,,,
player_a0eb09639945,espn_kaggle,John Pak,John Pak,,,,
player_6dacf89f4d48,espn_kaggle,Preston Summerhays (a),Preston Summerhays (a),,,,
player_c9c2067013bc,espn_kaggle,Sandy Scott (a),Sandy Scott (a),,,,
player_79178dceb345,espn_kaggle,Ricky Castillo,Ricky Castillo,,,,
player_c845a6fa3c92,espn_kaggle,Rasmus Højgaard,Rasmus Højgaard,,,,
player_ab2292359847,espn_kaggle,Sami Välimäki,Sami Välimäki,,,,
player_0724b9232051,espn_kaggle,Lukas Michel (a),Lukas Michel (a),,,,
player_66cb9ffce5ed,espn_kaggle,Eduard Rousaud,Eduard Rousaud,,,,
player_65a811af70c2,espn_kaggle,Hanbyeol Kim,Hanbyeol Kim,,,,
player_61d8021e1356,espn_kaggle,S.H. Kim,S.H. Kim,,,,
player_7a54d89f658a,espn_kaggle,Jaekyeong Lee,Jaekyeong Lee,,,,
player_d0ee2d4ab434,espn_kaggle,Naoki Sekito,Naoki Sekito,,,,
player_91d794ddd456,espn_kaggle,Danny Walker,Danny Walker,,,,
player_10c66fc32f8e,espn_kaggle,Jordan Gumberg,Jordan Gumberg,,,,
player_4431a6152fb8,espn_kaggle,Camiko Smith,Camiko Smith,,,,
player_f45f6b9ca34d,espn_kaggle,Anthony Phipps,Anthony Phipps,,,,
player_4a82b08e3b62,espn_kaggle,Erik Barnes,Erik Barnes,,,,
player_7d9e0369beeb,espn_kaggle,Kyle Hogan,Kyle Hogan,,,,
player_bd7a3c20133e,espn_kaggle,Abel Gallegos,Abel Gallegos,,,,
player_b022be46febc,espn_kaggle,Anthony Cordes,Anthony Cordes,,,,
player_1e89bfe7f511,espn_kaggle,Quade Cummins,Quade Cummins,,,,
player_f64055e46d9d,espn_kaggle,Aaron Terrazas,Aaron Terrazas,,,,
player_3523c5ef932c,espn_kaggle,Santiago Tarrio,Santiago Tarrio,,,,
player_d2354ac9e041,espn_kaggle,Patrick Cover,Patrick Cover,,,,
player_99c2edda663b,espn_kaggle,Ryosuke Kinoshita,Ryosuke Kinoshita,,,,
player_0673300cfee4,espn_kaggle,Inhoi Hur,Inhoi Hur,,,,
player_c401f875d566,espn_kaggle,Evan Kawai (a),Evan Kawai (a),,,,
player_084ebdddb08b,espn_kaggle,Kyle Mendoza,Kyle Mendoza,,,,
player_e26de404b5db,espn_kaggle,Tain Lee,Tain Lee,,,,
player_1bf6a52e2dd8,espn_kaggle,Willie Mack III,Willie Mack III,,,,
player_3b8393ba2ff4,espn_kaggle,Min Woo Lee,Min Woo Lee,,,,
player_8e3184804191,espn_kaggle,Kamaiu Johnson,Kamaiu Johnson,,,,
player_c49a6cb7db84,espn_kaggle,Taehoon Kim,Taehoon Kim,,,,
player_775923dd5531,espn_kaggle,Tim Widing,Tim Widing,,,,
player_a34777bf92c0,espn_kaggle,Trevor Simsby,Trevor Simsby,,,,
player_0ff296e8a9d9,espn_kaggle,Ian Holt,Ian Holt,,,,
player_ac6832f257ca,espn_kaggle,Tyler Collet,Tyler Collet,,,,
player_39605b1e3e4a,espn_kaggle,Carson Young,Carson Young,,,,
player_d8f471f6d892,espn_kaggle,Roberto Nieves (a),Roberto Nieves (a),,,,
player_cc2a5becb6bc,espn_kaggle,Zach Austin Smith,Zach Austin Smith,,,,
player_a809c0357fb3,espn_kaggle,Eric Cole,Eric Cole,,,,
player_710048e94a1e,espn_kaggle,Juan Jose Guerra,Juan Jose Guerra,,,,
player_c86058621585,espn_kaggle,Chris Michael Wiatr,Chris Michael Wiatr,,,,
player_552222621953,espn_kaggle,Cledy Cordoba,Cledy Cordoba,,,,
player_107a7652e045,espn_kaggle,Manuel Relancio,Manuel Relancio,,,,
player_d41ce89d2fd2,espn_kaggle,Justin McCarraher,Justin McCarraher,,,,
player_82554f74c6d1,espn_kaggle,Mac Meissner,Mac Meissner,,,,
player_d26d12309d7d,espn_kaggle,Sam Bennett,Sam Bennett,,,,
player_4dcda26b41c7,espn_kaggle,Patrick Grimes,Patrick Grimes,,,,
player_10d6efbee109,espn_kaggle,Charles Osborne,Charles Osborne,,,,
player_7c5209658a83,espn_kaggle,Joe Long,Joe Long,,,,
player_22b5e67bf438,espn_kaggle,Thomas Gibson,Thomas Gibson,,,,
player_0ff56337cf68,espn_kaggle,Michael Visacki,Michael Visacki,,,,
player_94ee7809abb5,espn_kaggle,Jordan Hahn,Jordan Hahn,,,,
player_6083f8058f88,espn_kaggle,Keenan Huskey,Keenan Huskey,,,,
player_2d27641bbf3b,espn_kaggle,Antoine Rozner,Antoine Rozner,,,,
player_dd302c390740,espn_kaggle,Pierceson Coody,Pierceson Coody,,,,
player_fe678b23a77d,espn_kaggle,Shane Pearce,Shane Pearce,,,,
player_2465d17cb457,espn_kaggle,Garrick Higgo,Garrick Higgo,,,,
player_f2ed61b166bb,espn_kaggle,Brad Marek,Brad Marek,,,,
player_1f5c8d11425f,espn_kaggle,Greg Koch,Greg Koch,,,,
player_859f294dabb2,espn_kaggle,Brett Thomas Walker,Brett Thomas Walker,,,,
player_d530ab26f024,espn_kaggle,Kalle Samooja,Kalle Samooja,,,,
player_616e6faf0a0b,espn_kaggle,Pete Ballo,Pete Ballo,,,,
player_2060c8fc2144,espn_kaggle,Tim Pearce,Tim Pearce,,,,
player_4be91c230f51,espn_kaggle,Mark Geddes,Mark Geddes,,,,
player_adfe4c0cb96f,espn_kaggle,Patrick Rada,Patrick Rada,,,,
player_623e26fbf219,espn_kaggle,Larkin Gross,Larkin Gross,,,,
player_b385b9a225d1,espn_kaggle,Derek Holmes,Derek Holmes,,,,
player_8e85ccf001cb,espn_kaggle,Chase Johnson,Chase Johnson,,,,
player_1bfa470c6029,espn_kaggle,Wilco Nienaber,Wilco Nienaber,,,,
player_091fac56ec39,espn_kaggle,Cody Blick,Cody Blick,,,,
player_968416c468f8,espn_kaggle,Brant Peaper,Brant Peaper,,,,
player_9c7a9fd257e3,espn_kaggle,Guido Migliozzi,Guido Migliozzi,,,,
player_0987b7da4b33,espn_kaggle,Taylor Montgomery,Taylor Montgomery,,,,
player_acfa3a94d702,espn_kaggle,Johannes Veerman,Johannes Veerman,,,,
player_110a2a42d7a6,espn_kaggle,Joe Highsmith,Joe Highsmith,,,,
player_af9bea7c6ea6,espn_kaggle,Matt Sharpstene,Matt Sharpstene,,,,
player_51470dd6545a,espn_kaggle,Adrian Meronk,Adrian Meronk,,,,
player_9943032e8688,espn_kaggle,Davis Shore,Davis Shore,,,,
player_e7b4fd7b6010,espn_kaggle,Roy Martin Cootes,Roy Martin Cootes,,,,
player_74e87eb78873,espn_kaggle,Luis Fernando Fernando Barco,Luis Fernando Fernando Barco,,,,
player_612eeb5c4b06,espn_kaggle,Mario Carmona,Mario Carmona,,,,
player_acc9b7e696b1,espn_kaggle,James Paul Hervol,James Paul Hervol,,,,
player_6f8f1b043cca,espn_kaggle,Brian Keiser,Brian Keiser,,,,
player_be055accf161,espn_kaggle,Luke Kluver (a),Luke Kluver (a),,,,
player_e080bd5a9110,espn_kaggle,Luke Gannon,Luke Gannon,,,,
player_1729d18de13e,espn_kaggle,Rodrigo Lee,Rodrigo Lee,,,,
player_ff0282f449b6,espn_kaggle,David Anthony Perkins,David Anthony Perkins,,,,
player_a6f3aa28fc5f,espn_kaggle,Michael Feagles,Michael Feagles,,,,
player_36c54d0afe3f,espn_kaggle,Alex Schaake,Alex Schaake,,,,
player_adb7c769a64c,espn_kaggle,Tripp Kinney,Tripp Kinney,,,,
player_d5337c44c87a,espn_kaggle,Jonathan Thomson,Jonathan Thomson,,,,
player_8b61928bd10a,espn_kaggle,Richard Mansell,Richard Mansell,,,,
player_ac97060e28cd,espn_kaggle,Ryutaro Nagano,Ryutaro Nagano,,,,
player_87a7213587b0,espn_kaggle,Laird Shepherd,Laird Shepherd,,,,
player_08accc764825,espn_kaggle,Ricardo Celia,Ricardo Celia,,,,
player_267c2ddf0f79,espn_kaggle,Sam Bairstow,Sam Bairstow,,,,
player_6ebbff4e0a62,espn_kaggle,Christoffer Bring,Christoffer Bring,,,,
player_538e007d4774,espn_kaggle,Nicholas Poppleton,Nicholas Poppleton,,,,
player_a5fd63f1e531,espn_kaggle,Ben Hutchinson,Ben Hutchinson,,,,
player_883829d9fc6f,espn_kaggle,Aaron Pike,Aaron Pike,,,,
player_3a29b7a69206,espn_kaggle,Marcel Schneider,Marcel Schneider,,,,
player_42e445ff44ef,espn_kaggle,Connor Worsdall,Connor Worsdall,,,,
player_0468c33ca2ed,espn_kaggle,Sam Forgan,Sam Forgan,,,,
player_23bf584afe31,espn_kaggle,Daniel Croft,Daniel Croft,,,,
player_a8f3b707a25a,espn_kaggle,Deyen Lawson,Deyen Lawson,,,,
player_6b56e0e4f9b5,espn_kaggle,Trey Shirley,Trey Shirley,,,,
player_ac98a01d373d,espn_kaggle,Andrew Stephens,Andrew Stephens,,,,
player_be68d1c19c46,espn_kaggle,Ryan Hall,Ryan Hall,,,,
player_35af31116a3a,espn_kaggle,Justin Quiban,Justin Quiban,,,,
player_0728759a7764,espn_kaggle,Matt Vick,Matt Vick,,,,
player_8b3d3acedf6b,espn_kaggle,Turk Pettit,Turk Pettit,,,,
player_20e8788d44ca,espn_kaggle,Max McGreevy,Max McGreevy,,,,
player_279bbf841d3c,espn_kaggle,Josh McCarthy,Josh McCarthy,,,,
player_ca626496ff3b,espn_kaggle,Trevor Werbylo,Trevor Werbylo,,,,
player_2e359116fe7b,espn_kaggle,Jared Wolfe,Jared Wolfe,,,,
player_b8d9c74242ff,espn_kaggle,Michael Duncan,Michael Duncan,,,,
player_354d2507f2ed,espn_kaggle,Cohen Trolio (a),Cohen Trolio (a),,,,
player_0153ae2766ad,espn_kaggle,Minkyu Kim,Minkyu Kim,,,,
player_dbf60a5154b9,espn_kaggle,Sanghun Shin,Sanghun Shin,,,,
player_8da2cda79e7a,espn_kaggle,Yoseop Seo,Yoseop Seo,,,,
player_ff903d255573,espn_kaggle,Naoto Nakanishi,Naoto Nakanishi,,,,
player_132aa07395e8,espn_kaggle,Keita Nakajima,Keita Nakajima,,,,
player_c6df8ead7a7f,espn_kaggle,Ryuichi Oiwa,Ryuichi Oiwa,,,,
player_bbaf44a12334,espn_kaggle,Ryo Hisatsune,Ryo Hisatsune,,,,
player_1724a7afab0b,espn_kaggle,Tomoyasu Sugiyama,Tomoyasu Sugiyama,,,,
player_4817075389b7,espn_kaggle,Naoyuki Kataoka,Naoyuki Kataoka,,,,
player_d5673dfa3c1d,espn_kaggle,Ludvig Åberg,Ludvig Åberg,,,,
player_d3b91952a005,espn_kaggle,Kyle Wilshire,Kyle Wilshire,,,,
player_5227d70f6285,espn_kaggle,Damian Palanyandi (a),Damian Palanyandi (a),,,,
player_f1addc111323,espn_kaggle,Chaka DeSilva,Chaka DeSilva,,,,
player_a9d9513f2be4,espn_kaggle,Brian Morris,Brian Morris,,,,
player_2fe51ff38ae2,espn_kaggle,Juan Carlos Benitez,Juan Carlos Benitez,,,,
player_15429ca6b132,espn_kaggle,JD Fernandez,JD Fernandez,,,,
player_58db08f57da5,espn_kaggle,Camilo Aguado,Camilo Aguado,,,,
player_9d765df50223,espn_kaggle,Samuel Del Val,Samuel Del Val,,,,
player_b033ab954bdc,espn_kaggle,Cameron Sisk,Cameron Sisk,,,,
player_eb2a155094ba,espn_kaggle,Gilbert Mendez,Gilbert Mendez,,,,
player_80f8869b9825,espn_kaggle,J.P. Griffin,J.P. Griffin,,,,
player_bf996ba259b4,espn_kaggle,Koichiro Ishika,Koichiro Ishika,,,,
player_dc1035a180d8,espn_kaggle,James Du Preez,James Du Preez,,,,
player_8781f8c7fb04,espn_kaggle,Max Sear,Max Sear,,,,
player_2028e413516f,espn_kaggle,Ryan Alford,Ryan Alford,,,,
player_57593f839f00,espn_kaggle,John Murph,John Murph,,,,
player_4bdccb0047f4,espn_kaggle,Étienne Papineau,Étienne Papineau,,,,
player_73aef2dd2f39,espn_kaggle,Jeffrey Kang,Jeffrey Kang,,,,
player_61a353a4af64,espn_kaggle,Michael Brennan (a),Michael Brennan (a),,,,
player_93a09af1d451,espn_kaggle,Aaron Beverly,Aaron Beverly,,,,
player_03acff57afd5,espn_kaggle,Martin Contini,Martin Contini,,,,
player_c856c4d5350d,espn_kaggle,Sam Stevens,Sam Stevens,,,,
player_cf3c9524ec94,espn_kaggle,James Piot,James Piot,,,,
player_176be12eab55,espn_kaggle,Chris Gotterup,Chris Gotterup,,,,
player_1f5ccb52e757,espn_kaggle,Christian Salzer,Christian Salzer,,,,
player_21b856c4e4b5,espn_kaggle,Alejandro Tosti,Alejandro Tosti,,,,
player_12e10eee4d52,espn_kaggle,Alex Fitzpatrick,Alex Fitzpatrick,,,,
player_0fbfe1607b36,espn_kaggle,Jackson Suber,Jackson Suber,,,,
player_e30ac2c5b28f,espn_kaggle,Michael Balcar,Michael Balcar,,,,
player_0c591afc8a30,espn_kaggle,Marcus Byrd,Marcus Byrd,,,,
player_355be4a63f74,espn_kaggle,Logan McAllister,Logan McAllister,,,,
player_9f83ec495dda,espn_kaggle,Jake Kevorkian,Jake Kevorkian,,,,
player_dfe3de71b12f,espn_kaggle,Samuel Saunders,Samuel Saunders,,,,
player_b26db64d6962,espn_kaggle,Austin Greaser,Austin Greaser,,,,
player_19340f22ad56,espn_kaggle,Aaron Jarvis (a),Aaron Jarvis (a),,,,
player_08343b3c2937,espn_kaggle,Morgan Deneen,Morgan Deneen,,,,
player_944b047e180e,espn_kaggle,Jose Antonio Safa (a),Jose Antonio Safa (a),,,,
player_6ea941d19f74,espn_kaggle,Jose Cristobal Islas,Jose Cristobal Islas,,,,
player_b777cf5db56c,espn_kaggle,Santiago de la Fuente (a),Santiago de la Fuente (a),,,,
player_3cdee3eaabde,espn_kaggle,Manuel Inman,Manuel Inman,,,,
player_1402e55a1019,espn_kaggle,Jacob Bridgeman,Jacob Bridgeman,,,,
player_9f85f13cfe99,espn_kaggle,Greg Odom Jr. (a),Greg Odom Jr. (a),,,,
player_4d08ea29ece4,espn_kaggle,Cooper Dossey,Cooper Dossey,,,,
player_690c8baf35be,espn_kaggle,Sadom Kaewkanjana,Sadom Kaewkanjana,,,,
player_98da34367a9d,espn_kaggle,Brandon Bingaman,Brandon Bingaman,,,,
player_35a336e6cd0a,espn_kaggle,Nic Ishee,Nic Ishee,,,,
player_4daeb9c103aa,espn_kaggle,Dylan Newman,Dylan Newman,,,,
player_62c2a7e8353c,espn_kaggle,Colin Inglis,Colin Inglis,,,,
player_47db45acb8ed,espn_kaggle,Jared Jones,Jared Jones,,,,
player_d3cd5339c13c,espn_kaggle,Casey Pyne,Casey Pyne,,,,
player_5f139abb4a68,espn_kaggle,Tim Feenstra,Tim Feenstra,,,,
player_be77a07009ab,espn_kaggle,Austin Hurt,Austin Hurt,,,,
player_280d036f7d3c,espn_kaggle,Zac Oakley,Zac Oakley,,,,
player_c738aaf45871,espn_kaggle,Jediah Morgan,Jediah Morgan,,,,
player_16b2512dddb3,espn_kaggle,Aaron Cockerill,Aaron Cockerill,,,,
player_61e576d47566,espn_kaggle,Stuart Macdonald,Stuart Macdonald,,,,
player_79da97644f8a,espn_kaggle,A.J. Ewart (a),A.J. Ewart (a),,,,
player_31d569054c75,espn_kaggle,Myles Creighton,Myles Creighton,,,,
player_65e1b920b07b,espn_kaggle,Brendan Leonard,Brendan Leonard,,,,
player_0ba548fb8b31,espn_kaggle,Max Sekulic,Max Sekulic,,,,
player_f359518e17ef,espn_kaggle,Johnny Travale (a),Johnny Travale (a),,,,
player_0e49cbf07e3a,espn_kaggle,Callum Conner Davison,Callum Conner Davison,,,,
player_d3833a3a1c43,espn_kaggle,William Buhl,William Buhl,,,,
player_efc42fd60dfd,espn_kaggle,Todd Sinnott,Todd Sinnott,,,,
player_d3e41d4b4788,espn_kaggle,Travis Vick (a),Travis Vick (a),,,,
player_fc4e7c492eb5,espn_kaggle,Wil Besseling,Wil Besseling,,,,
player_a1b0809e6244,espn_kaggle,Matt McCarty,Matt McCarty,,,,
player_6ae110bdf659,espn_kaggle,Maxwell Moldovan (a),Maxwell Moldovan (a),,,,
player_64c8801f1f09,espn_kaggle,Ryan Gerard,Ryan Gerard,,,,
player_b24d6a68d920,espn_kaggle,Adrien Dumont de Chassart,Adrien Dumont de Chassart,,,,
player_65a262957720,espn_kaggle,Andrew Beckler,Andrew Beckler,,,,
player_4ccb314272ca,espn_kaggle,Brady Calkins,Brady Calkins,,,,
player_860c48d1d1e3,espn_kaggle,William Mouw,William Mouw,,,,
player_69f83ef6727e,espn_kaggle,Yannik Paul,Yannik Paul,,,,
player_a9fa2c8564e0,espn_kaggle,Daijiro Izumida,Daijiro Izumida,,,,
player_0a5fb99b7ae4,espn_kaggle,Fred Biondi,Fred Biondi,,,,
player_03dc2f083552,espn_kaggle,Nick Dunlap,Nick Dunlap,,,,
player_a66cee4cec0b,espn_kaggle,Ben Lorenz (a),Ben Lorenz (a),,,,
player_7b9f5bd802b4,espn_kaggle,Caleb Manuel (a),Caleb Manuel (a),,,,
player_091ce7ea8cc6,espn_kaggle,Keith Greene,Keith Greene,,,,
player_95e7274527b2,espn_kaggle,Benjamin James (a),Benjamin James (a),,,,
player_e9f3e92aef88,espn_kaggle,Preston Stanley,Preston Stanley,,,,
player_22f63c585249,espn_kaggle,Nathan Petronzio (a),Nathan Petronzio (a),,,,
player_29c9cf070479,espn_kaggle,Quinn Riley,Quinn Riley,,,,
player_3a41ec6a12fc,espn_kaggle,Charles Jahn,Charles Jahn,,,,
player_9defb135384a,espn_kaggle,Thriston Lawrence,Thriston Lawrence,,,,
player_28fba613d338,espn_kaggle,David Law,David Law,,,,
player_31b53349c24a,espn_kaggle,Matthew Jordan,Matthew Jordan,,,,
player_71eb671d7172,espn_kaggle,Ewen Ferguson,Ewen Ferguson,,,,
player_a04caf8eba50,espn_kaggle,Joakim Lagergren,Joakim Lagergren,,,,
player_7c8506c7109d,espn_kaggle,Daniel Gavins,Daniel Gavins,,,,
player_fe9c86495ad5,espn_kaggle,Jeff Winther,Jeff Winther,,,,
player_daf7f6375741,espn_kaggle,Tapio Pulkkanen,Tapio Pulkkanen,,,,
player_253e92166b3c,espn_kaggle,Joachim B Hansen,Joachim B Hansen,,,,
player_49d325aa84b1,espn_kaggle,Francesco Laporta,Francesco Laporta,,,,
player_7aa517465058,espn_kaggle,Steven Brown,Steven Brown,,,,
player_b2b3a2f394cc,espn_kaggle,Jonathan Caldwell,Jonathan Caldwell,,,,
player_0c7253f14f7e,espn_kaggle,Maverick Antcliff,Maverick Antcliff,,,,
player_89d7e6fbb9b4,espn_kaggle,Hurly Long,Hurly Long,,,,
player_5eadcbebcb76,espn_kaggle,Marcus Helligkilde,Marcus Helligkilde,,,,
player_85d6f7bde92b,espn_kaggle,Espen Kofstad,Espen Kofstad,,,,
player_34b3b4a1117a,espn_kaggle,Niklas Nørgaard Møller,Niklas Nørgaard Møller,,,,
player_003c79c3e906,espn_kaggle,Robin Roussel,Robin Roussel,,,,
player_482f7ab25bac,espn_kaggle,Lukas Nemecz,Lukas Nemecz,,,,
player_775bd2880440,espn_kaggle,Alfredo Garcia-Heredia,Alfredo Garcia-Heredia,,,,
player_5fb437fa4264,espn_kaggle,Carlos Pigem,Carlos Pigem,,,,
player_34680a95f7d2,espn_kaggle,Chase Hanna,Chase Hanna,,,,
player_385d60dd6ce4,espn_kaggle,Sebastian Garcia,Sebastian Garcia,,,,
player_3e9d29f1b438,espn_kaggle,Nicolai von Dellingshausen,Nicolai von Dellingshausen,,,,
player_f3980736a530,espn_kaggle,Maclain Huge,Maclain Huge,,,,
player_7d71b7615003,espn_kaggle,Matt Harris,Matt Harris,,,,
player_32682fcae93e,espn_kaggle,Anthony Quayle,Anthony Quayle,,,,
player_626a967dd595,espn_kaggle,Yuto Katsuragawa,Yuto Katsuragawa,,,,
player_61cbfd272ccb,espn_kaggle,Filippo Celli,Filippo Celli,,,,
player_d3c212183a6c,espn_kaggle,Lars Van Meijel,Lars Van Meijel,,,,
player_5e69efb5cc48,espn_kaggle,David Carey,David Carey,,,,
player_a0b0f123512f,espn_kaggle,Justin De Los Santos,Justin De Los Santos,,,,
player_65bc2427858a,espn_kaggle,Barclay Brown (a),Barclay Brown (a),,,,
player_3c869b615965,espn_kaggle,Jamie Rutherford,Jamie Rutherford,,,,
player_6727bc9167e8,espn_kaggle,Ben Campbell,Ben Campbell,,,,
player_e6cdeb1d6b1b,espn_kaggle,Matt Ford,Matt Ford,,,,
player_9f900192aeb8,espn_kaggle,Mingyu Cho,Mingyu Cho,,,,
player_84034fe1ccde,espn_kaggle,Marco Penge,Marco Penge,,,,
player_65fbf71e2130,espn_kaggle,Aldrich Potgieter,Aldrich Potgieter,,,,
player_308514ea6d05,espn_kaggle,Ronan Mullarney,Ronan Mullarney,,,,
player_b533262b0787,espn_kaggle,Jack Floydd,Jack Floydd,,,,
player_a05f252078a6,espn_kaggle,Alex Wrigley,Alex Wrigley,,,,
player_e97a612aaf03,espn_kaggle,Mardy Fish,Mardy Fish,,,,
player_36da228f4154,espn_kaggle,Dylan Menante (a),Dylan Menante (a),,,,
player_8acd0bec31d5,espn_kaggle,Daniel Gale,Daniel Gale,,,,
player_bffc31c96f54,espn_kaggle,Andre Metzger,Andre Metzger,,,,
player_14ce67775f99,espn_kaggle,Mo Lim,Mo Lim,,,,
player_27990e2194b8,espn_kaggle,Blake McShea,Blake McShea,,,,
player_1f3d2ef1f06c,espn_kaggle,Trent Phillips,Trent Phillips,,,,
player_683f48ceab51,espn_kaggle,Harrison Endycott,Harrison Endycott,,,,
player_7f6c66ccb0fc,espn_kaggle,Vincent Norrman,Vincent Norrman,,,,
player_801cece2c8dc,espn_kaggle,Nico Echavarria,Nico Echavarria,,,,
player_f195510ec0bb,espn_kaggle,Trevor Cone,Trevor Cone,,,,
player_9d23808cb3ba,espn_kaggle,Kevin Roy,Kevin Roy,,,,
player_00a2f56403a3,espn_kaggle,Alex Lee,Alex Lee,,,,
player_ebf4b3b68167,espn_kaggle,Taylor Lowe,Taylor Lowe,,,,
player_19679359d60d,espn_kaggle,Sam Murphy,Sam Murphy,,,,
player_5468a7efc120,espn_kaggle,Brice Wilkinson (a),Brice Wilkinson (a),,,,
player_845533d1864a,espn_kaggle,Joseph Hanko,Joseph Hanko,,,,
player_f48809e6562f,espn_kaggle,Patrick Welch,Patrick Welch,,,,
player_849fe0efb769,espn_kaggle,Xuewen Luo,Xuewen Luo,,,,
player_1f3570722d93,espn_kaggle,Derek Deminsky,Derek Deminsky,,,,
player_6ab26d4ec070,espn_kaggle,Aguri Iwasaki,Aguri Iwasaki,,,,
player_d8dc06677e72,espn_kaggle,Riki Kawamoto,Riki Kawamoto,,,,
player_4587dded848a,espn_kaggle,Kaito Onishi,Kaito Onishi,,,,
player_14864a4f9652,espn_kaggle,Chanmin Jung,Chanmin Jung,,,,
player_8f6d7639027a,espn_kaggle,Yeongsu Kim,Yeongsu Kim,,,,
player_70814b086da6,espn_kaggle,Caleb Surratt,Caleb Surratt,,,,
player_075e128fcd1d,espn_kaggle,Chandler Blanchet,Chandler Blanchet,,,,
player_6f0912890f49,espn_kaggle,Palmer Jackson (a),Palmer Jackson (a),,,,
player_c19280072605,espn_kaggle,Clay Feagler,Clay Feagler,,,,
player_62f29f14b570,espn_kaggle,Nick Jones,Nick Jones,,,,
player_0cbff9ff37ce,espn_kaggle,Kim Swan,Kim Swan,,,,
player_4639a83c91dc,espn_kaggle,Travis Trace,Travis Trace,,,,
player_e975db894877,espn_kaggle,Enrique Marin Santander,Enrique Marin Santander,,,,
player_634e2ec36b90,espn_kaggle,Conner Godsey,Conner Godsey,,,,
player_519edb050f29,espn_kaggle,Joseph Winslow,Joseph Winslow,,,,
player_e41bf0811b8d,espn_kaggle,Taiga Semikawa,Taiga Semikawa,,,,
player_c51ca2e89918,espn_kaggle,George Markham,George Markham,,,,
player_44519bbd167c,espn_kaggle,Danny Guise,Danny Guise,,,,
player_93aacb021b84,espn_kaggle,Blaze Akana (a),Blaze Akana (a),,,,
player_d37712b311be,espn_kaggle,Kohei Okada (a),Kohei Okada (a),,,,
player_118d6c80b7be,espn_kaggle,Michael Castillo,Michael Castillo,,,,
player_0898a19f8007,espn_kaggle,Michael Herrera,Michael Herrera,,,,
player_7d646e2227a1,espn_kaggle,Joey Vrzich,Joey Vrzich,,,,
player_e930049bdc94,espn_kaggle,Harrison Kingsley (a),Harrison Kingsley (a),,,,
player_74d760b199eb,espn_kaggle,Paul O'Hara,Paul O'Hara,,,,
player_29138d61e1f4,espn_kaggle,RJ Manke,RJ Manke,,,,
player_7191896bbf2d,espn_kaggle,Garett Reband,Garett Reband,,,,
player_be75187d78fc,espn_kaggle,Charles Porter,Charles Porter,,,,
player_337db17f983d,espn_kaggle,Brett White,Brett White,,,,
player_8296aa113afe,espn_kaggle,Jack Wall (a),Jack Wall (a),,,,
player_8f92a9e0b0fc,espn_kaggle,Parker Coody,Parker Coody,,,,
player_a8567afbd789,espn_kaggle,Jiri Zuska,Jiri Zuska,,,,
player_76e5dd0b34fc,espn_kaggle,Ben Carr,Ben Carr,,,,
player_85c2e3bdba2d,espn_kaggle,Tim Cantwell,Tim Cantwell,,,,
player_d51a3c7dc738,espn_kaggle,Tom Adrounie,Tom Adrounie,,,,
player_c80ae726c321,espn_kaggle,Diego Saavedra-Davila (a),Diego Saavedra-Davila (a),,,,
player_649e6da3fb35,espn_kaggle,Nick Gabrelcik,Nick Gabrelcik,,,,
player_b232f0627359,espn_kaggle,Peter Knade,Peter Knade,,,,
player_936f22fc8310,espn_kaggle,Alex Chiarella,Alex Chiarella,,,,
player_204b0309d033,espn_kaggle,Cougar Collins,Cougar Collins,,,,
player_d90d78b8f56f,espn_kaggle,Justin Kim,Justin Kim,,,,
player_2a4a8af6f186,espn_kaggle,Thomas Longbella,Thomas Longbella,,,,
player_70731c366a29,espn_kaggle,Kyle Maxwell (a),Kyle Maxwell (a),,,,
player_a3b147491bfe,espn_kaggle,Angel Hidalgo,Angel Hidalgo,,,,
player_bdc8ca3360b5,espn_kaggle,Peter Lansburgh,Peter Lansburgh,,,,
player_0bbd5db4b3a8,espn_kaggle,Matthew McClean (a),Matthew McClean (a),,,,
player_592a29fb136c,espn_kaggle,Mateo Fernandez de Oliveira,Mateo Fernandez de Oliveira,,,,
player_029ed684f476,espn_kaggle,Harrison Crowe (a),Harrison Crowe (a),,,,
player_5a488a920425,espn_kaggle,Gordon Sargent (a),Gordon Sargent (a),,,,
player_b0096b5fe92f,espn_kaggle,Raul Pereda,Raul Pereda,,,,
player_a563fccee38e,espn_kaggle,Omar Morales (a),Omar Morales (a),,,,
player_1db12e8bffff,espn_kaggle,Cristobal Del Solar,Cristobal Del Solar,,,,
player_90df6b58b5bd,espn_kaggle,Roberto Lebrija,Roberto Lebrija,,,,
player_f2591c036b49,espn_kaggle,Ryan Cole,Ryan Cole,,,,
player_c8c721ba619e,espn_kaggle,David Micheluzzi,David Micheluzzi,,,,
player_b05993398903,espn_kaggle,Taylor Bibbs,Taylor Bibbs,,,,
player_67883f530cdc,espn_kaggle,William Knauth (a),William Knauth (a),,,,
player_624cdfe111d7,espn_kaggle,Matt Cahill,Matt Cahill,,,,
player_51f7d6614db5,espn_kaggle,Braden Shattuck,Braden Shattuck,,,,
player_8479de1e1489,espn_kaggle,Jeremy Wells,Jeremy Wells,,,,
player_f36e4e670fb7,espn_kaggle,Ockie Strydom,Ockie Strydom,,,,
player_75c86f830848,espn_kaggle,Chris French,Chris French,,,,
player_22ab21427d90,espn_kaggle,John Somers,John Somers,,,,
player_5e4dea5a0713,espn_kaggle,Russell Grove,Russell Grove,,,,
player_9f15e0279d57,espn_kaggle,Gabe Reynolds,Gabe Reynolds,,,,
player_60dc5235649b,espn_kaggle,Chris Sanger,Chris Sanger,,,,
player_cbd26d2ede9a,espn_kaggle,Taylor Durham (a),Taylor Durham (a),,,,
player_81c5ddcf63d8,espn_kaggle,Sebastian Szirmak,Sebastian Szirmak,,,,
player_ef6f013990af,espn_kaggle,Luis Carrera,Luis Carrera,,,,
player_19302ce7193f,espn_kaggle,David Puig,David Puig,,,,
player_73c17bcc7846,espn_kaggle,Jacob Solomon,Jacob Solomon,,,,
player_b9533f8e3bda,espn_kaggle,Simon Forsström,Simon Forsström,,,,
player_96470d661644,espn_kaggle,J.J. Grey,J.J. Grey,,,,
player_2683664a1d22,espn_kaggle,Deon Germishuys,Deon Germishuys,,,,
player_d25f685c22f2,espn_kaggle,Bastien Amat (a),Bastien Amat (a),,,,
player_062163a47b9c,espn_kaggle,Olin Browne Jr.,Olin Browne Jr.,,,,
player_a72ffe39f580,espn_kaggle,David Nyfjall,David Nyfjall,,,,
player_80ff70fce116,espn_kaggle,Corey Pereira,Corey Pereira,,,,
player_8d791e9b73c6,espn_kaggle,Alejandro Del Rey,Alejandro Del Rey,,,,
player_39fb82fcd533,espn_kaggle,Karl Vilips (a),Karl Vilips (a),,,,
player_d6e580e2673b,espn_kaggle,Christian Cavaliere (a),Christian Cavaliere (a),,,,
player_3ed8051bf00b,espn_kaggle,Wenyi Ding (a),Wenyi Ding (a),,,,
player_31763fef7dba,espn_kaggle,Alexander Yang (a),Alexander Yang (a),,,,
player_b3ba5cf76688,espn_kaggle,Isaac Simmons (a),Isaac Simmons (a),,,,
player_435a96863440,espn_kaggle,Brendan Valdes (a),Brendan Valdes (a),,,,
player_a23b7e58c36f,espn_kaggle,Ross Steelman,Ross Steelman,,,,
player_2152d1977ddd,espn_kaggle,Kyle Martin,Kyle Martin,,,,
player_55f0beaec5be,espn_kaggle,Andy Spencer,Andy Spencer,,,,
player_c290442c9a54,espn_kaggle,Tommy Kuhl,Tommy Kuhl,,,,
player_4981aa069623,espn_kaggle,Reid Martin,Reid Martin,,,,
player_b9a6d128a080,espn_kaggle,Jay Giannetto,Jay Giannetto,,,,
player_7ee102efd283,espn_kaggle,Anders Larson (a),Anders Larson (a),,,,
player_0d6e9266601d,espn_kaggle,Tom McKibbin,Tom McKibbin,,,,
player_892dc173d8b6,espn_kaggle,Dan Bradbury,Dan Bradbury,,,,
player_33f1186f7235,espn_kaggle,Nick Bachem,Nick Bachem,,,,
player_a376645e37a9,espn_kaggle,Nathan Kimsey,Nathan Kimsey,,,,
player_908d9da30e76,espn_kaggle,Adrien Saddier,Adrien Saddier,,,,
player_049d2c0cc29b,espn_kaggle,David Ravetto,David Ravetto,,,,
player_d47bcc826bf4,espn_kaggle,Louis de Jager,Louis de Jager,,,,
player_f3e7f4144f1c,espn_kaggle,Jayden Schaper,Jayden Schaper,,,,
player_a89c8ec5039e,espn_kaggle,John Axelsen,John Axelsen,,,,
player_b22e2bec1363,espn_kaggle,Niklas Norgaard,Niklas Norgaard,,,,
player_94e011ac1dc8,espn_kaggle,Mikael Lindberg,Mikael Lindberg,,,,
player_e2cf04cd6670,espn_kaggle,David Ford (a),David Ford (a),,,,
player_a7e2476369ca,espn_kaggle,Joshua Lee,Joshua Lee,,,,
player_c55beb0ed8d2,espn_kaggle,Martin Simonsen,Martin Simonsen,,,,
player_50cda3ccaf72,espn_kaggle,Daan Huizing,Daan Huizing,,,,
player_c1c0be0f8ff8,espn_kaggle,Pedro Figueiredo,Pedro Figueiredo,,,,
player_7d15edbf1424,espn_kaggle,Robin Sciot-Siegrist,Robin Sciot-Siegrist,,,,
player_40c01acd2451,espn_kaggle,Alexander Knappe,Alexander Knappe,,,,
player_bb1989a403bd,espn_kaggle,Oliver Hundebøll,Oliver Hundebøll,,,,
player_f6a8ab2824a4,espn_kaggle,Darius Van Driel,Darius Van Driel,,,,
player_bd9ecc097693,espn_kaggle,Manu Gandas,Manu Gandas,,,,
player_cfe63e59774b,espn_kaggle,Jeremy Freiburghaus,Jeremy Freiburghaus,,,,
player_651f4832e469,espn_kaggle,Todd Clements,Todd Clements,,,,
player_3e2b4f236c1b,espn_kaggle,Jesse Massie,Jesse Massie,,,,
player_926500c8ddfd,espn_kaggle,Jeong weon Ko,Jeong weon Ko,,,,
player_d8ce92520f45,espn_kaggle,Freddy Schott,Freddy Schott,,,,
player_5139d97d7d8f,espn_kaggle,Trey Cox,Trey Cox,,,,
player_1b70ad7e948f,espn_kaggle,Michael Stewart,Michael Stewart,,,,
player_9ab75718424a,espn_kaggle,Brandon Robinson Thompson,Brandon Robinson Thompson,,,,
player_66993c8b8564,espn_kaggle,Christo Lamprecht (a),Christo Lamprecht (a),,,,
player_a19e0e67526c,espn_kaggle,Kyungnam Kang,Kyungnam Kang,,,,
player_96d44a093159,espn_kaggle,Kazuki Yasumori,Kazuki Yasumori,,,,
player_23c48e613661,espn_kaggle,Jose Luis Ballester Barrio (a),Jose Luis Ballester Barrio (a),,,,
player_aa21fea6e0e5,espn_kaggle,Travis Smyth,Travis Smyth,,,,
player_6d19e69e2c1b,espn_kaggle,Seungsu Han,Seungsu Han,,,,
player_125d0b647764,espn_kaggle,Tiger Christensen (a),Tiger Christensen (a),,,,
player_15bf524174a0,espn_kaggle,Haydn Barron,Haydn Barron,,,,
player_b9ce9b4171e3,espn_kaggle,Alex Maguire (a),Alex Maguire (a),,,,
player_7f55d4c3c3dd,espn_kaggle,Connor McKinney,Connor McKinney,,,,
player_c1ba14cae7f9,espn_kaggle,Graeme Robertson,Graeme Robertson,,,,
player_6efc42abfcd9,espn_kaggle,Martin Rohwer,Martin Rohwer,,,,
player_d5200ee7d3fd,espn_kaggle,Kyle Barker,Kyle Barker,,,,
player_23ed12cb100f,espn_kaggle,Kensei Hirata,Kensei Hirata,,,,
player_c957b40e3ae0,espn_kaggle,Taichi Kho,Taichi Kho,,,,
player_beeff62c79b5,espn_kaggle,Thomas Lehman,Thomas Lehman,,,,
player_80231121c7d1,espn_kaggle,Derek Hitchner,Derek Hitchner,,,,
player_e37b21dbecde,espn_kaggle,Caleb Vanarragon (a),Caleb Vanarragon (a),,,,
player_5aa4861d22d0,espn_kaggle,Alex Gaugert,Alex Gaugert,,,,
player_ba75bf49372c,espn_kaggle,Eric Rolland,Eric Rolland,,,,
player_27d17e81067b,espn_kaggle,Noah Hofman,Noah Hofman,,,,
player_1f632bc1c581,espn_kaggle,Joey Lane,Joey Lane,,,,
player_6bcd5b2b41da,espn_kaggle,Jon Mayer,Jon Mayer,,,,
player_4615c3216a28,espn_kaggle,Blake Hathcoat,Blake Hathcoat,,,,
player_dff1d92187c7,espn_kaggle,Chase Sienkiewicz,Chase Sienkiewicz,,,,
player_68e39ecdd3c0,espn_kaggle,Ford Clegg,Ford Clegg,,,,
player_29aa4fa4e41c,espn_kaggle,Lexi Thompson,Lexi Thompson,,,,
player_83a3904940f0,espn_kaggle,Vijay Srinivasan,Vijay Srinivasan,,,,
player_3f8cf1a6166e,espn_kaggle,Billy Davis (a),Billy Davis (a),,,,
player_256937b08242,espn_kaggle,Hunter Epson,Hunter Epson,,,,
player_6c75d3f750a4,espn_kaggle,"George Bryan, IV","George Bryan, IV",,,,
player_ade1b6cf8079,espn_kaggle,Oliver Betschart (a),Oliver Betschart (a),,,,
player_06b0c3963898,espn_kaggle,Scott Roy,Scott Roy,,,,
player_ceb2c4531275,espn_kaggle,Eric West (a),Eric West (a),,,,
player_6a8dcaa1fcec,espn_kaggle,Maxwell Ford (a),Maxwell Ford (a),,,,
player_39ebad44f36b,espn_kaggle,Jacob Tilton,Jacob Tilton,,,,
player_f6b1ac14e819,espn_kaggle,"Blaine Hale, Jr.","Blaine Hale, Jr.",,,,
player_d8d208069458,espn_kaggle,Bryce Hendrix,Bryce Hendrix,,,,
player_9392cb2f2b49,espn_kaggle,Sudarshan Yellamaraju,Sudarshan Yellamaraju,,,,
player_00c020a19cd6,espn_kaggle,Chris Petefish,Chris Petefish,,,,
player_bfa321399f24,espn_kaggle,Alistair Docherty,Alistair Docherty,,,,
player_2c6e1fd0cfbc,espn_kaggle,Kevin Velo,Kevin Velo,,,,
player_6bd77e892747,espn_kaggle,Trey Winstead,Trey Winstead,,,,
player_98e4f7d6a640,espn_kaggle,Dylan Healey,Dylan Healey,,,,
player_902ea795103c,espn_kaggle,David Kocher,David Kocher,,,,
player_e37588156167,espn_kaggle,Thomas Walsh,Thomas Walsh,,,,
player_696b0e61e43b,espn_kaggle,Davis Lamb,Davis Lamb,,,,
player_8aaeb5c83c2e,espn_kaggle,Christian Banke,Christian Banke,,,,
player_351e8c06a163,espn_kaggle,Blake Elliott,Blake Elliott,,,,
player_d484099a6b23,espn_kaggle,Van Holmgren,Van Holmgren,,,,
player_19fbcab755fb,espn_kaggle,Brian Carlson,Brian Carlson,,,,
player_e8e7837c90ae,espn_kaggle,Taylor Dickson,Taylor Dickson,,,,
player_cdfb9dde8f72,espn_kaggle,Luke Long,Luke Long,,,,
player_9a9d1b715e98,espn_kaggle,Connor Burgess,Connor Burgess,,,,
player_be692671e735,espn_kaggle,Austin Hitt,Austin Hitt,,,,
player_f4869f606a48,espn_kaggle,Thomas Power Horan,Thomas Power Horan,,,,
player_dab83ff6f9da,espn_kaggle,Brendon Jelley,Brendon Jelley,,,,
player_fc016954b663,espn_kaggle,Connor Howe,Connor Howe,,,,
player_799127846499,espn_kaggle,Charlie Hillier,Charlie Hillier,,,,
player_3f0a51baa940,espn_kaggle,Reid Davenport,Reid Davenport,,,,
player_abfc1543c090,espn_kaggle,Thomas Giroux,Thomas Giroux,,,,
player_02338d4689b5,espn_kaggle,Tanner Gore,Tanner Gore,,,,
player_06eb9d2d4741,espn_kaggle,Ryan Davis,Ryan Davis,,,,
player_d33547096077,espn_kaggle,Caleb Hicks,Caleb Hicks,,,,
player_05627afb199f,espn_kaggle,Callum McNeill,Callum McNeill,,,,
player_d4a919ee2193,espn_kaggle,Mark Goetz,Mark Goetz,,,,
player_586c171a2fa3,espn_kaggle,Dillon Board,Dillon Board,,,,
player_0cd0a3a5cd63,espn_kaggle,Michael Feuerstein,Michael Feuerstein,,,,
player_85ca106af5f4,espn_kaggle,Chad Hambright,Chad Hambright,,,,
player_9bfd182cc3e2,espn_kaggle,James Swash,James Swash,,,,
player_0ad39aeec78d,espn_kaggle,Shun Yat Hak,Shun Yat Hak,,,,
player_c5fd22d7c1ce,espn_kaggle,Steven Fisk,Steven Fisk,,,,
player_b5fe37526ea0,espn_kaggle,Jeremy Paul,Jeremy Paul,,,,
player_ffcb7b0ad063,espn_kaggle,Sam Choi,Sam Choi,,,,
player_bef661525cd9,espn_kaggle,Rintaro Nakano (a),Rintaro Nakano (a),,,,
player_7f7fcf256b9a,espn_kaggle,Hunter Larson,Hunter Larson,,,,
player_6f8d182ebd3e,espn_kaggle,Nicolo Galletti,Nicolo Galletti,,,,
player_83965b8a6bb5,espn_kaggle,Santiago de la Fuente,Santiago de la Fuente,,,,
player_65206e3ad5b7,espn_kaggle,Austin Wylie,Austin Wylie,,,,
player_1516a0b73f3c,espn_kaggle,Ben Sigel,Ben Sigel,,,,
player_88a25fa6f12e,espn_kaggle,Renato Naula (a),Renato Naula (a),,,,
player_3a9b611de83d,espn_kaggle,Jackson Van Paris (a),Jackson Van Paris (a),,,,
player_be5f3ea2d4e0,espn_kaggle,Evan Harmeling,Evan Harmeling,,,,
player_1d3edc881768,espn_kaggle,Angel Ayora,Angel Ayora,,,,
player_43dd05b56c88,espn_kaggle,Justin Hastings (a),Justin Hastings (a),,,,
player_00650e4d91d4,espn_kaggle,Gareth Steyn (a),Gareth Steyn (a),,,,
player_473096020e6b,espn_kaggle,Julian Perico,Julian Perico,,,,
player_fc30458738ec,espn_kaggle,Evan Pena (a),Evan Pena (a),,,,
player_dd484bea243f,espn_kaggle,Kelvin Hernandez (a),Kelvin Hernandez (a),,,,
player_1ced05911435,espn_kaggle,Aram Yenidjeian,Aram Yenidjeian,,,,
player_508350fe246a,espn_kaggle,Kevin Aylwin,Kevin Aylwin,,,,
player_2fd5fc258b0f,espn_kaggle,David Bradshaw,David Bradshaw,,,,
player_ee5f569070b5,espn_kaggle,Emilio Gonzalez,Emilio Gonzalez,,,,
player_3cc1513b6e08,espn_kaggle,Joe Sullivan,Joe Sullivan,,,,
player_5ed44c8e6ecb,espn_kaggle,Alex Welch,Alex Welch,,,,
player_c1bd6ed5b1c4,espn_kaggle,Neal Shipley,Neal Shipley,,,,
player_95db4ba23add,espn_kaggle,Christo Lamprecht,Christo Lamprecht,,,,
player_aea531c54d52,espn_kaggle,Jasper Stubbs,Jasper Stubbs,,,,
player_6373ef02bba6,espn_kaggle,Brandon Berry,Brandon Berry,,,,
player_4184183d143d,espn_kaggle,Ryan Celano,Ryan Celano,,,,
player_8a4238ad06e5,espn_kaggle,Herman Wibe Sekne (a),Herman Wibe Sekne (a),,,,
player_57a9431f2f8f,espn_kaggle,Kris Kim (a),Kris Kim (a),,,,
player_7a0727b63df9,espn_kaggle,Brad Hopfinger,Brad Hopfinger,,,,
player_f0932d281c96,espn_kaggle,Blades Brown (a),Blades Brown (a),,,,
player_5a7d96b84b9a,espn_kaggle,Ryan Abbate (a),Ryan Abbate (a),,,,
player_e6415e3205b9,espn_kaggle,Jesper Svensson,Jesper Svensson,,,,
player_39a2ef2be07d,espn_kaggle,Evan Bowser,Evan Bowser,,,,
player_3fbfa7521225,espn_kaggle,Ryan van Velzen,Ryan van Velzen,,,,
player_e4249fcc37ab,espn_kaggle,Kazuma Kobori,Kazuma Kobori,,,,
player_a4fc86f30437,espn_kaggle,Josh Bevell,Josh Bevell,,,,
player_5ed251ed7003,espn_kaggle,Tracy Phillips,Tracy Phillips,,,,
player_266260bc503a,espn_kaggle,Preston Cole,Preston Cole,,,,
player_92c780d06d34,espn_kaggle,Jeff Kellen,Jeff Kellen,,,,
player_030aadffe0ea,espn_kaggle,Justin Matthews (a),Justin Matthews (a),,,,
player_a9c34ebb7e77,espn_kaggle,Cam Kellett,Cam Kellett,,,,
player_9286c327b3b0,espn_kaggle,Ashton McCulloch (a),Ashton McCulloch (a),,,,
player_315e6ff3907d,espn_kaggle,Marc-Olivier Plasse,Marc-Olivier Plasse,,,,
player_a730f9e4bccc,espn_kaggle,Jakob Chicoyne (a),Jakob Chicoyne (a),,,,
player_b64fe43fd010,espn_kaggle,Jake Lane,Jake Lane,,,,
player_518e2f0a8352,espn_kaggle,Jackson Koivun (a),Jackson Koivun (a),,,,
player_a6de4a63e2a5,espn_kaggle,Luke Clanton (a),Luke Clanton (a),,,,
player_23c5ae835347,espn_kaggle,Gunnar Broin (a),Gunnar Broin (a),,,,
player_ac57402af5da,espn_kaggle,Jackson Buchanan (a),Jackson Buchanan (a),,,,
player_14f25600f2d0,espn_kaggle,Ben James (a),Ben James (a),,,,
player_56ade82c7ad8,espn_kaggle,Frederik Kjettrup,Frederik Kjettrup,,,,
player_a18741950751,espn_kaggle,Bryan Kim (a),Bryan Kim (a),,,,
player_bee9c9d0d374,espn_kaggle,Taisei Shimizu,Taisei Shimizu,,,,
player_e895fa033a92,espn_kaggle,Parker Bell (a),Parker Bell (a),,,,
player_9242c4656fe2,espn_kaggle,Eugenio Chacarra,Eugenio Chacarra,,,,
player_8b4878678a54,espn_kaggle,Hiroshi Tai (a),Hiroshi Tai (a),,,,
player_ccc5179bfa3b,espn_kaggle,Michael McGowan,Michael McGowan,,,,
player_a51506802e0e,espn_kaggle,Wells Williams (a),Wells Williams (a),,,,
player_a6bea190ab34,espn_kaggle,Casey Jarvis,Casey Jarvis,,,,
player_417750f41822,espn_kaggle,Maxwell Moldovan,Maxwell Moldovan,,,,
player_af9a38ef1a7d,espn_kaggle,Colin Prater (a),Colin Prater (a),,,,
player_58d217ef93c9,espn_kaggle,Otto Black,Otto Black,,,,
player_2e1d7029d00c,espn_kaggle,Charlie Reiter,Charlie Reiter,,,,
player_a45c11316c6f,espn_kaggle,Michael Thorbjornsen,Michael Thorbjornsen,,,,
player_a58eb4662e9c,espn_kaggle,Miles Russell (a),Miles Russell (a),,,,
player_6c35b893335a,espn_kaggle,Nick Bienz,Nick Bienz,,,,
player_bfe5dc46557a,espn_kaggle,Angelo Giantsopoulos,Angelo Giantsopoulos,,,,
player_ef6092aff73c,espn_kaggle,Cole Sherwood,Cole Sherwood,,,,
player_fb83c37c27a6,espn_kaggle,Tracy Vest,Tracy Vest,,,,
player_abfaf8da09a0,espn_kaggle,Ugo Coussaud,Ugo Coussaud,,,,
player_380b4933279d,espn_kaggle,Cole Rueck (a),Cole Rueck (a),,,,
player_2b88bf7f012f,espn_kaggle,Spencer Cross,Spencer Cross,,,,
player_8899a3102619,espn_kaggle,Matthis Besard,Matthis Besard,,,,
player_b1393083d30a,espn_kaggle,Jacques Kruyswijk,Jacques Kruyswijk,,,,
player_1a73576c0e19,espn_kaggle,Tom Vaillant,Tom Vaillant,,,,
player_1f56d2500c77,espn_kaggle,Sebastian Friedrichsen,Sebastian Friedrichsen,,,,
player_e2ee2112db82,espn_kaggle,John Marshall Butler,John Marshall Butler,,,,
player_ee224571e216,espn_kaggle,Ivan Cantero,Ivan Cantero,,,,
player_68d39ec44d33,espn_kaggle,Manuel Elvira,Manuel Elvira,,,,
player_9513e03ae421,espn_kaggle,Lorenzo Scalise,Lorenzo Scalise,,,,
player_8f39f9fc9825,espn_kaggle,Guxin Chen,Guxin Chen,,,,
player_35cc6b271af9,espn_kaggle,Alex Goff,Alex Goff,,,,
player_47e3e7098022,espn_kaggle,Joel Girrbach,Joel Girrbach,,,,
player_4de45e400aec,espn_kaggle,Daniel Iceman,Daniel Iceman,,,,
player_7ae8d5f6c8e4,espn_kaggle,Sam Jones,Sam Jones,,,,
player_385462c1e5d8,espn_kaggle,Calum Scott (a),Calum Scott (a),,,,
player_482008e34abe,espn_kaggle,Tommy Morrison (a),Tommy Morrison (a),,,,
player_a7fa1c1c0b88,espn_kaggle,Jacob Skov Olesen,Jacob Skov Olesen,,,,
player_fc4a7ca2f1e5,espn_kaggle,Luis Masaveu (a),Luis Masaveu (a),,,,
player_5b2d5aea54c3,espn_kaggle,Jack McDonald,Jack McDonald,,,,
player_f6ef071792d0,espn_kaggle,Charlie Lindh,Charlie Lindh,,,,
player_ce08ef1f44ac,espn_kaggle,Elvis Smylie,Elvis Smylie,,,,
player_38306b01d99f,espn_kaggle,Matthew Dodd-Berry (a),Matthew Dodd-Berry (a),,,,
player_89866bdf279f,espn_kaggle,Altin Van Der Merwe,Altin Van Der Merwe,,,,
player_66a5d536bc16,espn_kaggle,Sam Hutsby,Sam Hutsby,,,,
player_74b004c2037b,espn_kaggle,Liam Nolan (a),Liam Nolan (a),,,,
player_6299ed3397a0,espn_kaggle,Dominic Clemons (a),Dominic Clemons (a),,,,
player_fcf175774943,espn_kaggle,Jaime Montojo (a),Jaime Montojo (a),,,,
player_0b10988e6d29,espn_kaggle,Denwit Boriboonsub,Denwit Boriboonsub,,,,
player_680536b9fcba,espn_kaggle,Guntaek Koh,Guntaek Koh,,,,
player_7e9d60211204,espn_kaggle,Ben Warian (a),Ben Warian (a),,,,
player_871cc43e3cc0,espn_kaggle,Jackson Markham,Jackson Markham,,,,
player_c0df2bf97447,espn_kaggle,Anthony Michael Maccaglia,Anthony Michael Maccaglia,,,,
player_a1fab9d14cf1,espn_kaggle,Tobias Jonsson (a),Tobias Jonsson (a),,,,
player_da2cd9835369,espn_kaggle,George Kneiser,George Kneiser,,,,
player_471e8f92a074,espn_kaggle,Steve Bogdanoff,Steve Bogdanoff,,,,
player_94f906398ba0,espn_kaggle,Johnny Keefer,Johnny Keefer,,,,
player_a01ff3cac81b,espn_kaggle,Wenyi Ding,Wenyi Ding,,,,
player_bd22a45a94e4,espn_kaggle,Jeffrey Guan,Jeffrey Guan,,,,
player_eb258e9eee88,espn_kaggle,Beck Burnette,Beck Burnette,,,,
player_59f92cb7ce35,espn_kaggle,Hunter Logan,Hunter Logan,,,,
player_a68a0afca383,espn_kaggle,Charlie Flynn,Charlie Flynn,,,,
player_f6b61f5c6188,espn_kaggle,Kihei Akina (a),Kihei Akina (a),,,,
player_7763f0bd7267,espn_kaggle,Chris Korte,Chris Korte,,,,
player_24737b0b1569,espn_kaggle,John Sand,John Sand,,,,
player_92b20a29ffd1,espn_kaggle,Zac Jones (a),Zac Jones (a),,,,
player_e3dd331aa4d6,espn_kaggle,Bowen Mauss (a),Bowen Mauss (a),,,,
player_7d730175e3fe,espn_kaggle,Ian Gilligan (a),Ian Gilligan (a),,,,
player_9f23ef0f5b9f,espn_kaggle,Erik Matthewson,Erik Matthewson,,,,
player_6cda02a7dd7f,espn_kaggle,Caden Fioroni (a),Caden Fioroni (a),,,,
player_bd51a94d2b6e,espn_kaggle,Yuta Sugiura,Yuta Sugiura,,,,
player_a702ca8346dc,espn_kaggle,Ren Yonezawa,Ren Yonezawa,,,,
player_e107b1ab806e,espn_kaggle,Takahiro Hataji,Takahiro Hataji,,,,
player_a25c62b8fd7d,espn_kaggle,Takashi Ogiso,Takashi Ogiso,,,,
player_031c110ec290,espn_kaggle,William Moll,William Moll,,,,
player_efa394bda579,espn_kaggle,Dylan Brack (a),Dylan Brack (a),,,,
player_d40f74edf283,espn_kaggle,Andrew Walker,Andrew Walker,,,,
player_a36009ddeee4,espn_kaggle,Connor Jones,Connor Jones,,,,
player_5938c14bdcd7,espn_kaggle,Egor Eroshenko,Egor Eroshenko,,,,
player_a127e8fc0d6f,espn_kaggle,Ethan Cairns,Ethan Cairns,,,,
player_4262140a094e,espn_kaggle,Drew Doyle,Drew Doyle,,,,
player_a0c27bdce719,espn_kaggle,Jacob Modleski (a),Jacob Modleski (a),,,,
player_77d91200b6ee,espn_kaggle,Francisco Bidé,Francisco Bidé,,,,
player_8502874faf58,espn_kaggle,Will Chandler,Will Chandler,,,,
player_2e68b76817bb,espn_kaggle,Matthew Riedel,Matthew Riedel,,,,
player_4576f237fce1,espn_kaggle,Jin Chung,Jin Chung,,,,
player_5ab5028077a6,espn_kaggle,Seung-taek Lee,Seung-taek Lee,,,,
player_c59d773d5d78,espn_kaggle,Joe Weiler,Joe Weiler,,,,
player_368d9b4638e9,espn_kaggle,Corey Shaun,Corey Shaun,,,,
player_ae7e2ae9804b,espn_kaggle,Nate Stember,Nate Stember,,,,
player_0f10cc8f6493,espn_kaggle,Jonas Baumgartner,Jonas Baumgartner,,,,
player_ca3542beada0,espn_kaggle,Rayhan Thomas,Rayhan Thomas,,,,
player_6b226f9797ae,espn_kaggle,Zach James,Zach James,,,,
player_72e2816d2455,espn_kaggle,John Greco,John Greco,,,,
player_98720de88f5c,espn_kaggle,Caleb VanArragon,Caleb VanArragon,,,,
player_d6ea1e69a522,espn_kaggle,Harry Hillier,Harry Hillier,,,,
player_a01bc98524c3,espn_kaggle,Marcus Plunkett,Marcus Plunkett,,,,
player_11b1dced289e,espn_kaggle,Andi Xu,Andi Xu,,,,
player_c68228ff9d33,espn_kaggle,Brandon Hoelzer,Brandon Hoelzer,,,,
player_1cd35afcef09,espn_kaggle,Sandy Scott,Sandy Scott,,,,
player_3b965e9d0c9d,espn_kaggle,Samuel Anderson,Samuel Anderson,,,,
player_c5b55806c08a,espn_kaggle,Gavin Cohen,Gavin Cohen,,,,
player_c2cb6a80791f,espn_kaggle,Tanner Napier,Tanner Napier,,,,
player_f26566fb389d,espn_kaggle,Runchanapong Youprayong,Runchanapong Youprayong,,,,
player_fa9c26198e07,espn_kaggle,Billy Tom Sargent,Billy Tom Sargent,,,,
player_ec5e151d040d,espn_kaggle,Luke Gifford,Luke Gifford,,,,
player_092f765d32ac,espn_kaggle,Bryce Lewis,Bryce Lewis,,,,
player_8aa00e62c989,espn_kaggle,Dylan Menante,Dylan Menante,,,,
player_9e182878edcb,espn_kaggle,Cameron Huss,Cameron Huss,,,,
player_51609b4bc00b,espn_kaggle,Kyle Cottam,Kyle Cottam,,,,
player_e45ea2718bb0,espn_kaggle,Charles Huntzinger,Charles Huntzinger,,,,
player_ed9d41903601,espn_kaggle,Ryan Burnett,Ryan Burnett,,,,
player_544e598b37d6,espn_kaggle,Petr Hruby,Petr Hruby,,,,
player_e73b39d83eba,espn_kaggle,Luis Gerardo Garza,Luis Gerardo Garza,,,,
player_67ffdcb75526,espn_kaggle,Pontus Nyholm,Pontus Nyholm,,,,
player_1cebf98263bc,espn_kaggle,Barend Botha,Barend Botha,,,,
player_dfa526811a6c,espn_kaggle,Evan Brown,Evan Brown,,,,
player_eb02078f5ec0,espn_kaggle,Davis Chatfield,Davis Chatfield,,,,
player_bbf637999615,espn_kaggle,Riley Lewis,Riley Lewis,,,,
player_6eaa1663fa5b,espn_kaggle,Owen Stamper,Owen Stamper,,,,
player_6c333a292dc1,espn_kaggle,Mateo Fernández de Oliveira,Mateo Fernández de Oliveira,,,,
player_9a64f48662e8,espn_kaggle,Lance Yates,Lance Yates,,,,
player_fd5752f0416f,espn_kaggle,John Houk,John Houk,,,,
player_583ca2d46901,espn_kaggle,Jake Scott,Jake Scott,,,,
player_75dc71690c78,espn_kaggle,Shad Tuten,Shad Tuten,,,,
player_4518bb4b02b0,espn_kaggle,Dawson Jones,Dawson Jones,,,,
player_61faf40e205a,espn_kaggle,Aman Gupta,Aman Gupta,,,,
player_a701ed1bf500,espn_kaggle,Jake Hall,Jake Hall,,,,
player_8e4fb2a2f5cd,espn_kaggle,Steffen Smith,Steffen Smith,,,,
player_f23e6dab5e59,espn_kaggle,David Longmire,David Longmire,,,,
player_59e9bc710253,espn_kaggle,David Perkins,David Perkins,,,,
player_d0f02fc0546f,espn_kaggle,John Houchin,John Houchin,,,,
player_56430922a552,espn_kaggle,Ashton Van Horne,Ashton Van Horne,,,,
player_d5c0a5c7f4bf,espn_kaggle,Thomas Rosenmueller,Thomas Rosenmueller,,,,
player_da8b3fda00c3,espn_kaggle,Luke Clanton,Luke Clanton,,,,
player_f90116c0306a,espn_kaggle,Tyler Loree (a),Tyler Loree (a),,,,
player_c2e5b4480719,espn_kaggle,Mao Matsuyama (a),Mao Matsuyama (a),,,,
player_c9bbdeaafcfd,espn_kaggle,Kelly Welsh,Kelly Welsh,,,,
player_ef22f3720535,espn_kaggle,Blades Brown,Blades Brown,,,,
player_98cc42a01b37,espn_kaggle,Cavin Mccall,Cavin Mccall,,,,
player_7062a042ee92,espn_kaggle,Jose Luis Ballester,Jose Luis Ballester,,,,
player_7114efdc2d48,espn_kaggle,Danny List,Danny List,,,,
player_eaa616b0fa78,espn_kaggle,Justin Hastings,Justin Hastings,,,,
player_a21d2a9d7e56,espn_kaggle,Karl Vilips,Karl Vilips,,,,
player_6a90789e41b6,espn_kaggle,José Cristóbal Islas,José Cristóbal Islas,,,,
player_442c1c2a91a5,espn_kaggle,Matthew Watkins,Matthew Watkins,,,,
player_bf994f7a5792,espn_kaggle,Gerardo Gomez (a),Gerardo Gomez (a),,,,
player_5aa73826d26d,espn_kaggle,Erich Fortlage (a),Erich Fortlage (a),,,,
player_50e27e11825e,espn_kaggle,Leandro Mihaich (a),Leandro Mihaich (a),,,,
player_29dd578ad6f2,espn_kaggle,Rasmus Neergaard-Petersen,Rasmus Neergaard-Petersen,,,,
player_1771ecd85630,espn_kaggle,Kieron Van Wyk,Kieron Van Wyk,,,,
player_d04416a1f2ee,espn_kaggle,Max Kennedy,Max Kennedy,,,,
player_05d8a57fb9b1,espn_kaggle,Ben Warian,Ben Warian,,,,
player_dfdb3047f807,espn_kaggle,Connor Williams (a),Connor Williams (a),,,,
player_d3cfe030c24f,espn_kaggle,Connor Creasy,Connor Creasy,,,,
player_c3d99d267e0c,espn_kaggle,Reinaldo Simoni (a),Reinaldo Simoni (a),,,,
player_50acda39eab4,espn_kaggle,Gustavo Rangel (a),Gustavo Rangel (a),,,,
player_93ea6a2d5a65,espn_kaggle,Andre Chi,Andre Chi,,,,
player_8484085603a6,espn_kaggle,Noah Kent (a),Noah Kent (a),,,,
player_77aa4318b731,espn_kaggle,Austen Christiansen,Austen Christiansen,,,,
player_e0d0cd1dd7f2,espn_kaggle,Preston Summerhays,Preston Summerhays,,,,
player_8edf968077bb,espn_kaggle,Blaine Hale Jr.,Blaine Hale Jr.,,,,
player_ddb235a24b48,espn_kaggle,Patrick Pockels,Patrick Pockels,,,,
player_3f590948d3b7,espn_kaggle,Evan Beck (a),Evan Beck (a),,,,
player_a7e96f491391,espn_kaggle,Ángel Cabrera,Ángel Cabrera,,,,
player_f37c55c0489e,espn_kaggle,Connor Doyal (a),Connor Doyal (a),,,,
player_c73a6fcd575d,espn_kaggle,Manuel Torres,Manuel Torres,,,,
player_92e55e172bff,espn_kaggle,Rodrigo Huerta (a),Rodrigo Huerta (a),,,,
player_0b283c83516e,espn_kaggle,Enrique Valverde (a),Enrique Valverde (a),,,,
player_3d6ab53cd24b,espn_kaggle,Seungbin Choi,Seungbin Choi,,,,
player_4d8fc751e8b8,espn_kaggle,Nathan Franks (a),Nathan Franks (a),,,,
player_8c55d4f0eb8a,espn_kaggle,Jackson Byrd (a),Jackson Byrd (a),,,,
player_b537086b9d1e,espn_kaggle,Austin Duncan,Austin Duncan,,,,
player_e4e2a532340b,espn_kaggle,George Duangmanee,George Duangmanee,,,,
player_8d596b368d3e,espn_kaggle,Zach Reuland,Zach Reuland,,,,
player_369fb67b2088,espn_kaggle,Randall Hudson,Randall Hudson,,,,
player_3537d8bc3dc8,espn_kaggle,Michael Kartrude,Michael Kartrude,,,,
player_1566112ec436,espn_kaggle,Eric Steger,Eric Steger,,,,
player_3f048314bd14,espn_kaggle,Timothy Wiseman,Timothy Wiseman,,,,
player_bebc3cd1336b,espn_kaggle,Rupe Taylor,Rupe Taylor,,,,
player_78660180567d,espn_kaggle,David Ford,David Ford,,,,
player_acc25bfc87c7,espn_kaggle,Tyler Mawhinney (a),Tyler Mawhinney (a),,,,
player_15166618e690,espn_kaggle,Cristian DiMarco,Cristian DiMarco,,,,
player_7a39a07e8b5c,espn_kaggle,Matthew Scobie,Matthew Scobie,,,,
player_fde40a6f682c,espn_kaggle,Gordon Sargent,Gordon Sargent,,,,
player_16cdf93b33fd,espn_kaggle,A.J. Ewart,A.J. Ewart,,,,
player_f10c3f5e9361,espn_kaggle,Hunter Thomson,Hunter Thomson,,,,
player_b8c264305d90,espn_kaggle,Wei-Hsuan Wang,Wei-Hsuan Wang,,,,
player_e8e1643ce682,espn_kaggle,Matthew Javier (a),Matthew Javier (a),,,,
player_65576f7e53da,espn_kaggle,Brett Webster,Brett Webster,,,,
player_6b8671fd072d,espn_kaggle,Josh Goldenberg,Josh Goldenberg,,,,
player_61a7a26c0f70,espn_kaggle,Mark Hoffman,Mark Hoffman,,,,
player_ef7a2b065db2,espn_kaggle,"Philip Barbaree, Jr.","Philip Barbaree, Jr.",,,,
player_0dcef8d50f35,espn_kaggle,Tyler Weaver (a),Tyler Weaver (a),,,,
player_6f8ec0b1e968,espn_kaggle,Frankie Harris (a),Frankie Harris (a),,,,
player_98afd6d46bc9,espn_kaggle,Michael La Sasso (a),Michael La Sasso (a),,,,
player_88b52b0ad7e4,espn_kaggle,Jackson Buchanan,Jackson Buchanan,,,,
player_9d5ed26cb51e,espn_kaggle,Emilio González,Emilio González,,,,
player_70c79f583e8e,espn_kaggle,Lance Simpson (a),Lance Simpson (a),,,,
player_f206ac27f26a,espn_kaggle,Joey Herrera,Joey Herrera,,,,
player_52c6f5530f22,espn_kaggle,Mason Howell (a),Mason Howell (a),,,,
player_4b374a43bdef,espn_kaggle,Frederic LaCroix,Frederic LaCroix,,,,
player_f99769f0d402,espn_kaggle,Cameron Tankersley (a),Cameron Tankersley (a),,,,
player_7a15fe32ed88,espn_kaggle,Harrison Ott,Harrison Ott,,,,
player_4e48ac02368f,espn_kaggle,Bryan Lee (a),Bryan Lee (a),,,,
player_f5b971209b70,espn_kaggle,Zachery Pollo (a),Zachery Pollo (a),,,,
player_f2b5a0825cc6,espn_kaggle,Grant Haefner,Grant Haefner,,,,
player_6e8f819dd48b,espn_kaggle,Trevor Gutschewski (a),Trevor Gutschewski (a),,,,
player_c70cd1581ffd,espn_kaggle,Matt Vogt (a),Matt Vogt (a),,,,
player_b6c8c3137df0,espn_kaggle,Joe Hooks,Joe Hooks,,,,
player_7f2b066a98e9,espn_kaggle,Brendan Valdes,Brendan Valdes,,,,
player_9d26dec6b498,espn_kaggle,Josh Radcliff,Josh Radcliff,,,,
player_e232dbc58375,espn_kaggle,Carson Herron,Carson Herron,,,,
player_7661ca013fd2,espn_kaggle,Martin Couvra,Martin Couvra,,,,
player_f2931cb3fe46,espn_kaggle,Wooyoung Cho,Wooyoung Cho,,,,
player_bbc724cc94f9,espn_kaggle,Dylan Naidoo,Dylan Naidoo,,,,
player_41b6d27d791c,espn_kaggle,Ryggs Johnston,Ryggs Johnston,,,,
player_4a53e7b48f8c,espn_kaggle,Hongtaek Kim,Hongtaek Kim,,,,
player_521b26ddb8bf,espn_kaggle,Conor Purcell,Conor Purcell,,,,
player_bd14260e4a40,espn_kaggle,Hamish Brown,Hamish Brown,,,,
player_f4e87ad1c928,espn_kaggle,Robin Williams,Robin Williams,,,,
player_1763784da394,espn_kaggle,Joel Moscatel Nachsh,Joel Moscatel Nachsh,,,,
player_9c0ee8d48623,espn_kaggle,Jannik De Bruyn,Jannik De Bruyn,,,,
player_b46dca563ac8,espn_kaggle,Brendon Michael Doyle,Brendon Michael Doyle,,,,
player_99e71444f892,espn_kaggle,Davis Bryant,Davis Bryant,,,,
player_e479303ae2e1,espn_kaggle,Björn Åkesson,Björn Åkesson,,,,
player_ea482e5a6311,espn_kaggle,Zihao Jin,Zihao Jin,,,,
player_ffffc6b45f64,espn_kaggle,Carson Johnson,Carson Johnson,,,,
player_66bc4755459c,espn_kaggle,Oliver Lindell,Oliver Lindell,,,,
player_3163f69973be,espn_kaggle,Ethan Fang (a),Ethan Fang (a),,,,
player_216af31db836,espn_kaggle,Cameron Adam,Cameron Adam,,,,
player_9e08ad605a3f,espn_kaggle,George Bloor,George Bloor,,,,
player_90d51bbcfc86,espn_kaggle,Daniel Young,Daniel Young,,,,
player_2d2ec2af17d0,espn_kaggle,OJ Farrell,OJ Farrell,,,,
player_cc7a50f8bf9c,espn_kaggle,Jesper Sandborg,Jesper Sandborg,,,,
player_c814bb7da889,espn_kaggle,Filip Jakubcik (a),Filip Jakubcik (a),,,,
player_5b03b72321f9,espn_kaggle,Frazer Jones (a),Frazer Jones (a),,,,
player_cb6b8639ac51,espn_kaggle,Ryan Peake,Ryan Peake,,,,
player_5cd76ea3f476,espn_kaggle,Sampson Zheng,Sampson Zheng,,,,
player_4602b21e04b8,espn_kaggle,Richard Teder (a),Richard Teder (a),,,,
player_f9a59af71fdf,espn_kaggle,Mikiya Akutsu,Mikiya Akutsu,,,,
player_df0f0a04bf35,espn_kaggle,Connor Graham (a),Connor Graham (a),,,,
player_b41ac7341ee2,espn_kaggle,Sebastian Cave (a),Sebastian Cave (a),,,,
player_ab880807a22d,espn_kaggle,Bryan Newman (a),Bryan Newman (a),,,,
player_abe8d9158e90,espn_kaggle,Preston Stout (a),Preston Stout (a),,,,
player_55e698304557,espn_kaggle,Max Herendeen (a),Max Herendeen (a),,,,
player_6cfeac2aee73,espn_kaggle,Thomas Campbell,Thomas Campbell,,,,
player_702ade51bb18,espn_kaggle,Stephen Franken,Stephen Franken,,,,
player_6ad0c3b214ed,espn_kaggle,Scotty Kennon,Scotty Kennon,,,,
player_752aed234c22,espn_kaggle,Tyler Watts (a),Tyler Watts (a),,,,
player_b1bd9800fc38,espn_kaggle,Sangha Park,Sangha Park,,,,
player_bf3290076e63,espn_kaggle,Matthew Adams,Matthew Adams,,,,
player_824a5fd8679e,espn_kaggle,Kye Meeks,Kye Meeks,,,,
player_d1271ebffd8b,espn_kaggle,Grant Landry,Grant Landry,,,,
player_04bb20574f39,espn_kaggle,Kota Kaneko,Kota Kaneko,,,,
player_58fa62c59a96,espn_kaggle,Takanori Konishi,Takanori Konishi,,,,
player_a213f355c18b,espn_kaggle,Tatsunori Shogenji,Tatsunori Shogenji,,,,
player_1f1eeb4bf46a,espn_kaggle,Taiga Kobayashi (a),Taiga Kobayashi (a),,,,
player_816ae5b83710,espn_kaggle,Michael Brennan,Michael Brennan,,,,
player_46ce23e03a48,espn_kaggle,Sebastian Moss,Sebastian Moss,,,,
player_3c86aa5cb47f,espn_kaggle,Carson Lundell,Carson Lundell,,,,
player_37c7ff89d3af,espn_kaggle,David Liechty (a),David Liechty (a),,,,
player_c638de3be15b,espn_kaggle,Alejandro Madariaga,Alejandro Madariaga,,,,
player_8fa99870254f,espn_kaggle,Omar Morales,Omar Morales,,,,
player_e1bd87752a6a,espn_kaggle,Garrett Sapp,Garrett Sapp,,,,
player_dda5befb34b8,espn_kaggle,Emilio Gil Leyva (a),Emilio Gil Leyva (a),,,,
player_7db6150294f9,espn_kaggle,Hogan Park (a),Hogan Park (a),,,,
player_5ec8bf3e155e,espn_kaggle,Hunter Wolcott,Hunter Wolcott,,,,
player_e0dc5061f68d,espn_kaggle,Jake Peacock,Jake Peacock,,,,
player_c02ca571b896,espn_kaggle,Will Haddrell (a),Will Haddrell (a),,,,
player_826a4b467402,espn_kaggle,Oscar Couilleau (a),Oscar Couilleau (a),,,,
player_6f2da832aa4b,espn_kaggle,Andrew Zielinski (a),Andrew Zielinski (a),,,,
player_487997c8aaf3,espn_kaggle,Henry Smart,Henry Smart,,,,
player_05ecfcfcbb62,espn_kaggle,Paul Ferrier,Paul Ferrier,,,,
player_99f53365514f,espn_kaggle,Matt Sanders,Matt Sanders,,,,
player_22fbe03bfb91,espn_kaggle,Mitchell Meissner,Mitchell Meissner,,,,
player_147adf1037d7,espn_kaggle,Nicholas Infanti,Nicholas Infanti,,,,
player_9487b293c29b,espn_kaggle,Ian Gilligan,Ian Gilligan,,,,
player_232cf5c71672,espn_kaggle,Vicente Marzilio,Vicente Marzilio,,,,
player_6648e6095d70,espn_kaggle,Chad Sewell,Chad Sewell,,,,
player_ae68eda01bc3,espn_kaggle,Dillon Stewart,Dillon Stewart,,,,
player_0cd8754d3d00,espn_kaggle,Marshall Meisel,Marshall Meisel,,,,
player_d698853fd32b,espn_kaggle,Hunter Eichhorn,Hunter Eichhorn,,,,
player_5858b0e08126,espn_kaggle,Chris Francoeur,Chris Francoeur,,,,
player_489c6db5f216,espn_kaggle,Jackson Van Paris,Jackson Van Paris,,,,
player_3d2edf383fd1,espn_kaggle,Luke Gutschewski,Luke Gutschewski,,,,
player_6333154bf3a1,espn_kaggle,Robbie Higgins,Robbie Higgins,,,,
player_0eeee87dabe0,espn_kaggle,Carson Bacha,Carson Bacha,,,,
player_b3a813e478d7,espn_kaggle,Jay Card III,Jay Card III,,,,
player_5d5214eaa053,espn_kaggle,Tyler Wilkes,Tyler Wilkes,,,,
player_6afaeaa9f889,espn_kaggle,Taehoon Ok,Taehoon Ok,,,,
player_7336a5aba3ee,espn_kaggle,Phichaksn Maichon,Phichaksn Maichon,,,,
player_4f863e372de9,espn_kaggle,Tyler Leach,Tyler Leach,,,,
player_0463728a3ff7,espn_kaggle,Beau Breault,Beau Breault,,,,
player_c7a3a2ca787d,espn_kaggle,Alex Vogelsong,Alex Vogelsong,,,,
player_4b287d985b11,espn_kaggle,Parker Holekamp,Parker Holekamp,,,,
player_16276d3f88ba,espn_kaggle,Ryan Elmore,Ryan Elmore,,,,
player_59a98cc6d725,espn_kaggle,Max Schliesing,Max Schliesing,,,,
player_81147ff0b3cd,espn_kaggle,Michael Graboyes,Michael Graboyes,,,,
player_7c3bbbe221d8,espn_kaggle,Greyson Leach,Greyson Leach,,,,
player_d721bfff44c2,espn_kaggle,Quentin Debove,Quentin Debove,,,,
player_5ac80891547f,espn_kaggle,Dan Erickson,Dan Erickson,,,,
player_34b99d812ae9,espn_kaggle,James Song,James Song,,,,
player_39a6ae236a2c,espn_kaggle,"Mark Lawrence, Jr","Mark Lawrence, Jr",,,,
player_4e186f467774,espn_kaggle,Eddy Lai,Eddy Lai,,,,
player_162423315d14,espn_kaggle,Jake Sollon,Jake Sollon,,,,
player_cd3a737c5cfd,espn_kaggle,Bastien Amat,Bastien Amat,,,,
player_053abdb8dcc4,espn_kaggle,Ethan Ng,Ethan Ng,,,,
player_00754a78b812,espn_kaggle,William Nottingham,William Nottingham,,,,
player_03c32e03e39a,espn_kaggle,Peyton Callens,Peyton Callens,,,,
player_e87d9f735159,espn_kaggle,Daniel Azallion,Daniel Azallion,,,,
player_49acbc21c44b,cbs_sports,Matthias Schmid,Matthias Schmid,,,,2026-07-17T18:30:43.112197Z
player_8bc05546cc18,cbs_sports,Nicolai Hojgaard,Nicolai Hojgaard,,,,2026-07-17T18:30:43.112197Z
player_49eb0abb097c,cbs_sports,Rasmus Hojgaard,Rasmus Hojgaard,,,,2026-07-17T18:30:43.112197Z
player_3f17485ac40d,cbs_sports,Hennie Du Plessis,Hennie Du Plessis,,,,2026-07-17T18:30:43.112197Z
player_959011fffd31,cbs_sports,Zachary Bauchou,Zachary Bauchou,,,,2026-07-17T18:30:43.112197Z
player_9042c7de51fb,cbs_sports,Jung-Hwan Lee,Jung-Hwan Lee,,,,2026-07-17T18:30:43.112197Z
player_62ea8a553121,cbs_sports,Seung-Bin Choi,Seung-Bin Choi,,,,2026-07-17T18:30:43.112197Z
player_b46d050ecd13,cbs_sports,Daniel Rodrigues,Daniel Rodrigues,,,,2026-07-17T18:30:43.112197Z
player_516c619ef8d5,cbs_sports,Yurav Premlall,Yurav Premlall,,,,2026-07-17T18:30:43.112197Z
player_39a19b2282f9,cbs_sports,Baekjun Kim,Baekjun Kim,,,,2026-07-17T18:30:43.112197Z
player_2be050c7aa83,cbs_sports,Felix Mory,Felix Mory,,,,2026-07-17T18:30:43.112197Z
player_468f6210f7d6,cbs_sports,Euan Walker,Euan Walker,,,,2026-07-17T18:30:43.112197Z
player_bf2f89dba858,cbs_sports,Oihan Guillamoundeguy,Oihan Guillamoundeguy,,,,2026-07-17T18:30:43.112197Z
player_f522cf6f44cd,cbs_sports,Hugo Townsend,Hugo Townsend,,,,2026-07-17T18:30:43.112197Z
player_cad2076928e8,cbs_sports,Maximilian Steinlechner,Maximilian Steinlechner,,,,2026-07-17T18:30:43.112197Z
player_223ecce1677f,cbs_sports,Ivan Cantero Gutierrez,Ivan Cantero Gutierrez,,,,2026-07-17T18:30:43.112197Z
player_e2f3e9b3423b,cbs_sports,Josiah Gilbert,Josiah Gilbert,,,,2026-07-17T18:30:43.112197Z
player_94b2e092cdf5,cbs_sports,Quim Vidal,Quim Vidal,,,,2026-07-17T18:30:43.112197Z
player_99c7c827ba41,cbs_sports,Sebastian Rodriguez Garcia,Sebastian Rodriguez Garcia,,,,2026-07-17T18:30:43.112197Z
player_fb4b5f8ab582,cbs_sports,Rocco Paolo Repetto Taylor,Rocco Paolo Repetto Taylor,,,,2026-07-17T18:30:43.112197Z
player_77f99d4ce6ef,cbs_sports,Joshua Berry,Joshua Berry,,,,2026-07-17T18:30:43.112197Z
player_598fde4384f8,cbs_sports,Jansen Preston,Jansen Preston,,,,2026-07-17T18:30:43.112197Z
player_4941b0ea11e1,cbs_sports,Ryan Voois,Ryan Voois,,,,2026-07-17T18:30:43.112197Z
player_d134895df1fa,cbs_sports,Patrick Adler,Patrick Adler,,,,2026-07-17T18:30:43.112197Z
player_c0fb10edd35c,cbs_sports,Ryder Cowan,Ryder Cowan,,,,2026-07-17T18:30:43.112197Z
player_cee3bed16ecc,cbs_sports,Marek Fleming,Marek Fleming,,,,2026-07-17T18:30:43.112197Z
player_879fc6eaa697,cbs_sports,Eric Lee,Eric Lee,,,,2026-07-17T18:30:43.112197Z
player_c90cda4c19dd,cbs_sports,Jack Schoenberger,Jack Schoenberger,,,,2026-07-17T18:30:43.112197Z
player_1f7e61cde68b,cbs_sports,Giuseppe Puebla,Giuseppe Puebla,,,,2026-07-17T18:30:43.112197Z
player_ffb52b1b0169,cbs_sports,Taihei Sato,Taihei Sato,,,,2026-07-17T18:30:43.112197Z
player_4f735777dc38,cbs_sports,Jackson Herrington,Jackson Herrington,,,,2026-07-17T18:30:43.112197Z
player_581c0002776f,cbs_sports,Brandon Holtz,Brandon Holtz,,,,2026-07-17T18:30:43.112197Z
player_0f7a038af321,cbs_sports,Mateo Pulcini,Mateo Pulcini,,,,2026-07-17T18:30:43.112197Z
player_6695336e06cb,cbs_sports,Logan Reilly,Logan Reilly,,,,2026-07-17T18:30:43.112197Z
player_91a78356639b,cbs_sports,Hamilton Coleman,Hamilton Coleman,,,,2026-07-17T18:30:43.112197Z
player_9905e892ab0e,cbs_sports,Vaughn Harber,Vaughn Harber,,,,2026-07-17T18:30:43.112197Z
player_9bef58b4a2a8,cbs_sports,Chase Kyes,Chase Kyes,,,,2026-07-17T18:30:43.112197Z
player_a608f9025061,cbs_sports,T.K. Kim,T.K. Kim,,,,2026-07-17T18:30:43.112197Z
player_1b30708d1016,cbs_sports,Matthew Robles,Matthew Robles,,,,2026-07-17T18:30:43.112197Z
player_db5a6205dbc8,cbs_sports,Jackson Ormond,Jackson Ormond,,,,2026-07-17T18:30:43.112197Z
player_2241ef9c6677,cbs_sports,Arni Sveinsson,Arni Sveinsson,,,,2026-07-17T18:30:43.112197Z
player_0320eb0305ff,cbs_sports,Calen Sanderson,Calen Sanderson,,,,2026-07-17T18:30:43.112197Z
player_73af9ca2c668,cbs_sports,Declan O'Donovan,Declan O'Donovan,,,,2026-07-17T18:30:43.112197Z
player_1aa3fa65c4ad,cbs_sports,Eric Zhao,Eric Zhao,,,,2026-07-17T18:30:43.112197Z
player_e26066fc569c,cbs_sports,Jeevan Sihota,Jeevan Sihota,,,,2026-07-17T18:30:43.112197Z
player_788788e5b7c4,cbs_sports,Dawson Lew,Dawson Lew,,,,2026-07-17T18:30:43.112197Z
player_c4849f6e6296,cbs_sports,Laurent Desmarchais,Laurent Desmarchais,,,,2026-07-17T18:30:43.112197Z
player_222b52963c49,cbs_sports,Albert Hansson,Albert Hansson,,,,2026-07-17T18:30:43.112197Z
player_61b8ef2f5180,cbs_sports,Yong-Jun Bae,Yong-Jun Bae,,,,2026-07-17T18:30:43.112197Z
player_b81f9d2d5dba,cbs_sports,William Sides,William Sides,,,,2026-07-17T18:30:43.112197Z
player_744fdaf65360,cbs_sports,Ronin Banerjee,Ronin Banerjee,,,,2026-07-17T18:30:43.112197Z
player_0d9af3737c83,cbs_sports,Kyoung-Hoon Lee,Kyoung-Hoon Lee,,,,2026-07-17T18:30:43.112197Z
player_3f20306096ad,cbs_sports,Alex Huang,Alex Huang,,,,2026-07-17T18:30:43.112197Z
player_5f3c029a1d29,cbs_sports,Adam Headley,Adam Headley,,,,2026-07-17T18:30:43.112197Z
player_2ce10badefeb,cbs_sports,Paul McClure,Paul McClure,,,,2026-07-17T18:30:43.112197Z
player_772b97e59f53,cbs_sports,Zach Haynes,Zach Haynes,,,,2026-07-17T18:30:43.112197Z
player_1aeb62c158c6,cbs_sports,Chris Gabriele,Chris Gabriele,,,,2026-07-17T18:30:43.112197Z
player_467ca107376b,cbs_sports,Derek Berg,Derek Berg,,,,2026-07-17T18:30:43.112197Z
player_314398a64c66,cbs_sports,Bryce Fisher,Bryce Fisher,,,,2026-07-17T18:30:43.112197Z
player_b83167d8e32f,cbs_sports,Grayson Wood,Grayson Wood,,,,2026-07-17T18:30:43.112197Z
player_0227ce8d924f,cbs_sports,Nicholas Marchese,Nicholas Marchese,,,,2026-07-17T18:30:43.112197Z
player_79ae8fd985a4,cbs_sports,Cooper Hrabak,Cooper Hrabak,,,,2026-07-17T18:30:43.112197Z
player_086c940fdfe4,cbs_sports,Frankie Capan,Frankie Capan,,,,2026-07-17T18:30:43.112197Z
player_3557c59aa28a,cbs_sports,Fifa Laopakdee,Fifa Laopakdee,,,,2026-07-17T18:30:43.112197Z
player_c914e589ead2,cbs_sports,Charlie Crockett,Charlie Crockett,,,,2026-07-17T18:30:43.112197Z
player_763227c77b01,cbs_sports,John Daly II,John Daly II,,,,2026-07-17T18:30:43.112197Z
player_b10e23ceb899,cbs_sports,Zhou Yanhan,Zhou Yanhan,,,,2026-07-17T18:30:43.112197Z
player_375c50a48285,cbs_sports,Carson Bertagnole,Carson Bertagnole,,,,2026-07-17T18:30:43.112197Z
player_16e87c496a1a,cbs_sports,Daniel Bennett,Daniel Bennett,,,,2026-07-17T18:30:43.112197Z
player_7d231a10b2bf,cbs_sports,Seungtaek Lee,Seungtaek Lee,,,,2026-07-17T18:30:43.112197Z
player_7edbcf446834,cbs_sports,Thomas Avant,Thomas Avant,,,,2026-07-17T18:30:43.112197Z
player_2f6c5ca01f88,cbs_sports,Taisei Nagasaki,Taisei Nagasaki,,,,2026-07-17T18:30:43.112197Z
player_02ed3a24d494,cbs_sports,Corey Kozuma,Corey Kozuma,,,,2026-07-17T18:30:43.112197Z
player_60ba065cb134,cbs_sports,Anson Cabello,Anson Cabello,,,,2026-07-17T18:30:43.112197Z
